Unity Editor version:    6000.0.28f1 (f336aca0cab5)
Branch:                  6000.0/staging
Build type:              Release
Batch mode:              YES
System name:             Linux
Distro version:          #36~24.04.1-Ubuntu SMP PREEMPT_DYNAMIC Wed Oct 15 15:45:17 UTC 2
Kernel version:          6.14.0-36-generic
Architecture:            x86_64
Window Protocol:         Wayland (XWayland)
Available memory:        15673 MB
Using pre-set license
Pro License: YES
The selected window backend is (null) 
Desktop is 2880 x 1800 @ 60 Hz
Initialize udev device monitor.

COMMAND LINE ARGUMENTS:
Unity
-adb2
-batchMode
-noUpm
-name
AssetImportWorker1
-projectPath
/home/lizakostina/mipt5/Unity/PvP Clicker 2
-logFile
Logs/AssetImportWorker1.log
-srvPort
36609
-job-worker-count
3
-background-job-worker-count
8
-asset-garbage-collectors
1
Successfully changed project path to: /home/lizakostina/mipt5/Unity/PvP Clicker 2

(Unity:637657): Gtk-CRITICAL **: 23:05:38.825: gtk_label_set_markup: assertion 'GTK_IS_LABEL (label)' failed

(Unity:637657): Gtk-CRITICAL **: 23:05:38.826: gtk_label_set_markup: assertion 'GTK_IS_LABEL (label)' failed
/home/lizakostina/mipt5/Unity/PvP Clicker 2
[UnityMemory] Configuration Parameters - Can be set up in boot.config
    "memorysetup-bucket-allocator-granularity=16"
    "memorysetup-bucket-allocator-bucket-count=8"
    "memorysetup-bucket-allocator-block-size=33554432"
    "memorysetup-bucket-allocator-block-count=8"
    "memorysetup-main-allocator-block-size=16777216"
    "memorysetup-thread-allocator-block-size=16777216"
    "memorysetup-gfx-main-allocator-block-size=16777216"
    "memorysetup-gfx-thread-allocator-block-size=16777216"
    "memorysetup-cache-allocator-block-size=4194304"
    "memorysetup-typetree-allocator-block-size=2097152"
    "memorysetup-profiler-bucket-allocator-granularity=16"
    "memorysetup-profiler-bucket-allocator-bucket-count=8"
    "memorysetup-profiler-bucket-allocator-block-size=33554432"
    "memorysetup-profiler-bucket-allocator-block-count=8"
    "memorysetup-profiler-allocator-block-size=16777216"
    "memorysetup-profiler-editor-allocator-block-size=1048576"
    "memorysetup-temp-allocator-size-main=16777216"
    "memorysetup-job-temp-allocator-block-size=2097152"
    "memorysetup-job-temp-allocator-block-size-background=1048576"
    "memorysetup-job-temp-allocator-reduction-small-platforms=262144"
    "memorysetup-allocator-temp-initial-block-size-main=262144"
    "memorysetup-allocator-temp-initial-block-size-worker=262144"
    "memorysetup-temp-allocator-size-background-worker=32768"
    "memorysetup-temp-allocator-size-job-worker=262144"
    "memorysetup-temp-allocator-size-preload-manager=33554432"
    "memorysetup-temp-allocator-size-nav-mesh-worker=65536"
    "memorysetup-temp-allocator-size-audio-worker=65536"
    "memorysetup-temp-allocator-size-cloud-worker=32768"
    "memorysetup-temp-allocator-size-gi-baking-worker=262144"
    "memorysetup-temp-allocator-size-gi-baking-worker=262144"
    "memorysetup-temp-allocator-size-gi-baking-worker=262144"
    "memorysetup-temp-allocator-size-gi-baking-worker=262144"
    "memorysetup-temp-allocator-size-gi-baking-worker=262144"
    "memorysetup-temp-allocator-size-gfx=262144"
Player connection [139214400058688]  Target information:

Player connection [139214400058688]  * "[IP] 192.168.118.189 [Port] 0 [Flags] 2 [Guid] 3335955639 [EditorId] 3335955639 [Version] 1048832 [Id] LinuxEditor(16,192.168.118.189) [Debug] 1 [PackageName] LinuxEditor [ProjectName] Editor" 

Player connection [139214400058688]  * "[IP] 172.23.0.1 [Port] 0 [Flags] 2 [Guid] 3335955639 [EditorId] 3335955639 [Version] 1048832 [Id] LinuxEditor(16,192.168.118.189) [Debug] 1 [PackageName] LinuxEditor [ProjectName] Editor" 

Player connection [139214400058688]  * "[IP] 172.17.0.1 [Port] 0 [Flags] 2 [Guid] 3335955639 [EditorId] 3335955639 [Version] 1048832 [Id] LinuxEditor(16,192.168.118.189) [Debug] 1 [PackageName] LinuxEditor [ProjectName] Editor" 

Player connection [139214400058688]  * "[IP] 172.30.0.1 [Port] 0 [Flags] 2 [Guid] 3335955639 [EditorId] 3335955639 [Version] 1048832 [Id] LinuxEditor(16,192.168.118.189) [Debug] 1 [PackageName] LinuxEditor [ProjectName] Editor" 

Player connection [139214400058688]  * "[IP] 172.19.0.1 [Port] 0 [Flags] 2 [Guid] 3335955639 [EditorId] 3335955639 [Version] 1048832 [Id] LinuxEditor(16,192.168.118.189) [Debug] 1 [PackageName] LinuxEditor [ProjectName] Editor" 

Player connection [139214400058688]  * "[IP] 172.31.0.1 [Port] 0 [Flags] 2 [Guid] 3335955639 [EditorId] 3335955639 [Version] 1048832 [Id] LinuxEditor(16,192.168.118.189) [Debug] 1 [PackageName] LinuxEditor [ProjectName] Editor" 

Player connection [139214400058688]  * "[IP] 172.28.0.1 [Port] 0 [Flags] 2 [Guid] 3335955639 [EditorId] 3335955639 [Version] 1048832 [Id] LinuxEditor(16,192.168.118.189) [Debug] 1 [PackageName] LinuxEditor [ProjectName] Editor" 

Player connection [139214400058688]  * "[IP] 172.26.0.1 [Port] 0 [Flags] 2 [Guid] 3335955639 [EditorId] 3335955639 [Version] 1048832 [Id] LinuxEditor(16,192.168.118.189) [Debug] 1 [PackageName] LinuxEditor [ProjectName] Editor" 

Player connection [139214400058688]  * "[IP] 172.22.0.1 [Port] 0 [Flags] 2 [Guid] 3335955639 [EditorId] 3335955639 [Version] 1048832 [Id] LinuxEditor(16,192.168.118.189) [Debug] 1 [PackageName] LinuxEditor [ProjectName] Editor" 

Player connection [139214400058688]  * "[IP] 192.168.0.1 [Port] 0 [Flags] 2 [Guid] 3335955639 [EditorId] 3335955639 [Version] 1048832 [Id] LinuxEditor(16,192.168.118.189) [Debug] 1 [PackageName] LinuxEditor [ProjectName] Editor" 

Unable to join player connection multicast group (err: 98).
Unable to join player connection alternative multicast group (err: 98).
JobSystem: Creating JobQueue using job-worker-count value 3
[Physics::Module] Initialized fallback backend.
[Physics::Module] Id: 0xdecafbad
Library Redirect Path: Library/
[Physics::Module] Selected backend.
[Physics::Module] Name: PhysX
[Physics::Module] Id: 0xf2b8ea05
[Physics::Module] SDK Version: 4.1.2
[Physics::Module] Integration Version: 1.0.0
[Physics::Module] Threading Mode: Multi-Threaded
Refreshing native plugins compatible for Editor in 0,79 ms, found 1 plugins.
Preloading 0 native plugins for Editor in 0,00 ms.
Initialize engine version: 6000.0.28f1 (f336aca0cab5)
[Subsystems] Discovering subsystems at path /home/lizakostina/Unity/Hub/Editor/6000.0.28f1/Editor/Data/Resources/UnitySubsystems
[Subsystems] Discovering subsystems at path /home/lizakostina/mipt5/Unity/PvP Clicker 2/Assets
kGfxThreadingModeNonThreaded is not supported on OpenGL Core. Reverting to kGfxThreadingModeDirect instead.
GfxDevice: creating device client; kGfxThreadingModeDirect
GLX Extensions: GLX_ARB_context_flush_control GLX_ARB_create_context GLX_ARB_create_context_no_error GLX_ARB_create_context_profile GLX_ARB_create_context_robustness GLX_ARB_fbconfig_float GLX_ARB_framebuffer_sRGB GLX_ARB_get_proc_address GLX_ARB_multisample GLX_EXT_buffer_age GLX_EXT_create_context_es2_profile GLX_EXT_create_context_es_profile GLX_EXT_fbconfig_packed_float GLX_EXT_framebuffer_sRGB GLX_EXT_no_config_context GLX_EXT_swap_control GLX_EXT_swap_control_tear GLX_EXT_texture_from_pixmap GLX_EXT_visual_info GLX_EXT_visual_rating GLX_MESA_copy_sub_buffer GLX_MESA_gl_interop GLX_MESA_query_renderer GLX_MESA_swap_control GLX_OML_sync_control GLX_SGIS_multisample GLX_SGIX_fbconfig GLX_SGIX_pbuffer GLX_SGIX_visual_select_group GLX_SGI_make_current_read GLX_SGI_video_sync 
Renderer: Mesa Intel(R) Iris(R) Xe Graphics (TGL GT2)
Vendor:   Intel
Version:  4.6 (Core Profile) Mesa 25.0.7-0ubuntu0.24.04.2
GLES:     0
 GL_3DFX_texture_compression_FXT1 GL_AMD_conservative_depth GL_AMD_depth_clamp_separate GL_AMD_draw_buffers_blend GL_AMD_gpu_shader_int64 GL_AMD_multi_draw_indirect GL_AMD_performance_monitor GL_AMD_pinned_memory GL_AMD_query_buffer_object GL_AMD_seamless_cubemap_per_texture GL_AMD_shader_stencil_export GL_AMD_shader_trinary_minmax GL_AMD_texture_texture4 GL_AMD_vertex_shader_layer GL_AMD_vertex_shader_viewport_index GL_ANGLE_texture_compression_dxt3 GL_ANGLE_texture_compression_dxt5 GL_ARB_ES2_compatibility GL_ARB_ES3_1_compatibility GL_ARB_ES3_2_compatibility GL_ARB_ES3_compatibility GL_ARB_arrays_of_arrays GL_ARB_base_instance GL_ARB_blend_func_extended GL_ARB_buffer_storage GL_ARB_clear_buffer_object GL_ARB_clear_texture GL_ARB_clip_control GL_ARB_compressed_texture_pixel_storage GL_ARB_compute_shader GL_ARB_compute_variable_group_size GL_ARB_conditional_render_inverted GL_ARB_conservative_depth GL_ARB_copy_buffer GL_ARB_copy_image GL_ARB_cull_distance GL_ARB_debug_output GL_ARB_depth_buffer_float GL_ARB
_depth_clamp GL_ARB_derivative_control GL_ARB_direct_state_access GL_ARB_draw_buffers GL_ARB_draw_buffers_blend GL_ARB_draw_elements_base_vertex GL_ARB_draw_indirect GL_ARB_draw_instanced GL_ARB_enhanced_layouts GL_ARB_explicit_attrib_location GL_ARB_explicit_uniform_location GL_ARB_fragment_coord_conventions GL_ARB_fragment_layer_viewport GL_ARB_fragment_shader GL_ARB_fragment_shader_interlock GL_ARB_framebuffer_no_attachments GL_ARB_framebuffer_object GL_ARB_framebuffer_sRGB GL_ARB_get_program_binary GL_ARB_get_texture_sub_image GL_ARB_gl_spirv GL_ARB_gpu_shader5 GL_ARB_gpu_shader_fp64 GL_ARB_gpu_shader_int64 GL_ARB_half_float_pixel GL_ARB_half_float_vertex GL_ARB_indirect_parameters GL_ARB_instanced_arrays GL_ARB_internalformat_query GL_ARB_internalformat_query2 GL_ARB_invalidate_subdata GL_ARB_map_buffer_alignment GL_ARB_map_buffer_range GL_ARB_multi_bind GL_ARB_multi_draw_indirect GL_ARB_occlusion_query2 GL_ARB_parallel_shader_compile GL_ARB_pipeline_statistics_query GL_ARB_pixel_buffer_object GL_ARB_po
int_sprite GL_ARB_polygon_offset_clamp GL_ARB_post_depth_coverage GL_ARB_program_interface_query GL_ARB_provoking_vertex GL_ARB_query_buffer_object GL_ARB_robust_buffer_access_behavior GL_ARB_robustness GL_ARB_sample_shading GL_ARB_sampler_objects GL_ARB_seamless_cube_map GL_ARB_seamless_cubemap_per_texture GL_ARB_separate_shader_objects GL_ARB_shader_atomic_counter_ops GL_ARB_shader_atomic_counters GL_ARB_shader_ballot GL_ARB_shader_bit_encoding GL_ARB_shader_clock GL_ARB_shader_draw_parameters GL_ARB_shader_group_vote GL_ARB_shader_image_load_store GL_ARB_shader_image_size GL_ARB_shader_objects GL_ARB_shader_precision GL_ARB_shader_stencil_export GL_ARB_shader_storage_buffer_object GL_ARB_shader_subroutine GL_ARB_shader_texture_image_samples GL_ARB_shader_texture_lod GL_ARB_shader_viewport_layer_array GL_ARB_shading_language_420pack GL_ARB_shading_language_include GL_ARB_shading_language_packing GL_ARB_spirv_extensions GL_ARB_stencil_texturing GL_ARB_sync GL_ARB_tessellation_shader GL_ARB_texture_barrier G
L_ARB_texture_border_clamp GL_ARB_texture_buffer_object GL_ARB_texture_buffer_object_rgb32 GL_ARB_texture_buffer_range GL_ARB_texture_compression_bptc GL_ARB_texture_compression_rgtc GL_ARB_texture_cube_map_array GL_ARB_texture_filter_anisotropic GL_ARB_texture_float GL_ARB_texture_gather GL_ARB_texture_mirror_clamp_to_edge GL_ARB_texture_multisample GL_ARB_texture_non_power_of_two GL_ARB_texture_query_levels GL_ARB_texture_query_lod GL_ARB_texture_rectangle GL_ARB_texture_rg GL_ARB_texture_rgb10_a2ui GL_ARB_texture_stencil8 GL_ARB_texture_storage GL_ARB_texture_storage_multisample GL_ARB_texture_swizzle GL_ARB_texture_view GL_ARB_timer_query GL_ARB_transform_feedback2 GL_ARB_transform_feedback3 GL_ARB_transform_feedback_instanced GL_ARB_transform_feedback_overflow_query GL_ARB_uniform_buffer_object GL_ARB_vertex_array_bgra GL_ARB_vertex_array_object GL_ARB_vertex_attrib_64bit GL_ARB_vertex_attrib_binding GL_ARB_vertex_buffer_object GL_ARB_vertex_shader GL_ARB_vertex_type_10f_11f_11f_rev GL_ARB_vertex_type_2
_10_10_10_rev GL_ARB_viewport_array GL_ATI_blend_equation_separate GL_ATI_texture_float GL_EXT_EGL_image_storage GL_EXT_EGL_image_storage_compression GL_EXT_EGL_sync GL_EXT_abgr GL_EXT_blend_equation_separate GL_EXT_debug_label GL_EXT_demote_to_helper_invocation GL_EXT_depth_bounds_test GL_EXT_draw_buffers2 GL_EXT_draw_instanced GL_EXT_framebuffer_blit GL_EXT_framebuffer_multisample GL_EXT_framebuffer_multisample_blit_scaled GL_EXT_framebuffer_object GL_EXT_framebuffer_sRGB GL_EXT_memory_object GL_EXT_memory_object_fd GL_EXT_packed_depth_stencil GL_EXT_packed_float GL_EXT_pixel_buffer_object GL_EXT_polygon_offset_clamp GL_EXT_provoking_vertex GL_EXT_semaphore GL_EXT_semaphore_fd GL_EXT_shader_framebuffer_fetch GL_EXT_shader_framebuffer_fetch_non_coherent GL_EXT_shader_integer_mix GL_EXT_shader_samples_identical GL_EXT_texture_array GL_EXT_texture_compression_dxt1 GL_EXT_texture_compression_rgtc GL_EXT_texture_compression_s3tc GL_EXT_texture_filter_anisotropic GL_EXT_texture_integer GL_EXT_texture_sRGB GL_EXT
_texture_sRGB_R8 GL_EXT_texture_sRGB_decode GL_EXT_texture_shadow_lod GL_EXT_texture_shared_exponent GL_EXT_texture_snorm GL_EXT_texture_storage GL_EXT_texture_swizzle GL_EXT_timer_query GL_EXT_transform_feedback GL_EXT_vertex_array_bgra GL_EXT_vertex_attrib_64bit GL_IBM_multimode_draw_arrays GL_INTEL_blackhole_render GL_INTEL_conservative_rasterization GL_INTEL_performance_query GL_INTEL_shader_atomic_float_minmax GL_INTEL_shader_integer_functions2 GL_KHR_blend_equation_advanced GL_KHR_blend_equation_advanced_coherent GL_KHR_context_flush_control GL_KHR_debug GL_KHR_no_error GL_KHR_parallel_shader_compile GL_KHR_robust_buffer_access_behavior GL_KHR_robustness GL_KHR_texture_compression_astc_ldr GL_KHR_texture_compression_astc_sliced_3d GL_MESA_framebuffer_flip_y GL_MESA_pack_invert GL_MESA_shader_integer_functions GL_MESA_texture_const_bandwidth GL_MESA_texture_signed_rgba GL_NV_alpha_to_coverage_dither_control GL_NV_compute_shader_derivatives GL_NV_conditional_render GL_NV_copy_image GL_NV_depth_clamp GL_N
V_fragment_shader_interlock GL_NV_packed_depth_stencil GL_NV_texture_barrier GL_OES_EGL_image GL_S3_s3tc
OPENGL LOG: Creating OpenGL 4.6 graphics device ; Context level  <OpenGL 4.5> ; Context handle 2046001200
Shader Hidden/ProbeVolume/VoxelizeScene is not supported: GPU does not support conservative rasterization
Initialize mono
Mono path[0] = '/home/lizakostina/Unity/Hub/Editor/6000.0.28f1/Editor/Data/Managed'
Mono path[1] = '/home/lizakostina/Unity/Hub/Editor/6000.0.28f1/Editor/Data/MonoBleedingEdge/lib/mono/unityjit-linux'
Mono config path = '/home/lizakostina/Unity/Hub/Editor/6000.0.28f1/Editor/Data/MonoBleedingEdge/etc'
Using monoOptions --debugger-agent=transport=dt_socket,embedding=1,server=y,suspend=n,address=127.0.0.1:56657
Begin MonoManager ReloadAssembly
Registering precompiled unity dll's ...
Register platform support module: /home/lizakostina/Unity/Hub/Editor/6000.0.28f1/Editor/Data/PlaybackEngines/LinuxStandaloneSupport/UnityEditor.LinuxStandalone.Extensions.dll
Registered in 0,001568 seconds.
- Loaded All Assemblies, in  0,378 seconds
Native extension for LinuxStandalone target not found
Mono: successfully reloaded assembly
- Finished resetting the current domain, in  0,490 seconds
Domain Reload Profiling: 869ms
	BeginReloadAssembly (87ms)
		ExecutionOrderSort (0ms)
		DisableScriptedObjects (0ms)
		BackupInstance (0ms)
		ReleaseScriptingObjects (0ms)
		CreateAndSetChildDomain (1ms)
	RebuildCommonClasses (41ms)
	RebuildNativeTypeToScriptingClass (9ms)
	initialDomainReloadingComplete (57ms)
	LoadAllAssembliesAndSetupDomain (185ms)
		LoadAssemblies (86ms)
		RebuildTransferFunctionScriptingTraits (0ms)
		AnalyzeDomain (182ms)
			TypeCache.Refresh (180ms)
				TypeCache.ScanAssembly (161ms)
			BuildScriptInfoCaches (0ms)
			ResolveRequiredComponents (0ms)
	FinalizeReload (491ms)
		ReleaseScriptCaches (0ms)
		RebuildScriptCaches (0ms)
		SetupLoadedEditorAssemblies (425ms)
			LogAssemblyErrors (0ms)
			InitializePlatformSupportModulesInManaged (31ms)
			SetLoadedEditorAssemblies (9ms)
			BeforeProcessingInitializeOnLoad (7ms)
			ProcessInitializeOnLoadAttributes (289ms)
			ProcessInitializeOnLoadMethodAttributes (87ms)
			AfterProcessingInitializeOnLoad (3ms)
			EditorAssembliesLoaded (0ms)
		ExecutionOrderSort2 (0ms)
		AwakeInstancesAfterBackupRestoration (0ms)
========================================================================
Worker process is ready to serve import requests
Import Worker Mode flag is 0x00
Begin MonoManager ReloadAssembly
- Loaded All Assemblies, in  1,156 seconds
Refreshing native plugins compatible for Editor in 0,46 ms, found 1 plugins.
Native extension for LinuxStandalone target not found
Mirror | mirror-networking.com | discord.gg/N9QVxbM
Edgegap requires Json.NET to be imported to function. To import Json.NET navigate to Window -> Package Manager -> Click the + symbol and choose 'Add package by name' -> com.unity.nuget.newtonsoft-json -> Leave version blank and click Add. If you are not currently using Edgegap you may ignore this message.
UnityEngine.Debug:ExtractStackTraceNoAlloc (byte*,int,string)
UnityEngine.StackTraceUtility:ExtractStackTrace () (at /home/bokken/build/output/unity/unity/Runtime/Export/Scripting/StackTrace.cs:37)
UnityEngine.DebugLogHandler:Internal_Log (UnityEngine.LogType,UnityEngine.LogOption,string,UnityEngine.Object)
UnityEngine.DebugLogHandler:LogFormat (UnityEngine.LogType,UnityEngine.Object,string,object[])
UnityEngine.Logger:Log (UnityEngine.LogType,object)
UnityEngine.Debug:LogWarning (object)
Newtonsoft.Json.FallbackDisplayer:Initialize () (at Assets/Mirror/Hosting/Edgegap/Newtonsoft_Package_Patch.cs:47)
System.Reflection.RuntimeMethodInfo:Invoke (object,System.Reflection.BindingFlags,System.Reflection.Binder,object[],System.Globalization.CultureInfo)
System.Reflection.MethodBase:Invoke (object,object[])
UnityEditor.EditorAssemblies:ProcessInitializeOnLoadMethodAttributes () (at /home/bokken/build/output/unity/unity/Editor/Mono/EditorAssemblies.cs:142)

(Filename: Assets/Mirror/Hosting/Edgegap/Newtonsoft_Package_Patch.cs Line: 47)

Mono: successfully reloaded assembly
- Finished resetting the current domain, in  1,255 seconds
Domain Reload Profiling: 2410ms
	BeginReloadAssembly (376ms)
		ExecutionOrderSort (0ms)
		DisableScriptedObjects (6ms)
		BackupInstance (0ms)
		ReleaseScriptingObjects (0ms)
		CreateAndSetChildDomain (39ms)
	RebuildCommonClasses (42ms)
	RebuildNativeTypeToScriptingClass (7ms)
	initialDomainReloadingComplete (45ms)
	LoadAllAssembliesAndSetupDomain (683ms)
		LoadAssemblies (333ms)
		RebuildTransferFunctionScriptingTraits (0ms)
		AnalyzeDomain (405ms)
			TypeCache.Refresh (265ms)
				TypeCache.ScanAssembly (243ms)
			BuildScriptInfoCaches (113ms)
			ResolveRequiredComponents (22ms)
	FinalizeReload (1256ms)
		ReleaseScriptCaches (0ms)
		RebuildScriptCaches (0ms)
		SetupLoadedEditorAssemblies (925ms)
			LogAssemblyErrors (0ms)
			InitializePlatformSupportModulesInManaged (4ms)
			SetLoadedEditorAssemblies (6ms)
			BeforeProcessingInitializeOnLoad (92ms)
			ProcessInitializeOnLoadAttributes (665ms)
			ProcessInitializeOnLoadMethodAttributes (147ms)
			AfterProcessingInitializeOnLoad (11ms)
			EditorAssembliesLoaded (0ms)
		ExecutionOrderSort2 (0ms)
		AwakeInstancesAfterBackupRestoration (5ms)
Shader Hidden/ProbeVolume/VoxelizeScene is not supported: GPU does not support conservative rasterization
AutoLocale: current locale expects 'C' but got 'ru_RU.UTF-8'
Launched and connected shader compiler UnityShaderCompiler after 0.02 seconds
Refreshing native plugins compatible for Editor in 0.51 ms, found 1 plugins.
Preloading 0 native plugins for Editor in 0.00 ms.
Unloading 224 Unused Serialized files (Serialized files now loaded: 0)
Unloading 7243 unused Assets / (5.9 MB). Loaded Objects now: 8100.
Memory consumption went from 197.2 MB to 191.2 MB.
Total: 13.104166 ms (FindLiveObjects: 0.728154 ms CreateObjectMapping: 0.931509 ms MarkObjects: 7.296079 ms  DeleteObjects: 4.147242 ms)

========================================================================
Received Prepare
Begin MonoManager ReloadAssembly
- Loaded All Assemblies, in  0.939 seconds
Refreshing native plugins compatible for Editor in 0.87 ms, found 1 plugins.
Native extension for LinuxStandalone target not found
Mono: successfully reloaded assembly
- Finished resetting the current domain, in  1.628 seconds
Domain Reload Profiling: 2570ms
	BeginReloadAssembly (220ms)
		ExecutionOrderSort (0ms)
		DisableScriptedObjects (23ms)
		BackupInstance (0ms)
		ReleaseScriptingObjects (0ms)
		CreateAndSetChildDomain (82ms)
	RebuildCommonClasses (44ms)
	RebuildNativeTypeToScriptingClass (11ms)
	initialDomainReloadingComplete (31ms)
	LoadAllAssembliesAndSetupDomain (635ms)
		LoadAssemblies (377ms)
		RebuildTransferFunctionScriptingTraits (0ms)
		AnalyzeDomain (319ms)
			TypeCache.Refresh (12ms)
				TypeCache.ScanAssembly (0ms)
			BuildScriptInfoCaches (283ms)
			ResolveRequiredComponents (20ms)
	FinalizeReload (1629ms)
		ReleaseScriptCaches (0ms)
		RebuildScriptCaches (0ms)
		SetupLoadedEditorAssemblies (1157ms)
			LogAssemblyErrors (0ms)
			InitializePlatformSupportModulesInManaged (4ms)
			SetLoadedEditorAssemblies (6ms)
			BeforeProcessingInitializeOnLoad (86ms)
			ProcessInitializeOnLoadAttributes (930ms)
			ProcessInitializeOnLoadMethodAttributes (123ms)
			AfterProcessingInitializeOnLoad (6ms)
			EditorAssembliesLoaded (1ms)
		ExecutionOrderSort2 (0ms)
		AwakeInstancesAfterBackupRestoration (13ms)
Shader Hidden/ProbeVolume/VoxelizeScene is not supported: GPU does not support conservative rasterization
Refreshing native plugins compatible for Editor in 0.50 ms, found 1 plugins.
Preloading 0 native plugins for Editor in 0.00 ms.
Unloading 13 Unused Serialized files (Serialized files now loaded: 0)
Unloading 7241 unused Assets / (5.2 MB). Loaded Objects now: 8104.
Memory consumption went from 161.6 MB to 156.4 MB.
Total: 10.427433 ms (FindLiveObjects: 0.725391 ms CreateObjectMapping: 0.668058 ms MarkObjects: 6.518998 ms  DeleteObjects: 2.513628 ms)

Prepare: number of updated asset objects reloaded= 0
========================================================================
Received Prepare
Begin MonoManager ReloadAssembly
- Loaded All Assemblies, in  0.846 seconds
Refreshing native plugins compatible for Editor in 0.50 ms, found 1 plugins.
Native extension for LinuxStandalone target not found
Mono: successfully reloaded assembly
- Finished resetting the current domain, in  1.140 seconds
Domain Reload Profiling: 1988ms
	BeginReloadAssembly (178ms)
		ExecutionOrderSort (0ms)
		DisableScriptedObjects (14ms)
		BackupInstance (0ms)
		ReleaseScriptingObjects (0ms)
		CreateAndSetChildDomain (67ms)
	RebuildCommonClasses (34ms)
	RebuildNativeTypeToScriptingClass (8ms)
	initialDomainReloadingComplete (23ms)
	LoadAllAssembliesAndSetupDomain (604ms)
		LoadAssemblies (317ms)
		RebuildTransferFunctionScriptingTraits (0ms)
		AnalyzeDomain (339ms)
			TypeCache.Refresh (11ms)
				TypeCache.ScanAssembly (0ms)
			BuildScriptInfoCaches (309ms)
			ResolveRequiredComponents (15ms)
	FinalizeReload (1141ms)
		ReleaseScriptCaches (0ms)
		RebuildScriptCaches (0ms)
		SetupLoadedEditorAssemblies (769ms)
			LogAssemblyErrors (0ms)
			InitializePlatformSupportModulesInManaged (5ms)
			SetLoadedEditorAssemblies (6ms)
			BeforeProcessingInitializeOnLoad (96ms)
			ProcessInitializeOnLoadAttributes (588ms)
			ProcessInitializeOnLoadMethodAttributes (68ms)
			AfterProcessingInitializeOnLoad (5ms)
			EditorAssembliesLoaded (0ms)
		ExecutionOrderSort2 (0ms)
		AwakeInstancesAfterBackupRestoration (10ms)
Shader Hidden/ProbeVolume/VoxelizeScene is not supported: GPU does not support conservative rasterization
Refreshing native plugins compatible for Editor in 0.51 ms, found 1 plugins.
Preloading 0 native plugins for Editor in 0.00 ms.
Unloading 13 Unused Serialized files (Serialized files now loaded: 0)
Unloading 7241 unused Assets / (4.8 MB). Loaded Objects now: 8107.
Memory consumption went from 161.5 MB to 156.7 MB.
Total: 11.485240 ms (FindLiveObjects: 0.789494 ms CreateObjectMapping: 0.772233 ms MarkObjects: 6.863081 ms  DeleteObjects: 3.058834 ms)

Prepare: number of updated asset objects reloaded= 0
========================================================================
Received Prepare
Begin MonoManager ReloadAssembly
- Loaded All Assemblies, in  1.109 seconds
Refreshing native plugins compatible for Editor in 0.78 ms, found 1 plugins.
Native extension for LinuxStandalone target not found
Mono: successfully reloaded assembly
- Finished resetting the current domain, in  1.125 seconds
Domain Reload Profiling: 2238ms
	BeginReloadAssembly (256ms)
		ExecutionOrderSort (0ms)
		DisableScriptedObjects (21ms)
		BackupInstance (0ms)
		ReleaseScriptingObjects (0ms)
		CreateAndSetChildDomain (103ms)
	RebuildCommonClasses (67ms)
	RebuildNativeTypeToScriptingClass (16ms)
	initialDomainReloadingComplete (43ms)
	LoadAllAssembliesAndSetupDomain (730ms)
		LoadAssemblies (429ms)
		RebuildTransferFunctionScriptingTraits (0ms)
		AnalyzeDomain (374ms)
			TypeCache.Refresh (15ms)
				TypeCache.ScanAssembly (1ms)
			BuildScriptInfoCaches (329ms)
			ResolveRequiredComponents (25ms)
	FinalizeReload (1126ms)
		ReleaseScriptCaches (0ms)
		RebuildScriptCaches (0ms)
		SetupLoadedEditorAssemblies (700ms)
			LogAssemblyErrors (0ms)
			InitializePlatformSupportModulesInManaged (4ms)
			SetLoadedEditorAssemblies (6ms)
			BeforeProcessingInitializeOnLoad (93ms)
			ProcessInitializeOnLoadAttributes (527ms)
			ProcessInitializeOnLoadMethodAttributes (64ms)
			AfterProcessingInitializeOnLoad (5ms)
			EditorAssembliesLoaded (0ms)
		ExecutionOrderSort2 (0ms)
		AwakeInstancesAfterBackupRestoration (9ms)
Shader Hidden/ProbeVolume/VoxelizeScene is not supported: GPU does not support conservative rasterization
Refreshing native plugins compatible for Editor in 0.56 ms, found 1 plugins.
Preloading 0 native plugins for Editor in 0.00 ms.
Unloading 13 Unused Serialized files (Serialized files now loaded: 0)
Unloading 7241 unused Assets / (4.6 MB). Loaded Objects now: 8110.
Memory consumption went from 161.5 MB to 156.8 MB.
Total: 9.794723 ms (FindLiveObjects: 0.927414 ms CreateObjectMapping: 0.816438 ms MarkObjects: 5.758036 ms  DeleteObjects: 2.291814 ms)

Prepare: number of updated asset objects reloaded= 0
========================================================================
Received Prepare
Begin MonoManager ReloadAssembly
- Loaded All Assemblies, in  0.996 seconds
Refreshing native plugins compatible for Editor in 0.89 ms, found 1 plugins.
Native extension for LinuxStandalone target not found
Mono: successfully reloaded assembly
- Finished resetting the current domain, in  1.461 seconds
Domain Reload Profiling: 2460ms
	BeginReloadAssembly (242ms)
		ExecutionOrderSort (0ms)
		DisableScriptedObjects (18ms)
		BackupInstance (0ms)
		ReleaseScriptingObjects (0ms)
		CreateAndSetChildDomain (98ms)
	RebuildCommonClasses (59ms)
	RebuildNativeTypeToScriptingClass (15ms)
	initialDomainReloadingComplete (45ms)
	LoadAllAssembliesAndSetupDomain (637ms)
		LoadAssemblies (387ms)
		RebuildTransferFunctionScriptingTraits (0ms)
		AnalyzeDomain (321ms)
			TypeCache.Refresh (10ms)
				TypeCache.ScanAssembly (0ms)
			BuildScriptInfoCaches (282ms)
			ResolveRequiredComponents (23ms)
	FinalizeReload (1461ms)
		ReleaseScriptCaches (0ms)
		RebuildScriptCaches (0ms)
		SetupLoadedEditorAssemblies (1007ms)
			LogAssemblyErrors (0ms)
			InitializePlatformSupportModulesInManaged (5ms)
			SetLoadedEditorAssemblies (6ms)
			BeforeProcessingInitializeOnLoad (91ms)
			ProcessInitializeOnLoadAttributes (826ms)
			ProcessInitializeOnLoadMethodAttributes (73ms)
			AfterProcessingInitializeOnLoad (5ms)
			EditorAssembliesLoaded (0ms)
		ExecutionOrderSort2 (0ms)
		AwakeInstancesAfterBackupRestoration (9ms)
Shader Hidden/ProbeVolume/VoxelizeScene is not supported: GPU does not support conservative rasterization
Refreshing native plugins compatible for Editor in 0.61 ms, found 1 plugins.
Preloading 0 native plugins for Editor in 0.00 ms.
Unloading 13 Unused Serialized files (Serialized files now loaded: 0)
Unloading 7241 unused Assets / (4.9 MB). Loaded Objects now: 8113.
Memory consumption went from 161.5 MB to 156.6 MB.
Total: 10.954076 ms (FindLiveObjects: 0.825700 ms CreateObjectMapping: 1.106931 ms MarkObjects: 6.333821 ms  DeleteObjects: 2.686532 ms)

Prepare: number of updated asset objects reloaded= 0
========================================================================
Received Prepare
Begin MonoManager ReloadAssembly
- Loaded All Assemblies, in  0.891 seconds
Refreshing native plugins compatible for Editor in 0.49 ms, found 1 plugins.
Native extension for LinuxStandalone target not found
Mono: successfully reloaded assembly
- Finished resetting the current domain, in  0.991 seconds
Domain Reload Profiling: 1882ms
	BeginReloadAssembly (252ms)
		ExecutionOrderSort (0ms)
		DisableScriptedObjects (20ms)
		BackupInstance (0ms)
		ReleaseScriptingObjects (0ms)
		CreateAndSetChildDomain (99ms)
	RebuildCommonClasses (67ms)
	RebuildNativeTypeToScriptingClass (17ms)
	initialDomainReloadingComplete (45ms)
	LoadAllAssembliesAndSetupDomain (510ms)
		LoadAssemblies (359ms)
		RebuildTransferFunctionScriptingTraits (0ms)
		AnalyzeDomain (228ms)
			TypeCache.Refresh (8ms)
				TypeCache.ScanAssembly (0ms)
			BuildScriptInfoCaches (203ms)
			ResolveRequiredComponents (13ms)
	FinalizeReload (992ms)
		ReleaseScriptCaches (0ms)
		RebuildScriptCaches (0ms)
		SetupLoadedEditorAssemblies (689ms)
			LogAssemblyErrors (0ms)
			InitializePlatformSupportModulesInManaged (3ms)
			SetLoadedEditorAssemblies (5ms)
			BeforeProcessingInitializeOnLoad (80ms)
			ProcessInitializeOnLoadAttributes (520ms)
			ProcessInitializeOnLoadMethodAttributes (75ms)
			AfterProcessingInitializeOnLoad (5ms)
			EditorAssembliesLoaded (0ms)
		ExecutionOrderSort2 (0ms)
		AwakeInstancesAfterBackupRestoration (10ms)
Shader Hidden/ProbeVolume/VoxelizeScene is not supported: GPU does not support conservative rasterization
Refreshing native plugins compatible for Editor in 0.53 ms, found 1 plugins.
Preloading 0 native plugins for Editor in 0.00 ms.
Unloading 13 Unused Serialized files (Serialized files now loaded: 0)
Unloading 7241 unused Assets / (5.0 MB). Loaded Objects now: 8116.
Memory consumption went from 161.5 MB to 156.5 MB.
Total: 10.486115 ms (FindLiveObjects: 0.792491 ms CreateObjectMapping: 0.825098 ms MarkObjects: 6.149392 ms  DeleteObjects: 2.717989 ms)

Prepare: number of updated asset objects reloaded= 0
========================================================================
Received Import Request.
  Time since last request: 44309.883570 seconds.
  path: Assets/Mirror/Hosting/Edgegap/Editor/Images/clipboard-128.png
  artifactKey: Guid(caa516cdb721dd143bbc8000ca78d50a) Importer(815301076,1909f56bfc062723c751e8b465ee728b)
Start importing Assets/Mirror/Hosting/Edgegap/Editor/Images/clipboard-128.png using Guid(caa516cdb721dd143bbc8000ca78d50a) Importer(815301076,1909f56bfc062723c751e8b465ee728b) (PreviewImporter) -> (artifact id: '3332c26f58ef278968eb71bf9100d0f2') in 0.124606564 seconds
Number of updated asset objects reloaded before import = 0Number of asset objects unloaded after import = 3

========================================================================
Received Import Request.
  Time since last request: 0.000022 seconds.
  path: Assets/Mirror/Examples/CharacterSelection/Textures/IconResetColour.png
  artifactKey: Guid(69c30291565a1407abc7ca25da395ea9) Importer(815301076,1909f56bfc062723c751e8b465ee728b)
Start importing Assets/Mirror/Examples/CharacterSelection/Textures/IconResetColour.png using Guid(69c30291565a1407abc7ca25da395ea9) Importer(815301076,1909f56bfc062723c751e8b465ee728b) (PreviewImporter) -> (artifact id: 'f19a85bba9b8dc56a7ed0d1a5fc61f23') in 0.010399138 seconds
Number of updated asset objects reloaded before import = 0Number of asset objects unloaded after import = 3

========================================================================
Received Import Request.
  Time since last request: 0.000042 seconds.
  path: Assets/Mirror/Examples/TopDownShooter/Textures/CornerUI.png
  artifactKey: Guid(d676a19c7b3d44073a9a585786f11951) Importer(815301076,1909f56bfc062723c751e8b465ee728b)
Start importing Assets/Mirror/Examples/TopDownShooter/Textures/CornerUI.png using Guid(d676a19c7b3d44073a9a585786f11951) Importer(815301076,1909f56bfc062723c751e8b465ee728b) (PreviewImporter) -> (artifact id: '509fa04b86aa53f6196e3ec2511ac84a') in 0.012723352 seconds
Number of updated asset objects reloaded before import = 0Number of asset objects unloaded after import = 3

========================================================================
Received Import Request.
  Time since last request: 0.954137 seconds.
  path: Assets/Mirror/Examples/Pong/Sprites/WallHorizontal.png
  artifactKey: Guid(b931587800e08c54aa8dbbd6c15c894f) Importer(815301076,1909f56bfc062723c751e8b465ee728b)
Start importing Assets/Mirror/Examples/Pong/Sprites/WallHorizontal.png using Guid(b931587800e08c54aa8dbbd6c15c894f) Importer(815301076,1909f56bfc062723c751e8b465ee728b) (PreviewImporter) -> (artifact id: '5039708ea5409b7f59fc7f69b3f47eb4') in 0.01025271 seconds
Number of updated asset objects reloaded before import = 0Number of asset objects unloaded after import = 3

========================================================================
Received Prepare
Begin MonoManager ReloadAssembly
- Loaded All Assemblies, in  0.742 seconds
Refreshing native plugins compatible for Editor in 0.49 ms, found 1 plugins.
Native extension for LinuxStandalone target not found
Mono: successfully reloaded assembly
- Finished resetting the current domain, in  0.961 seconds
Domain Reload Profiling: 1705ms
	BeginReloadAssembly (181ms)
		ExecutionOrderSort (0ms)
		DisableScriptedObjects (14ms)
		BackupInstance (0ms)
		ReleaseScriptingObjects (0ms)
		CreateAndSetChildDomain (69ms)
	RebuildCommonClasses (45ms)
	RebuildNativeTypeToScriptingClass (10ms)
	initialDomainReloadingComplete (27ms)
	LoadAllAssembliesAndSetupDomain (480ms)
		LoadAssemblies (291ms)
		RebuildTransferFunctionScriptingTraits (0ms)
		AnalyzeDomain (244ms)
			TypeCache.Refresh (9ms)
				TypeCache.ScanAssembly (0ms)
			BuildScriptInfoCaches (219ms)
			ResolveRequiredComponents (13ms)
	FinalizeReload (962ms)
		ReleaseScriptCaches (0ms)
		RebuildScriptCaches (0ms)
		SetupLoadedEditorAssemblies (640ms)
			LogAssemblyErrors (0ms)
			InitializePlatformSupportModulesInManaged (3ms)
			SetLoadedEditorAssemblies (4ms)
			BeforeProcessingInitializeOnLoad (71ms)
			ProcessInitializeOnLoadAttributes (474ms)
			ProcessInitializeOnLoadMethodAttributes (82ms)
			AfterProcessingInitializeOnLoad (6ms)
			EditorAssembliesLoaded (0ms)
		ExecutionOrderSort2 (0ms)
		AwakeInstancesAfterBackupRestoration (12ms)
Shader Hidden/ProbeVolume/VoxelizeScene is not supported: GPU does not support conservative rasterization
Refreshing native plugins compatible for Editor in 0.66 ms, found 1 plugins.
Preloading 0 native plugins for Editor in 0.00 ms.
Unloading 13 Unused Serialized files (Serialized files now loaded: 0)
Unloading 7241 unused Assets / (4.7 MB). Loaded Objects now: 8131.
Memory consumption went from 162.1 MB to 157.5 MB.
Total: 13.017748 ms (FindLiveObjects: 1.315645 ms CreateObjectMapping: 0.881380 ms MarkObjects: 6.023357 ms  DeleteObjects: 4.795702 ms)

Prepare: number of updated asset objects reloaded= 0
========================================================================
Received Import Request.
  Time since last request: 15.129899 seconds.
  path: Assets/Prefabs/GameNode.prefab
  artifactKey: Guid(050b4b194631cbdb094db1ba4ccc2720) Importer(815301076,1909f56bfc062723c751e8b465ee728b)
Start importing Assets/Prefabs/GameNode.prefab using Guid(050b4b194631cbdb094db1ba4ccc2720) Importer(815301076,1909f56bfc062723c751e8b465ee728b) (PreviewImporter) -> (artifact id: 'a7bc2d048a1f59acbf67d64f738e5a5a') in 0.520062056 seconds
Number of updated asset objects reloaded before import = 0Number of asset objects unloaded after import = 9

========================================================================
Received Prepare
Begin MonoManager ReloadAssembly
- Loaded All Assemblies, in  0.741 seconds
Refreshing native plugins compatible for Editor in 0.48 ms, found 1 plugins.
Native extension for LinuxStandalone target not found
Mono: successfully reloaded assembly
- Finished resetting the current domain, in  1.025 seconds
Domain Reload Profiling: 1768ms
	BeginReloadAssembly (195ms)
		ExecutionOrderSort (0ms)
		DisableScriptedObjects (24ms)
		BackupInstance (0ms)
		ReleaseScriptingObjects (0ms)
		CreateAndSetChildDomain (83ms)
	RebuildCommonClasses (36ms)
	RebuildNativeTypeToScriptingClass (8ms)
	initialDomainReloadingComplete (25ms)
	LoadAllAssembliesAndSetupDomain (477ms)
		LoadAssemblies (288ms)
		RebuildTransferFunctionScriptingTraits (0ms)
		AnalyzeDomain (237ms)
			TypeCache.Refresh (8ms)
				TypeCache.ScanAssembly (0ms)
			BuildScriptInfoCaches (212ms)
			ResolveRequiredComponents (13ms)
	FinalizeReload (1026ms)
		ReleaseScriptCaches (0ms)
		RebuildScriptCaches (0ms)
		SetupLoadedEditorAssemblies (689ms)
			LogAssemblyErrors (0ms)
			InitializePlatformSupportModulesInManaged (4ms)
			SetLoadedEditorAssemblies (5ms)
			BeforeProcessingInitializeOnLoad (81ms)
			ProcessInitializeOnLoadAttributes (495ms)
			ProcessInitializeOnLoadMethodAttributes (97ms)
			AfterProcessingInitializeOnLoad (5ms)
			EditorAssembliesLoaded (1ms)
		ExecutionOrderSort2 (0ms)
		AwakeInstancesAfterBackupRestoration (12ms)
Shader Hidden/ProbeVolume/VoxelizeScene is not supported: GPU does not support conservative rasterization
Refreshing native plugins compatible for Editor in 0.62 ms, found 1 plugins.
Preloading 0 native plugins for Editor in 0.00 ms.
Unloading 13 Unused Serialized files (Serialized files now loaded: 0)
Unloading 7243 unused Assets / (4.3 MB). Loaded Objects now: 8161.
Memory consumption went from 164.9 MB to 160.6 MB.
Total: 12.662660 ms (FindLiveObjects: 0.845976 ms CreateObjectMapping: 0.942580 ms MarkObjects: 7.273345 ms  DeleteObjects: 3.599616 ms)

Prepare: number of updated asset objects reloaded= 0
========================================================================
Received Prepare
Begin MonoManager ReloadAssembly
- Loaded All Assemblies, in  0.717 seconds
Refreshing native plugins compatible for Editor in 0.49 ms, found 1 plugins.
Native extension for LinuxStandalone target not found
Mono: successfully reloaded assembly
- Finished resetting the current domain, in  1.045 seconds
Domain Reload Profiling: 1765ms
	BeginReloadAssembly (165ms)
		ExecutionOrderSort (0ms)
		DisableScriptedObjects (13ms)
		BackupInstance (0ms)
		ReleaseScriptingObjects (0ms)
		CreateAndSetChildDomain (66ms)
	RebuildCommonClasses (38ms)
	RebuildNativeTypeToScriptingClass (9ms)
	initialDomainReloadingComplete (25ms)
	LoadAllAssembliesAndSetupDomain (482ms)
		LoadAssemblies (274ms)
		RebuildTransferFunctionScriptingTraits (0ms)
		AnalyzeDomain (253ms)
			TypeCache.Refresh (9ms)
				TypeCache.ScanAssembly (0ms)
			BuildScriptInfoCaches (227ms)
			ResolveRequiredComponents (14ms)
	FinalizeReload (1046ms)
		ReleaseScriptCaches (0ms)
		RebuildScriptCaches (0ms)
		SetupLoadedEditorAssemblies (711ms)
			LogAssemblyErrors (0ms)
			InitializePlatformSupportModulesInManaged (3ms)
			SetLoadedEditorAssemblies (4ms)
			BeforeProcessingInitializeOnLoad (75ms)
			ProcessInitializeOnLoadAttributes (538ms)
			ProcessInitializeOnLoadMethodAttributes (84ms)
			AfterProcessingInitializeOnLoad (6ms)
			EditorAssembliesLoaded (1ms)
		ExecutionOrderSort2 (0ms)
		AwakeInstancesAfterBackupRestoration (10ms)
Shader Hidden/ProbeVolume/VoxelizeScene is not supported: GPU does not support conservative rasterization
Refreshing native plugins compatible for Editor in 0.69 ms, found 1 plugins.
Preloading 0 native plugins for Editor in 0.00 ms.
Unloading 13 Unused Serialized files (Serialized files now loaded: 0)
Unloading 7241 unused Assets / (4.7 MB). Loaded Objects now: 8164.
Memory consumption went from 164.7 MB to 160.0 MB.
Total: 16.463271 ms (FindLiveObjects: 1.086761 ms CreateObjectMapping: 0.886025 ms MarkObjects: 8.296044 ms  DeleteObjects: 6.191769 ms)

Prepare: number of updated asset objects reloaded= 0
========================================================================
Received Import Request.
  Time since last request: 190.224990 seconds.
  path: Assets/Prefabs/GameNode.prefab
  artifactKey: Guid(050b4b194631cbdb094db1ba4ccc2720) Importer(815301076,1909f56bfc062723c751e8b465ee728b)
Start importing Assets/Prefabs/GameNode.prefab using Guid(050b4b194631cbdb094db1ba4ccc2720) Importer(815301076,1909f56bfc062723c751e8b465ee728b) (PreviewImporter) -> (artifact id: 'ca33963ccabbde8e3da482028b8acb7a') in 0.492441727 seconds
Number of updated asset objects reloaded before import = 0Number of asset objects unloaded after import = 9

========================================================================
Received Prepare
Begin MonoManager ReloadAssembly
- Loaded All Assemblies, in  1.068 seconds
Refreshing native plugins compatible for Editor in 0.60 ms, found 1 plugins.
Native extension for LinuxStandalone target not found
Mono: successfully reloaded assembly
- Finished resetting the current domain, in  1.544 seconds
Domain Reload Profiling: 2616ms
	BeginReloadAssembly (222ms)
		ExecutionOrderSort (0ms)
		DisableScriptedObjects (36ms)
		BackupInstance (0ms)
		ReleaseScriptingObjects (0ms)
		CreateAndSetChildDomain (76ms)
	RebuildCommonClasses (62ms)
	RebuildNativeTypeToScriptingClass (16ms)
	initialDomainReloadingComplete (39ms)
	LoadAllAssembliesAndSetupDomain (732ms)
		LoadAssemblies (390ms)
		RebuildTransferFunctionScriptingTraits (0ms)
		AnalyzeDomain (400ms)
			TypeCache.Refresh (11ms)
				TypeCache.ScanAssembly (0ms)
			BuildScriptInfoCaches (359ms)
			ResolveRequiredComponents (24ms)
	FinalizeReload (1545ms)
		ReleaseScriptCaches (0ms)
		RebuildScriptCaches (0ms)
		SetupLoadedEditorAssemblies (1040ms)
			LogAssemblyErrors (0ms)
			InitializePlatformSupportModulesInManaged (4ms)
			SetLoadedEditorAssemblies (6ms)
			BeforeProcessingInitializeOnLoad (125ms)
			ProcessInitializeOnLoadAttributes (796ms)
			ProcessInitializeOnLoadMethodAttributes (99ms)
			AfterProcessingInitializeOnLoad (9ms)
			EditorAssembliesLoaded (1ms)
		ExecutionOrderSort2 (0ms)
		AwakeInstancesAfterBackupRestoration (36ms)
Shader Hidden/ProbeVolume/VoxelizeScene is not supported: GPU does not support conservative rasterization
Refreshing native plugins compatible for Editor in 1.04 ms, found 1 plugins.
Preloading 0 native plugins for Editor in 0.00 ms.
Unloading 13 Unused Serialized files (Serialized files now loaded: 0)
Unloading 7243 unused Assets / (4.8 MB). Loaded Objects now: 8188.
Memory consumption went from 166.4 MB to 161.6 MB.
Total: 21.453350 ms (FindLiveObjects: 2.246940 ms CreateObjectMapping: 3.218198 ms MarkObjects: 11.574976 ms  DeleteObjects: 4.410702 ms)

Prepare: number of updated asset objects reloaded= 0
========================================================================
Received Import Request.
  Time since last request: 232.330607 seconds.
  path: Assets/Prefabs/GameNode.prefab
  artifactKey: Guid(050b4b194631cbdb094db1ba4ccc2720) Importer(815301076,1909f56bfc062723c751e8b465ee728b)
Start importing Assets/Prefabs/GameNode.prefab using Guid(050b4b194631cbdb094db1ba4ccc2720) Importer(815301076,1909f56bfc062723c751e8b465ee728b) (PreviewImporter) -> (artifact id: 'ca33963ccabbde8e3da482028b8acb7a') in 0.696021372 seconds
Number of updated asset objects reloaded before import = 0Number of asset objects unloaded after import = 9

========================================================================
Received Prepare
Begin MonoManager ReloadAssembly
- Loaded All Assemblies, in  0.859 seconds
Refreshing native plugins compatible for Editor in 0.92 ms, found 1 plugins.
Native extension for LinuxStandalone target not found
Mono: successfully reloaded assembly
- Finished resetting the current domain, in  1.857 seconds
Domain Reload Profiling: 2721ms
	BeginReloadAssembly (247ms)
		ExecutionOrderSort (0ms)
		DisableScriptedObjects (26ms)
		BackupInstance (0ms)
		ReleaseScriptingObjects (0ms)
		CreateAndSetChildDomain (110ms)
	RebuildCommonClasses (55ms)
	RebuildNativeTypeToScriptingClass (9ms)
	initialDomainReloadingComplete (25ms)
	LoadAllAssembliesAndSetupDomain (526ms)
		LoadAssemblies (327ms)
		RebuildTransferFunctionScriptingTraits (0ms)
		AnalyzeDomain (266ms)
			TypeCache.Refresh (9ms)
				TypeCache.ScanAssembly (0ms)
			BuildScriptInfoCaches (238ms)
			ResolveRequiredComponents (15ms)
	FinalizeReload (1858ms)
		ReleaseScriptCaches (0ms)
		RebuildScriptCaches (0ms)
		SetupLoadedEditorAssemblies (1316ms)
			LogAssemblyErrors (0ms)
			InitializePlatformSupportModulesInManaged (5ms)
			SetLoadedEditorAssemblies (6ms)
			BeforeProcessingInitializeOnLoad (149ms)
			ProcessInitializeOnLoadAttributes (993ms)
			ProcessInitializeOnLoadMethodAttributes (152ms)
			AfterProcessingInitializeOnLoad (10ms)
			EditorAssembliesLoaded (1ms)
		ExecutionOrderSort2 (0ms)
		AwakeInstancesAfterBackupRestoration (22ms)
Shader Hidden/ProbeVolume/VoxelizeScene is not supported: GPU does not support conservative rasterization
Refreshing native plugins compatible for Editor in 0.87 ms, found 1 plugins.
Preloading 0 native plugins for Editor in 0.00 ms.
Unloading 13 Unused Serialized files (Serialized files now loaded: 0)
Unloading 7243 unused Assets / (3.4 MB). Loaded Objects now: 8212.
Memory consumption went from 168.0 MB to 164.6 MB.
Total: 24.969446 ms (FindLiveObjects: 2.186740 ms CreateObjectMapping: 2.718305 ms MarkObjects: 14.346782 ms  DeleteObjects: 5.715806 ms)

Prepare: number of updated asset objects reloaded= 0
========================================================================
Received Prepare
Begin MonoManager ReloadAssembly
- Loaded All Assemblies, in  1.176 seconds
Refreshing native plugins compatible for Editor in 0.83 ms, found 1 plugins.
Native extension for LinuxStandalone target not found
Mono: successfully reloaded assembly
- Finished resetting the current domain, in  1.756 seconds
Domain Reload Profiling: 2935ms
	BeginReloadAssembly (260ms)
		ExecutionOrderSort (0ms)
		DisableScriptedObjects (20ms)
		BackupInstance (0ms)
		ReleaseScriptingObjects (0ms)
		CreateAndSetChildDomain (114ms)
	RebuildCommonClasses (54ms)
	RebuildNativeTypeToScriptingClass (18ms)
	initialDomainReloadingComplete (39ms)
	LoadAllAssembliesAndSetupDomain (808ms)
		LoadAssemblies (431ms)
		RebuildTransferFunctionScriptingTraits (0ms)
		AnalyzeDomain (438ms)
			TypeCache.Refresh (17ms)
				TypeCache.ScanAssembly (0ms)
			BuildScriptInfoCaches (394ms)
			ResolveRequiredComponents (23ms)
	FinalizeReload (1757ms)
		ReleaseScriptCaches (0ms)
		RebuildScriptCaches (0ms)
		SetupLoadedEditorAssemblies (1236ms)
			LogAssemblyErrors (0ms)
			InitializePlatformSupportModulesInManaged (5ms)
			SetLoadedEditorAssemblies (6ms)
			BeforeProcessingInitializeOnLoad (135ms)
			ProcessInitializeOnLoadAttributes (928ms)
			ProcessInitializeOnLoadMethodAttributes (152ms)
			AfterProcessingInitializeOnLoad (10ms)
			EditorAssembliesLoaded (1ms)
		ExecutionOrderSort2 (0ms)
		AwakeInstancesAfterBackupRestoration (25ms)
Shader Hidden/ProbeVolume/VoxelizeScene is not supported: GPU does not support conservative rasterization
Refreshing native plugins compatible for Editor in 0.96 ms, found 1 plugins.
Preloading 0 native plugins for Editor in 0.00 ms.
Unloading 13 Unused Serialized files (Serialized files now loaded: 0)
Unloading 7241 unused Assets / (5.1 MB). Loaded Objects now: 8215.
Memory consumption went from 167.8 MB to 162.8 MB.
Total: 15.291024 ms (FindLiveObjects: 1.500673 ms CreateObjectMapping: 1.181915 ms MarkObjects: 8.085375 ms  DeleteObjects: 4.519860 ms)

Prepare: number of updated asset objects reloaded= 1
========================================================================
Received Prepare
Begin MonoManager ReloadAssembly
- Loaded All Assemblies, in  0.728 seconds
Refreshing native plugins compatible for Editor in 0.46 ms, found 1 plugins.
Native extension for LinuxStandalone target not found
Mono: successfully reloaded assembly
- Finished resetting the current domain, in  1.091 seconds
Domain Reload Profiling: 1821ms
	BeginReloadAssembly (185ms)
		ExecutionOrderSort (0ms)
		DisableScriptedObjects (15ms)
		BackupInstance (0ms)
		ReleaseScriptingObjects (0ms)
		CreateAndSetChildDomain (74ms)
	RebuildCommonClasses (37ms)
	RebuildNativeTypeToScriptingClass (9ms)
	initialDomainReloadingComplete (25ms)
	LoadAllAssembliesAndSetupDomain (473ms)
		LoadAssemblies (290ms)
		RebuildTransferFunctionScriptingTraits (0ms)
		AnalyzeDomain (236ms)
			TypeCache.Refresh (8ms)
				TypeCache.ScanAssembly (0ms)
			BuildScriptInfoCaches (210ms)
			ResolveRequiredComponents (13ms)
	FinalizeReload (1092ms)
		ReleaseScriptCaches (0ms)
		RebuildScriptCaches (0ms)
		SetupLoadedEditorAssemblies (759ms)
			LogAssemblyErrors (0ms)
			InitializePlatformSupportModulesInManaged (3ms)
			SetLoadedEditorAssemblies (4ms)
			BeforeProcessingInitializeOnLoad (68ms)
			ProcessInitializeOnLoadAttributes (582ms)
			ProcessInitializeOnLoadMethodAttributes (96ms)
			AfterProcessingInitializeOnLoad (6ms)
			EditorAssembliesLoaded (0ms)
		ExecutionOrderSort2 (0ms)
		AwakeInstancesAfterBackupRestoration (15ms)
Shader Hidden/ProbeVolume/VoxelizeScene is not supported: GPU does not support conservative rasterization
Refreshing native plugins compatible for Editor in 0.52 ms, found 1 plugins.
Preloading 0 native plugins for Editor in 0.00 ms.
Unloading 13 Unused Serialized files (Serialized files now loaded: 0)
Unloading 7241 unused Assets / (5.0 MB). Loaded Objects now: 8218.
Memory consumption went from 167.9 MB to 162.9 MB.
Total: 17.033327 ms (FindLiveObjects: 0.831881 ms CreateObjectMapping: 1.056107 ms MarkObjects: 11.266539 ms  DeleteObjects: 3.877140 ms)

Prepare: number of updated asset objects reloaded= 0
========================================================================
Received Import Request.
  Time since last request: 842.552596 seconds.
  path: Assets/InputSystem_Actions.inputactions
  artifactKey: Guid(2bcd2660ca9b64942af0de543d8d7100) Importer(2089858483,192608db42251d675da83286b1cce702)
Start importing Assets/InputSystem_Actions.inputactions using Guid(2bcd2660ca9b64942af0de543d8d7100) Importer(2089858483,192608db42251d675da83286b1cce702) (ScriptedImporter)UpdateMenuTitleForLanguage: 10
 -> (artifact id: 'dade1cf52910b1e7ee9639f6571ee08d') in 0.453336497 seconds
Number of updated asset objects reloaded before import = 0Number of asset objects unloaded after import = 21

========================================================================
Received Import Request.
  Time since last request: 0.000020 seconds.
  path: Assets/Mirror/Core/SyncList.cs
  artifactKey: Guid(744fc71f748fe40d5940e04bf42b29f3) Importer(2089858483,192608db42251d675da83286b1cce702)
Start importing Assets/Mirror/Core/SyncList.cs using Guid(744fc71f748fe40d5940e04bf42b29f3) Importer(2089858483,192608db42251d675da83286b1cce702) (ScriptedImporter) -> (artifact id: '8979811af9807b59000a737493381392') in 0.012556644 seconds
Number of updated asset objects reloaded before import = 0Number of asset objects unloaded after import = 1

========================================================================
Received Import Request.
  Time since last request: 0.000030 seconds.
  path: Assets/Mirror/Editor/NetworkScenePostProcess.cs
  artifactKey: Guid(a3ec1c414d821444a9e77f18a2c130ea) Importer(2089858483,192608db42251d675da83286b1cce702)
Start importing Assets/Mirror/Editor/NetworkScenePostProcess.cs using Guid(a3ec1c414d821444a9e77f18a2c130ea) Importer(2089858483,192608db42251d675da83286b1cce702) (ScriptedImporter) -> (artifact id: '30bc3551a11a1af7974fbfa80255fcb3') in 0.01275814 seconds
Number of updated asset objects reloaded before import = 0Number of asset objects unloaded after import = 0

========================================================================
Received Import Request.
  Time since last request: 0.000017 seconds.
  path: Assets/Mirror/Core/SyncObject.cs
  artifactKey: Guid(ae226d17a0c844041aa24cc2c023dd49) Importer(2089858483,192608db42251d675da83286b1cce702)
Start importing Assets/Mirror/Core/SyncObject.cs using Guid(ae226d17a0c844041aa24cc2c023dd49) Importer(2089858483,192608db42251d675da83286b1cce702) (ScriptedImporter) -> (artifact id: '6ac4a1dc5cd72957db111b69e842cf28') in 0.004899225 seconds
Number of updated asset objects reloaded before import = 0Number of asset objects unloaded after import = 1

========================================================================
Received Import Request.
  Time since last request: 0.000021 seconds.
  path: Assets/Mirror/Editor/InspectorHelper.cs
  artifactKey: Guid(047c894c2a5ccc1438b7e59302f62744) Importer(2089858483,192608db42251d675da83286b1cce702)
Start importing Assets/Mirror/Editor/InspectorHelper.cs using Guid(047c894c2a5ccc1438b7e59302f62744) Importer(2089858483,192608db42251d675da83286b1cce702) (ScriptedImporter) -> (artifact id: 'd8f1b80fbbf9435ab131cdccf53c39b5') in 0.003483641 seconds
Number of updated asset objects reloaded before import = 0Number of asset objects unloaded after import = 0

========================================================================
Received Import Request.
  Time since last request: 0.000012 seconds.
  path: Assets/Mirror/Core/NetworkConnectionToServer.cs
  artifactKey: Guid(761977cbf38a34ded9dd89de45445675) Importer(2089858483,192608db42251d675da83286b1cce702)
Start importing Assets/Mirror/Core/NetworkConnectionToServer.cs using Guid(761977cbf38a34ded9dd89de45445675) Importer(2089858483,192608db42251d675da83286b1cce702) (ScriptedImporter) -> (artifact id: '99f41e0263a09421833fdfc96d8b73fc') in 0.00403329 seconds
Number of updated asset objects reloaded before import = 0Number of asset objects unloaded after import = 1

========================================================================
Received Import Request.
  Time since last request: 0.000028 seconds.
  path: Assets/Mirror/Core/Transport.cs
  artifactKey: Guid(cfffcac25d6d64ced9de620159e221b8) Importer(2089858483,192608db42251d675da83286b1cce702)
Start importing Assets/Mirror/Core/Transport.cs using Guid(cfffcac25d6d64ced9de620159e221b8) Importer(2089858483,192608db42251d675da83286b1cce702) (ScriptedImporter) -> (artifact id: '5e5fb07cbed724a73c8cdd7a55a6a6ab') in 0.008178219 seconds
Number of updated asset objects reloaded before import = 0Number of asset objects unloaded after import = 1

========================================================================
Received Import Request.
  Time since last request: 0.000039 seconds.
  path: Assets/Mirror/Core/NetworkAuthenticator.cs
  artifactKey: Guid(407fc95d4a8257f448799f26cdde0c2a) Importer(2089858483,192608db42251d675da83286b1cce702)
Start importing Assets/Mirror/Core/NetworkAuthenticator.cs using Guid(407fc95d4a8257f448799f26cdde0c2a) Importer(2089858483,192608db42251d675da83286b1cce702) (ScriptedImporter) -> (artifact id: '841a62bdbc2835f42c080e27a8e31a3c') in 0.008787706 seconds
Number of updated asset objects reloaded before import = 0Number of asset objects unloaded after import = 1

========================================================================
Received Import Request.
  Time since last request: 0.000042 seconds.
  path: Assets/Mirror/version.txt
  artifactKey: Guid(7382df86fc5989f4a9532717ef49e7c8) Importer(2089858483,192608db42251d675da83286b1cce702)
Start importing Assets/Mirror/version.txt using Guid(7382df86fc5989f4a9532717ef49e7c8) Importer(2089858483,192608db42251d675da83286b1cce702) (ScriptedImporter) -> (artifact id: '1387d4db5ceb5047ab827b29a5d4eb16') in 0.0040138 seconds
Number of updated asset objects reloaded before import = 0Number of asset objects unloaded after import = 1

========================================================================
Received Import Request.
  Time since last request: 0.000013 seconds.
  path: Assets/ScriptTemplates/52-Mirror__Network Authenticator-NewNetworkAuthenticator.cs.txt
  artifactKey: Guid(12dc04aca2d89f744bef5a65622ba708) Importer(2089858483,192608db42251d675da83286b1cce702)
Start importing Assets/ScriptTemplates/52-Mirror__Network Authenticator-NewNetworkAuthenticator.cs.txt using Guid(12dc04aca2d89f744bef5a65622ba708) Importer(2089858483,192608db42251d675da83286b1cce702) (ScriptedImporter) -> (artifact id: '8de8b549eb204b4b22815d7c0093553c') in 0.003164411 seconds
Number of updated asset objects reloaded before import = 0Number of asset objects unloaded after import = 1

========================================================================
Received Import Request.
  Time since last request: 0.000023 seconds.
  path: Assets/Mirror/Core/InterestManagementBase.cs
  artifactKey: Guid(18bd2ffe65a444f3b13d59bdac7f2228) Importer(2089858483,192608db42251d675da83286b1cce702)
Start importing Assets/Mirror/Core/InterestManagementBase.cs using Guid(18bd2ffe65a444f3b13d59bdac7f2228) Importer(2089858483,192608db42251d675da83286b1cce702) (ScriptedImporter) -> (artifact id: '27ea39daa069058cfaf89c8821170a7e') in 0.004948897 seconds
Number of updated asset objects reloaded before import = 0Number of asset objects unloaded after import = 1

========================================================================
Received Import Request.
  Time since last request: 0.000062 seconds.
  path: Assets/Scenes/SampleScene.unity
  artifactKey: Guid(8c9cfa26abfee488c85f1582747f6a02) Importer(2089858483,192608db42251d675da83286b1cce702)
Start importing Assets/Scenes/SampleScene.unity using Guid(8c9cfa26abfee488c85f1582747f6a02) Importer(2089858483,192608db42251d675da83286b1cce702) (ScriptedImporter) -> (artifact id: '39e8e676648bf925c18dfe65d3ec28ad') in 0.003995194 seconds
Number of updated asset objects reloaded before import = 0Number of asset objects unloaded after import = 1

========================================================================
Received Import Request.
  Time since last request: 0.000014 seconds.
  path: Assets/Mirror/Components/NetworkRoomManager.cs
  artifactKey: Guid(615e6c6589cf9e54cad646b5a11e0529) Importer(2089858483,192608db42251d675da83286b1cce702)
Start importing Assets/Mirror/Components/NetworkRoomManager.cs using Guid(615e6c6589cf9e54cad646b5a11e0529) Importer(2089858483,192608db42251d675da83286b1cce702) (ScriptedImporter) -> (artifact id: '888a334e53d65e7e2afe0d1f7acaa5ec') in 0.003968793 seconds
Number of updated asset objects reloaded before import = 0Number of asset objects unloaded after import = 1

========================================================================
Received Import Request.
  Time since last request: 0.000014 seconds.
  path: Assets/Mirror/Core/NetworkMessages.cs
  artifactKey: Guid(2db134099f0df4d96a84ae7a0cd9b4bc) Importer(2089858483,192608db42251d675da83286b1cce702)
Start importing Assets/Mirror/Core/NetworkMessages.cs using Guid(2db134099f0df4d96a84ae7a0cd9b4bc) Importer(2089858483,192608db42251d675da83286b1cce702) (ScriptedImporter) -> (artifact id: '3345b38eeb204a4bc4873fab931c74d4') in 0.003157289 seconds
Number of updated asset objects reloaded before import = 0Number of asset objects unloaded after import = 1

========================================================================
Received Import Request.
  Time since last request: 0.000034 seconds.
  path: Assets/Mirror/Core/LocalConnectionToServer.cs
  artifactKey: Guid(cdfff390c3504158a269e8b8662e2a40) Importer(2089858483,192608db42251d675da83286b1cce702)
Start importing Assets/Mirror/Core/LocalConnectionToServer.cs using Guid(cdfff390c3504158a269e8b8662e2a40) Importer(2089858483,192608db42251d675da83286b1cce702) (ScriptedImporter) -> (artifact id: 'a4a1eee3974d8b9417c7da5f4d232b91') in 0.005382261 seconds
Number of updated asset objects reloaded before import = 0Number of asset objects unloaded after import = 1

========================================================================
Received Import Request.
  Time since last request: 0.000060 seconds.
  path: Assets/Mirror/Core/NetworkWriterPool.cs
  artifactKey: Guid(3f34b53bea38e4f259eb8dc211e4fdb6) Importer(2089858483,192608db42251d675da83286b1cce702)
Start importing Assets/Mirror/Core/NetworkWriterPool.cs using Guid(3f34b53bea38e4f259eb8dc211e4fdb6) Importer(2089858483,192608db42251d675da83286b1cce702) (ScriptedImporter) -> (artifact id: 'b14ecfba3ac80ce055bc6363d8221764') in 0.003682457 seconds
Number of updated asset objects reloaded before import = 0Number of asset objects unloaded after import = 1

========================================================================
Received Import Request.
  Time since last request: 0.000025 seconds.
  path: Assets/Scenes/Main.unity
  artifactKey: Guid(09a0faf9cd34b715db0f43ff4d454a00) Importer(2089858483,192608db42251d675da83286b1cce702)
Start importing Assets/Scenes/Main.unity using Guid(09a0faf9cd34b715db0f43ff4d454a00) Importer(2089858483,192608db42251d675da83286b1cce702) (ScriptedImporter) -> (artifact id: 'c320ccad086512b207f9b2a19bed78da') in 0.015104455 seconds
Number of updated asset objects reloaded before import = 0Number of asset objects unloaded after import = 1

========================================================================
Received Import Request.
  Time since last request: 0.000025 seconds.
  path: Assets/Mirror/Components/NetworkLobbyPlayer.cs
  artifactKey: Guid(777a368af85f2e84da7ea5666581921b) Importer(2089858483,192608db42251d675da83286b1cce702)
Start importing Assets/Mirror/Components/NetworkLobbyPlayer.cs using Guid(777a368af85f2e84da7ea5666581921b) Importer(2089858483,192608db42251d675da83286b1cce702) (ScriptedImporter) -> (artifact id: '1129a4f7071e6390285268ce0a73e563') in 0.004348333 seconds
Number of updated asset objects reloaded before import = 0Number of asset objects unloaded after import = 1

========================================================================
Received Import Request.
  Time since last request: 0.000018 seconds.
  path: Assets/Mirror/Core/NetworkManagerHUD.cs
  artifactKey: Guid(6442dc8070ceb41f094e44de0bf87274) Importer(2089858483,192608db42251d675da83286b1cce702)
Start importing Assets/Mirror/Core/NetworkManagerHUD.cs using Guid(6442dc8070ceb41f094e44de0bf87274) Importer(2089858483,192608db42251d675da83286b1cce702) (ScriptedImporter) -> (artifact id: '876d9773d4f46c0e33e8cb90c904d197') in 0.004976234 seconds
Number of updated asset objects reloaded before import = 0Number of asset objects unloaded after import = 1

========================================================================
Received Import Request.
  Time since last request: 0.000027 seconds.
  path: Assets/Mirror/Components/NetworkPingDisplay.cs
  artifactKey: Guid(bc654f29862fc2643b948f772ebb9e68) Importer(2089858483,192608db42251d675da83286b1cce702)
Start importing Assets/Mirror/Components/NetworkPingDisplay.cs using Guid(bc654f29862fc2643b948f772ebb9e68) Importer(2089858483,192608db42251d675da83286b1cce702) (ScriptedImporter) -> (artifact id: 'e25623bb6d42eb3baaf7992165c927cb') in 0.005870405 seconds
Number of updated asset objects reloaded before import = 0Number of asset objects unloaded after import = 1

========================================================================
Received Import Request.
  Time since last request: 0.000028 seconds.
  path: Assets/Mirror/CompilerSymbols/Mirror.CompilerSymbols.asmdef
  artifactKey: Guid(325984b52e4128546bc7558552f8b1d2) Importer(2089858483,192608db42251d675da83286b1cce702)
Start importing Assets/Mirror/CompilerSymbols/Mirror.CompilerSymbols.asmdef using Guid(325984b52e4128546bc7558552f8b1d2) Importer(2089858483,192608db42251d675da83286b1cce702) (ScriptedImporter) -> (artifact id: '06001330be8348a0997491e62e315aa6') in 0.004527241 seconds
Number of updated asset objects reloaded before import = 0Number of asset objects unloaded after import = 1

========================================================================
Received Import Request.
  Time since last request: 0.000034 seconds.
  path: Assets/Mirror/Core/HostMode.cs
  artifactKey: Guid(d27175a08d5341fc97645b49ee533d5a) Importer(2089858483,192608db42251d675da83286b1cce702)
Start importing Assets/Mirror/Core/HostMode.cs using Guid(d27175a08d5341fc97645b49ee533d5a) Importer(2089858483,192608db42251d675da83286b1cce702) (ScriptedImporter) -> (artifact id: 'b3f716e4f46bb8d09c167c557e1c3f3f') in 0.004298345 seconds
Number of updated asset objects reloaded before import = 0Number of asset objects unloaded after import = 1

========================================================================
Received Import Request.
  Time since last request: 0.000023 seconds.
  path: Assets/Mirror/Core/RemoteCalls.cs
  artifactKey: Guid(d2cdbcbd1e377d6408a91acbec31ba16) Importer(2089858483,192608db42251d675da83286b1cce702)
Start importing Assets/Mirror/Core/RemoteCalls.cs using Guid(d2cdbcbd1e377d6408a91acbec31ba16) Importer(2089858483,192608db42251d675da83286b1cce702) (ScriptedImporter) -> (artifact id: '157189661aba6cb9265f9599da454b39') in 0.005265177 seconds
Number of updated asset objects reloaded before import = 0Number of asset objects unloaded after import = 1

========================================================================
Received Import Request.
  Time since last request: 0.000015 seconds.
  path: Assets/Mirror/Core/PortTransport.cs
  artifactKey: Guid(f7c7c2820d7974cb28c7bfe9aae890a0) Importer(2089858483,192608db42251d675da83286b1cce702)
Start importing Assets/Mirror/Core/PortTransport.cs using Guid(f7c7c2820d7974cb28c7bfe9aae890a0) Importer(2089858483,192608db42251d675da83286b1cce702) (ScriptedImporter) -> (artifact id: 'fe4937a3c2b15678685b89babfee8a25') in 0.004298056 seconds
Number of updated asset objects reloaded before import = 0Number of asset objects unloaded after import = 1

========================================================================
Received Import Request.
  Time since last request: 0.000012 seconds.
  path: Assets/Mirror/Core/NetworkClient.cs
  artifactKey: Guid(abe6be14204d94224a3e7cd99dd2ea73) Importer(2089858483,192608db42251d675da83286b1cce702)
Start importing Assets/Mirror/Core/NetworkClient.cs using Guid(abe6be14204d94224a3e7cd99dd2ea73) Importer(2089858483,192608db42251d675da83286b1cce702) (ScriptedImporter) -> (artifact id: 'b32f181414fcf4a4c1e58688fecbfde6') in 0.003342465 seconds
Number of updated asset objects reloaded before import = 0Number of asset objects unloaded after import = 1

========================================================================
Received Import Request.
  Time since last request: 0.000023 seconds.
  path: Assets/Mirror/Core/NetworkReader.cs
  artifactKey: Guid(1610f05ec5bd14d6882e689f7372596a) Importer(2089858483,192608db42251d675da83286b1cce702)
Start importing Assets/Mirror/Core/NetworkReader.cs using Guid(1610f05ec5bd14d6882e689f7372596a) Importer(2089858483,192608db42251d675da83286b1cce702) (ScriptedImporter) -> (artifact id: '60de1c1910fa16f53b4ba855886b0d1d') in 0.004344632 seconds
Number of updated asset objects reloaded before import = 0Number of asset objects unloaded after import = 1

========================================================================
Received Import Request.
  Time since last request: 0.000013 seconds.
  path: Assets/Mirror/Core/NetworkReaderExtensions.cs
  artifactKey: Guid(364a9f7ccd5541e19aa2ae0b81f0b3cf) Importer(2089858483,192608db42251d675da83286b1cce702)
Start importing Assets/Mirror/Core/NetworkReaderExtensions.cs using Guid(364a9f7ccd5541e19aa2ae0b81f0b3cf) Importer(2089858483,192608db42251d675da83286b1cce702) (ScriptedImporter) -> (artifact id: '731ebb95335e386a10cd2837bfc51309') in 0.002935299 seconds
Number of updated asset objects reloaded before import = 0Number of asset objects unloaded after import = 1

========================================================================
Received Import Request.
  Time since last request: 0.000020 seconds.
  path: Assets/TextMesh Pro/Shaders/TMPro_Surface.cginc
  artifactKey: Guid(d930090c0cd643c7b55f19a38538c162) Importer(2089858483,192608db42251d675da83286b1cce702)
Start importing Assets/TextMesh Pro/Shaders/TMPro_Surface.cginc using Guid(d930090c0cd643c7b55f19a38538c162) Importer(2089858483,192608db42251d675da83286b1cce702) (ScriptedImporter) -> (artifact id: '857adfdf0910f190a550496fe541be2d') in 0.00455792 seconds
Number of updated asset objects reloaded before import = 0Number of asset objects unloaded after import = 1

========================================================================
Received Import Request.
  Time since last request: 0.000022 seconds.
  path: Assets/TextMesh Pro/Shaders/TMP_SDF Overlay.shader
  artifactKey: Guid(dd89cf5b9246416f84610a006f916af7) Importer(2089858483,192608db42251d675da83286b1cce702)
Start importing Assets/TextMesh Pro/Shaders/TMP_SDF Overlay.shader using Guid(dd89cf5b9246416f84610a006f916af7) Importer(2089858483,192608db42251d675da83286b1cce702) (ScriptedImporter) -> (artifact id: 'c928e7a6744f63be6dd58b030cd4053f') in 0.011831238 seconds
Number of updated asset objects reloaded before import = 0Number of asset objects unloaded after import = 1

========================================================================
Received Import Request.
  Time since last request: 0.000021 seconds.
  path: Assets/TextMesh Pro/Shaders/TMP_SDF SSD.shader
  artifactKey: Guid(14eb328de4b8eb245bb7cea29e4ac00b) Importer(2089858483,192608db42251d675da83286b1cce702)
Start importing Assets/TextMesh Pro/Shaders/TMP_SDF SSD.shader using Guid(14eb328de4b8eb245bb7cea29e4ac00b) Importer(2089858483,192608db42251d675da83286b1cce702) (ScriptedImporter) -> (artifact id: 'ae8623af285273a40ad62a0e883aeb53') in 0.009453766 seconds
Number of updated asset objects reloaded before import = 0Number of asset objects unloaded after import = 1

========================================================================
Received Import Request.
  Time since last request: 0.000029 seconds.
  path: Assets/TextMesh Pro/Shaders/TMP_SDF-Mobile SSD.shader
  artifactKey: Guid(c8d12adcee749c344b8117cf7c7eb912) Importer(2089858483,192608db42251d675da83286b1cce702)
Start importing Assets/TextMesh Pro/Shaders/TMP_SDF-Mobile SSD.shader using Guid(c8d12adcee749c344b8117cf7c7eb912) Importer(2089858483,192608db42251d675da83286b1cce702) (ScriptedImporter) -> (artifact id: '5a98d71c482d7e74da780aee56bc0303') in 0.007902141 seconds
Number of updated asset objects reloaded before import = 0Number of asset objects unloaded after import = 1

========================================================================
Received Import Request.
  Time since last request: 0.000045 seconds.
  path: Assets/TextMesh Pro/Resources/LineBreaking Following Characters.txt
  artifactKey: Guid(fade42e8bc714b018fac513c043d323b) Importer(2089858483,192608db42251d675da83286b1cce702)
Start importing Assets/TextMesh Pro/Resources/LineBreaking Following Characters.txt using Guid(fade42e8bc714b018fac513c043d323b) Importer(2089858483,192608db42251d675da83286b1cce702) (ScriptedImporter) -> (artifact id: 'e8b88be6e77ed7887ad1cfe399c30777') in 0.004653359 seconds
Number of updated asset objects reloaded before import = 0Number of asset objects unloaded after import = 1

========================================================================
Received Import Request.
  Time since last request: 0.000015 seconds.
  path: Assets/Mirror/Editor/SyncObjectCollectionsDrawer.cs
  artifactKey: Guid(6f90afab12e04f0e945d83e9d38308a3) Importer(2089858483,192608db42251d675da83286b1cce702)
Start importing Assets/Mirror/Editor/SyncObjectCollectionsDrawer.cs using Guid(6f90afab12e04f0e945d83e9d38308a3) Importer(2089858483,192608db42251d675da83286b1cce702) (ScriptedImporter) -> (artifact id: '2f5324109c56b8fcdd2f753e2bc31378') in 0.003022702 seconds
Number of updated asset objects reloaded before import = 0Number of asset objects unloaded after import = 0

========================================================================
Received Import Request.
  Time since last request: 0.000013 seconds.
  path: Assets/TextMesh Pro/Shaders/TMP_Bitmap-Mobile.shader
  artifactKey: Guid(1e3b057af24249748ff873be7fafee47) Importer(2089858483,192608db42251d675da83286b1cce702)
Start importing Assets/TextMesh Pro/Shaders/TMP_Bitmap-Mobile.shader using Guid(1e3b057af24249748ff873be7fafee47) Importer(2089858483,192608db42251d675da83286b1cce702) (ScriptedImporter) -> (artifact id: '48e77a0fd2213d4c11dc5bf0d1aea77c') in 0.003700773 seconds
Number of updated asset objects reloaded before import = 0Number of asset objects unloaded after import = 1

========================================================================
Received Import Request.
  Time since last request: 0.000026 seconds.
  path: Assets/Mirror/Components/NetworkRigidbody/NetworkRigidbodyUnreliable.cs
  artifactKey: Guid(3b20dc110904e47f8a154cdcf6433eae) Importer(2089858483,192608db42251d675da83286b1cce702)
Start importing Assets/Mirror/Components/NetworkRigidbody/NetworkRigidbodyUnreliable.cs using Guid(3b20dc110904e47f8a154cdcf6433eae) Importer(2089858483,192608db42251d675da83286b1cce702) (ScriptedImporter) -> (artifact id: '6df2328191d51dacbde71745f98b77ba') in 0.00444419 seconds
Number of updated asset objects reloaded before import = 0Number of asset objects unloaded after import = 1

========================================================================
Received Import Request.
  Time since last request: 0.000019 seconds.
  path: Assets/TextMesh Pro/Shaders/TMP_SDF-URP Lit.shadergraph
  artifactKey: Guid(a3d800b099a06e0478fb790c5e79057a) Importer(2089858483,192608db42251d675da83286b1cce702)
Start importing Assets/TextMesh Pro/Shaders/TMP_SDF-URP Lit.shadergraph using Guid(a3d800b099a06e0478fb790c5e79057a) Importer(2089858483,192608db42251d675da83286b1cce702) (ScriptedImporter) -> (artifact id: '9593d51838ed14b6fc1abc7d73d061d3') in 0.247640427 seconds
Number of updated asset objects reloaded before import = 0Number of asset objects unloaded after import = 4

========================================================================
Received Import Request.
  Time since last request: 0.000042 seconds.
  path: Assets/Mirror/Components/Discovery/NetworkDiscoveryBase.cs
  artifactKey: Guid(b9971d60ce61f4e39b07cd9e7e0c68fa) Importer(2089858483,192608db42251d675da83286b1cce702)
Start importing Assets/Mirror/Components/Discovery/NetworkDiscoveryBase.cs using Guid(b9971d60ce61f4e39b07cd9e7e0c68fa) Importer(2089858483,192608db42251d675da83286b1cce702) (ScriptedImporter) -> (artifact id: 'a0df9b6225fdf60e658388b9c84a902c') in 0.007712415 seconds
Number of updated asset objects reloaded before import = 0Number of asset objects unloaded after import = 1

========================================================================
Received Import Request.
  Time since last request: 0.000039 seconds.
  path: Assets/TextMesh Pro/Fonts/LiberationSans - OFL.txt
  artifactKey: Guid(6e59c59b81ab47f9b6ec5781fa725d2c) Importer(2089858483,192608db42251d675da83286b1cce702)
Start importing Assets/TextMesh Pro/Fonts/LiberationSans - OFL.txt using Guid(6e59c59b81ab47f9b6ec5781fa725d2c) Importer(2089858483,192608db42251d675da83286b1cce702) (ScriptedImporter) -> (artifact id: '4c2da9e16b2e158740af47c56e229ad7') in 0.007279563 seconds
Number of updated asset objects reloaded before import = 0Number of asset objects unloaded after import = 1

========================================================================
Received Import Request.
  Time since last request: 0.000012 seconds.
  path: Assets/Mirror/Components/Discovery/ServerRequest.cs
  artifactKey: Guid(ea7254bf7b9454da4adad881d94cd141) Importer(2089858483,192608db42251d675da83286b1cce702)
Start importing Assets/Mirror/Components/Discovery/ServerRequest.cs using Guid(ea7254bf7b9454da4adad881d94cd141) Importer(2089858483,192608db42251d675da83286b1cce702) (ScriptedImporter) -> (artifact id: 'e8d9a416c60333223e053b1b70f26fb9') in 0.004835296 seconds
Number of updated asset objects reloaded before import = 0Number of asset objects unloaded after import = 1

========================================================================
Received Import Request.
  Time since last request: 0.000014 seconds.
  path: Assets/Mirror/Editor/Welcome.cs
  artifactKey: Guid(180619c3887314f56bf396769c0a23ee) Importer(2089858483,192608db42251d675da83286b1cce702)
Start importing Assets/Mirror/Editor/Welcome.cs using Guid(180619c3887314f56bf396769c0a23ee) Importer(2089858483,192608db42251d675da83286b1cce702) (ScriptedImporter) -> (artifact id: 'e004d1491df39930fc96dd16d95066bc') in 0.003034774 seconds
Number of updated asset objects reloaded before import = 0Number of asset objects unloaded after import = 0

========================================================================
Received Import Request.
  Time since last request: 0.000028 seconds.
  path: Assets/Mirror/Components/LagCompensation/LagCompensator.cs
  artifactKey: Guid(a898831dd60c4cdfbfd9a6ea5702ed01) Importer(2089858483,192608db42251d675da83286b1cce702)
Start importing Assets/Mirror/Components/LagCompensation/LagCompensator.cs using Guid(a898831dd60c4cdfbfd9a6ea5702ed01) Importer(2089858483,192608db42251d675da83286b1cce702) (ScriptedImporter) -> (artifact id: '2c6a9dbbbfbeb476a8347c53912169ed') in 0.006536602 seconds
Number of updated asset objects reloaded before import = 0Number of asset objects unloaded after import = 1

========================================================================
Received Import Request.
  Time since last request: 0.000015 seconds.
  path: Assets/TextMesh Pro/Shaders/TMPro_Mobile.cginc
  artifactKey: Guid(c334973cef89a9840b0b0c507e0377ab) Importer(2089858483,192608db42251d675da83286b1cce702)
Start importing Assets/TextMesh Pro/Shaders/TMPro_Mobile.cginc using Guid(c334973cef89a9840b0b0c507e0377ab) Importer(2089858483,192608db42251d675da83286b1cce702) (ScriptedImporter) -> (artifact id: '600e8a2ff2f7623359e83c334c3711b7') in 0.003370746 seconds
Number of updated asset objects reloaded before import = 0Number of asset objects unloaded after import = 1

========================================================================
Received Import Request.
  Time since last request: 0.000017 seconds.
  path: Assets/TextMesh Pro/Shaders/TMP_SDF-Mobile Overlay.shader
  artifactKey: Guid(a02a7d8c237544f1962732b55a9aebf1) Importer(2089858483,192608db42251d675da83286b1cce702)
Start importing Assets/TextMesh Pro/Shaders/TMP_SDF-Mobile Overlay.shader using Guid(a02a7d8c237544f1962732b55a9aebf1) Importer(2089858483,192608db42251d675da83286b1cce702) (ScriptedImporter) -> (artifact id: 'd96581ba488282097f627d23d9b73360') in 0.003948464 seconds
Number of updated asset objects reloaded before import = 0Number of asset objects unloaded after import = 1

========================================================================
Received Import Request.
  Time since last request: 0.000040 seconds.
  path: Assets/TextMesh Pro/Shaders/TMPro.cginc
  artifactKey: Guid(407bc68d299748449bbf7f48ee690f8d) Importer(2089858483,192608db42251d675da83286b1cce702)
Start importing Assets/TextMesh Pro/Shaders/TMPro.cginc using Guid(407bc68d299748449bbf7f48ee690f8d) Importer(2089858483,192608db42251d675da83286b1cce702) (ScriptedImporter) -> (artifact id: 'ce9512d7027fc15fa36cbf2d6a2b1a0e') in 0.004599088 seconds
Number of updated asset objects reloaded before import = 0Number of asset objects unloaded after import = 1

========================================================================
Received Import Request.
  Time since last request: 0.000013 seconds.
  path: Assets/Mirror/Core/ConnectionQuality.cs
  artifactKey: Guid(ff663b880e33e4606b545c8b497041c2) Importer(2089858483,192608db42251d675da83286b1cce702)
Start importing Assets/Mirror/Core/ConnectionQuality.cs using Guid(ff663b880e33e4606b545c8b497041c2) Importer(2089858483,192608db42251d675da83286b1cce702) (ScriptedImporter) -> (artifact id: '24514d0731ff7d31b5ae149bf5e9891d') in 0.00381491 seconds
Number of updated asset objects reloaded before import = 0Number of asset objects unloaded after import = 1

========================================================================
Received Import Request.
  Time since last request: 0.000013 seconds.
  path: Assets/Mirror/Components/Discovery/NetworkDiscoveryHUD.cs
  artifactKey: Guid(88c37d3deca7a834d80cfd8d3cfcc510) Importer(2089858483,192608db42251d675da83286b1cce702)
Start importing Assets/Mirror/Components/Discovery/NetworkDiscoveryHUD.cs using Guid(88c37d3deca7a834d80cfd8d3cfcc510) Importer(2089858483,192608db42251d675da83286b1cce702) (ScriptedImporter) -> (artifact id: '27d3440a0259a81605ed86a35aa9f581') in 0.003827869 seconds
Number of updated asset objects reloaded before import = 0Number of asset objects unloaded after import = 1

========================================================================
Received Import Request.
  Time since last request: 0.000028 seconds.
  path: Assets/Mirror/Editor/AndroidManifestHelper.cs
  artifactKey: Guid(80cc70189403d7444bbffd185ca28462) Importer(2089858483,192608db42251d675da83286b1cce702)
Start importing Assets/Mirror/Editor/AndroidManifestHelper.cs using Guid(80cc70189403d7444bbffd185ca28462) Importer(2089858483,192608db42251d675da83286b1cce702) (ScriptedImporter) -> (artifact id: '2ca1d15e6be532dea51f0702213f65bc') in 0.005316024 seconds
Number of updated asset objects reloaded before import = 0Number of asset objects unloaded after import = 0

========================================================================
Received Import Request.
  Time since last request: 0.000024 seconds.
  path: Assets/Mirror/Components/NetworkTransform/TransformSnapshot.cs
  artifactKey: Guid(d3dae77b43dc4e1dbb2012924b2da79c) Importer(2089858483,192608db42251d675da83286b1cce702)
Start importing Assets/Mirror/Components/NetworkTransform/TransformSnapshot.cs using Guid(d3dae77b43dc4e1dbb2012924b2da79c) Importer(2089858483,192608db42251d675da83286b1cce702) (ScriptedImporter) -> (artifact id: 'b3ec3919134e82b9b70d2cbb077d7c40') in 0.003817004 seconds
Number of updated asset objects reloaded before import = 0Number of asset objects unloaded after import = 1

========================================================================
Received Import Request.
  Time since last request: 0.000013 seconds.
  path: Assets/TextMesh Pro/Shaders/SDFFunctions.hlsl
  artifactKey: Guid(96de908384869cd409c75efa351d5edf) Importer(2089858483,192608db42251d675da83286b1cce702)
Start importing Assets/TextMesh Pro/Shaders/SDFFunctions.hlsl using Guid(96de908384869cd409c75efa351d5edf) Importer(2089858483,192608db42251d675da83286b1cce702) (ScriptedImporter) -> (artifact id: 'd4879017a0b704ec470a670ae4be685e') in 0.002496501 seconds
Number of updated asset objects reloaded before import = 0Number of asset objects unloaded after import = 1

========================================================================
Received Import Request.
  Time since last request: 0.000013 seconds.
  path: Assets/Mirror/Core/LocalConnectionToClient.cs
  artifactKey: Guid(a88758df7db2043d6a9d926e0b6d4191) Importer(2089858483,192608db42251d675da83286b1cce702)
Start importing Assets/Mirror/Core/LocalConnectionToClient.cs using Guid(a88758df7db2043d6a9d926e0b6d4191) Importer(2089858483,192608db42251d675da83286b1cce702) (ScriptedImporter) -> (artifact id: '6ccac1bf8415a3c2b70cca92a32c564c') in 0.005931098 seconds
Number of updated asset objects reloaded before import = 0Number of asset objects unloaded after import = 1

========================================================================
Received Import Request.
  Time since last request: 0.000015 seconds.
  path: Assets/TextMesh Pro/Sprites/EmojiOne.png
  artifactKey: Guid(dffef66376be4fa480fb02b19edbe903) Importer(2089858483,192608db42251d675da83286b1cce702)
Start importing Assets/TextMesh Pro/Sprites/EmojiOne.png using Guid(dffef66376be4fa480fb02b19edbe903) Importer(2089858483,192608db42251d675da83286b1cce702) (ScriptedImporter) -> (artifact id: '603dedcb2fc1c4b41916db8019dac627') in 0.061874491 seconds
Number of updated asset objects reloaded before import = 0Number of asset objects unloaded after import = 1

========================================================================
Received Import Request.
  Time since last request: 0.000019 seconds.
  path: Assets/Mirror/Core/NetworkWriterPooled.cs
  artifactKey: Guid(a9fab936bf3c4716a452d94ad5ecbebe) Importer(2089858483,192608db42251d675da83286b1cce702)
Start importing Assets/Mirror/Core/NetworkWriterPooled.cs using Guid(a9fab936bf3c4716a452d94ad5ecbebe) Importer(2089858483,192608db42251d675da83286b1cce702) (ScriptedImporter) -> (artifact id: 'bfd9ddb271ecaabf1bf78e07d172c78a') in 0.004909227 seconds
Number of updated asset objects reloaded before import = 0Number of asset objects unloaded after import = 1

========================================================================
Received Import Request.
  Time since last request: 0.000029 seconds.
  path: Assets/Mirror/Components/LagCompensation/HistoryCollider.cs
  artifactKey: Guid(f5f2158d9776d4b569858f793be4da60) Importer(2089858483,192608db42251d675da83286b1cce702)
Start importing Assets/Mirror/Components/LagCompensation/HistoryCollider.cs using Guid(f5f2158d9776d4b569858f793be4da60) Importer(2089858483,192608db42251d675da83286b1cce702) (ScriptedImporter) -> (artifact id: '9d688770f0c4212c29860c62fdf26a10') in 0.005271394 seconds
Number of updated asset objects reloaded before import = 0Number of asset objects unloaded after import = 1

========================================================================
Received Import Request.
  Time since last request: 0.000014 seconds.
  path: Assets/TextMesh Pro/Shaders/TMP_Bitmap-Custom-Atlas.shader
  artifactKey: Guid(48bb5f55d8670e349b6e614913f9d910) Importer(2089858483,192608db42251d675da83286b1cce702)
Start importing Assets/TextMesh Pro/Shaders/TMP_Bitmap-Custom-Atlas.shader using Guid(48bb5f55d8670e349b6e614913f9d910) Importer(2089858483,192608db42251d675da83286b1cce702) (ScriptedImporter) -> (artifact id: 'dd21c7f69440e8dcb27fd23f0b859b98') in 0.008966849 seconds
Number of updated asset objects reloaded before import = 0Number of asset objects unloaded after import = 1

========================================================================
Received Import Request.
  Time since last request: 0.000025 seconds.
  path: Assets/Mirror/Authenticators/BasicAuthenticator.cs
  artifactKey: Guid(28496b776660156428f00cf78289c1ec) Importer(2089858483,192608db42251d675da83286b1cce702)
Start importing Assets/Mirror/Authenticators/BasicAuthenticator.cs using Guid(28496b776660156428f00cf78289c1ec) Importer(2089858483,192608db42251d675da83286b1cce702) (ScriptedImporter) -> (artifact id: '0cfe00b31048923fd286c456e15a8c66') in 0.011029732 seconds
Number of updated asset objects reloaded before import = 0Number of asset objects unloaded after import = 1

========================================================================
Received Import Request.
  Time since last request: 0.000044 seconds.
  path: Assets/Mirror/Core/NetworkClient_TimeInterpolation.cs
  artifactKey: Guid(ad039071a9cc487b9f7831d28bbe8e83) Importer(2089858483,192608db42251d675da83286b1cce702)
Start importing Assets/Mirror/Core/NetworkClient_TimeInterpolation.cs using Guid(ad039071a9cc487b9f7831d28bbe8e83) Importer(2089858483,192608db42251d675da83286b1cce702) (ScriptedImporter) -> (artifact id: '6422d8e1c9651f25a1368ccd96ddc5ec') in 0.004648367 seconds
Number of updated asset objects reloaded before import = 0Number of asset objects unloaded after import = 1

========================================================================
Received Import Request.
  Time since last request: 0.000018 seconds.
  path: Assets/Mirror/Components/NetworkRigidbody/NetworkRigidbodyReliable2D.cs
  artifactKey: Guid(7ec4f7556ca1e4b55a3381fc6a02b1bc) Importer(2089858483,192608db42251d675da83286b1cce702)
Start importing Assets/Mirror/Components/NetworkRigidbody/NetworkRigidbodyReliable2D.cs using Guid(7ec4f7556ca1e4b55a3381fc6a02b1bc) Importer(2089858483,192608db42251d675da83286b1cce702) (ScriptedImporter) -> (artifact id: 'b4ce22c609a8f16a7f2912dfeb9197be') in 0.004542423 seconds
Number of updated asset objects reloaded before import = 0Number of asset objects unloaded after import = 1

========================================================================
Received Import Request.
  Time since last request: 0.000016 seconds.
  path: Assets/Mirror/Core/Tools/Readme.txt
  artifactKey: Guid(da033671de7d49e0838223a997c56bf1) Importer(2089858483,192608db42251d675da83286b1cce702)
Start importing Assets/Mirror/Core/Tools/Readme.txt using Guid(da033671de7d49e0838223a997c56bf1) Importer(2089858483,192608db42251d675da83286b1cce702) (ScriptedImporter) -> (artifact id: 'c84fba65088497fa24514211624b3061') in 0.002677885 seconds
Number of updated asset objects reloaded before import = 0Number of asset objects unloaded after import = 1

========================================================================
Received Import Request.
  Time since last request: 0.000018 seconds.
  path: Assets/Mirror/Core/Tools/TimeSample.cs
  artifactKey: Guid(26c32f6429554546a88d800c846c74ed) Importer(2089858483,192608db42251d675da83286b1cce702)
Start importing Assets/Mirror/Core/Tools/TimeSample.cs using Guid(26c32f6429554546a88d800c846c74ed) Importer(2089858483,192608db42251d675da83286b1cce702) (ScriptedImporter) -> (artifact id: '0de1dd3ddb7a2f134ee8a7d2af4c3607') in 0.004851832 seconds
Number of updated asset objects reloaded before import = 0Number of asset objects unloaded after import = 1

========================================================================
Received Import Request.
  Time since last request: 0.000025 seconds.
  path: Assets/Mirror/Core/LagCompensation/HistoryBounds.cs
  artifactKey: Guid(ca9ea58b98a34f73801b162cd5de724e) Importer(2089858483,192608db42251d675da83286b1cce702)
Start importing Assets/Mirror/Core/LagCompensation/HistoryBounds.cs using Guid(ca9ea58b98a34f73801b162cd5de724e) Importer(2089858483,192608db42251d675da83286b1cce702) (ScriptedImporter) -> (artifact id: '9cb89a8bb9770d012643d90eb3d5143f') in 0.005052456 seconds
Number of updated asset objects reloaded before import = 0Number of asset objects unloaded after import = 1

========================================================================
Received Import Request.
  Time since last request: 0.000024 seconds.
  path: Assets/Mirror/Components/PredictedRigidbody/PredictedSyncData.cs
  artifactKey: Guid(f595f112a39e4634b670d56991b23823) Importer(2089858483,192608db42251d675da83286b1cce702)
Start importing Assets/Mirror/Components/PredictedRigidbody/PredictedSyncData.cs using Guid(f595f112a39e4634b670d56991b23823) Importer(2089858483,192608db42251d675da83286b1cce702) (ScriptedImporter) -> (artifact id: 'c394ccfef8deceb1d06be2ea397a344e') in 0.005666055 seconds
Number of updated asset objects reloaded before import = 0Number of asset objects unloaded after import = 0

========================================================================
Received Import Request.
  Time since last request: 0.000025 seconds.
  path: Assets/Mirror/Core/Threading/ConcurrentNetworkWriterPool.cs
  artifactKey: Guid(fdf46e334f52400c854c9732f6fcf005) Importer(2089858483,192608db42251d675da83286b1cce702)
Start importing Assets/Mirror/Core/Threading/ConcurrentNetworkWriterPool.cs using Guid(fdf46e334f52400c854c9732f6fcf005) Importer(2089858483,192608db42251d675da83286b1cce702) (ScriptedImporter) -> (artifact id: '902d18d6688d374bff4af16cb3b9e1e5') in 0.003903552 seconds
Number of updated asset objects reloaded before import = 0Number of asset objects unloaded after import = 1

========================================================================
Received Import Request.
  Time since last request: 0.000019 seconds.
  path: Assets/Mirror/Core/Tools/Compression.cs
  artifactKey: Guid(5c28963f9c4b97e418252a55500fb91e) Importer(2089858483,192608db42251d675da83286b1cce702)
Start importing Assets/Mirror/Core/Tools/Compression.cs using Guid(5c28963f9c4b97e418252a55500fb91e) Importer(2089858483,192608db42251d675da83286b1cce702) (ScriptedImporter) -> (artifact id: 'daa6375e1f6bf2ff22972c88550453f4') in 0.004575256 seconds
Number of updated asset objects reloaded before import = 0Number of asset objects unloaded after import = 1

========================================================================
Received Import Request.
  Time since last request: 0.000017 seconds.
  path: Assets/Mirror/Components/Profiling/NetworkPingGraph.cs
  artifactKey: Guid(14a68afedbbf4568b0decc5c3fe6dfd9) Importer(2089858483,192608db42251d675da83286b1cce702)
Start importing Assets/Mirror/Components/Profiling/NetworkPingGraph.cs using Guid(14a68afedbbf4568b0decc5c3fe6dfd9) Importer(2089858483,192608db42251d675da83286b1cce702) (ScriptedImporter) -> (artifact id: '1c8229a12dd16144aeec5a840355f6cb') in 0.00424239 seconds
Number of updated asset objects reloaded before import = 0Number of asset objects unloaded after import = 1

========================================================================
Received Import Request.
  Time since last request: 0.000023 seconds.
  path: Assets/Mirror/Core/LagCompensation/LagCompensationSettings.cs
  artifactKey: Guid(fa80bec245f94bf8a28ec78777992a1c) Importer(2089858483,192608db42251d675da83286b1cce702)
Start importing Assets/Mirror/Core/LagCompensation/LagCompensationSettings.cs using Guid(fa80bec245f94bf8a28ec78777992a1c) Importer(2089858483,192608db42251d675da83286b1cce702) (ScriptedImporter) -> (artifact id: 'cc5fd7927f995470a8fd2210587b4a6f') in 0.004863143 seconds
Number of updated asset objects reloaded before import = 0Number of asset objects unloaded after import = 1

========================================================================
Received Import Request.
  Time since last request: 0.000044 seconds.
  path: Assets/Mirror/Components/Profiling/NetworkGraphLines.shader
  artifactKey: Guid(e9fd6820072746bbaa3a83a449c31709) Importer(2089858483,192608db42251d675da83286b1cce702)
Start importing Assets/Mirror/Components/Profiling/NetworkGraphLines.shader using Guid(e9fd6820072746bbaa3a83a449c31709) Importer(2089858483,192608db42251d675da83286b1cce702) (ScriptedImporter) -> (artifact id: 'aac28fe00f7a69af960d47f182893634') in 0.00523646 seconds
Number of updated asset objects reloaded before import = 0Number of asset objects unloaded after import = 1

========================================================================
Received Import Request.
  Time since last request: 0.000040 seconds.
  path: Assets/Mirror/Editor/Weaver/Extensions.cs
  artifactKey: Guid(562a5cf0254cc45738e9aa549a7100b2) Importer(2089858483,192608db42251d675da83286b1cce702)
Start importing Assets/Mirror/Editor/Weaver/Extensions.cs using Guid(562a5cf0254cc45738e9aa549a7100b2) Importer(2089858483,192608db42251d675da83286b1cce702) (ScriptedImporter) -> (artifact id: 'bed0a15db9da9186669692084120bbab') in 0.007146889 seconds
Number of updated asset objects reloaded before import = 0Number of asset objects unloaded after import = 0

========================================================================
Received Import Request.
  Time since last request: 0.000025 seconds.
  path: Assets/Mirror/Core/Threading/ThreadLog.cs
  artifactKey: Guid(22360406b3844808b0a305486758a703) Importer(2089858483,192608db42251d675da83286b1cce702)
Start importing Assets/Mirror/Core/Threading/ThreadLog.cs using Guid(22360406b3844808b0a305486758a703) Importer(2089858483,192608db42251d675da83286b1cce702) (ScriptedImporter) -> (artifact id: '7f1418c7d6d30f48ebfb1381459102ed') in 0.006662185 seconds
Number of updated asset objects reloaded before import = 0Number of asset objects unloaded after import = 1

========================================================================
Received Import Request.
  Time since last request: 0.000023 seconds.
  path: Assets/Mirror/Components/PredictedRigidbody/RemoteGhostMaterial.mat
  artifactKey: Guid(04f0b2088c857414393bab3b80356776) Importer(2089858483,192608db42251d675da83286b1cce702)
Start importing Assets/Mirror/Components/PredictedRigidbody/RemoteGhostMaterial.mat using Guid(04f0b2088c857414393bab3b80356776) Importer(2089858483,192608db42251d675da83286b1cce702) (ScriptedImporter) -> (artifact id: 'aa5daa1a65cb68df040f27a18c17b68b') in 0.060134028 seconds
Number of updated asset objects reloaded before import = 0Number of asset objects unloaded after import = 1

========================================================================
Received Import Request.
  Time since last request: 0.000025 seconds.
  path: Assets/Mirror/Components/Profiling/NetworkBandwidthGraph.cs
  artifactKey: Guid(e1ae19b97f0e4a5eb8cf5158d97506f5) Importer(2089858483,192608db42251d675da83286b1cce702)
Start importing Assets/Mirror/Components/Profiling/NetworkBandwidthGraph.cs using Guid(e1ae19b97f0e4a5eb8cf5158d97506f5) Importer(2089858483,192608db42251d675da83286b1cce702) (ScriptedImporter) -> (artifact id: '5d147e9c0043da5b160adee72c9b4c9f') in 0.00464641 seconds
Number of updated asset objects reloaded before import = 0Number of asset objects unloaded after import = 1

========================================================================
Received Import Request.
  Time since last request: 0.000017 seconds.
  path: Assets/Mirror/Core/SnapshotInterpolation/TimeSnapshot.cs
  artifactKey: Guid(afe2b5ed49634971a2aec720ad74e5cd) Importer(2089858483,192608db42251d675da83286b1cce702)
Start importing Assets/Mirror/Core/SnapshotInterpolation/TimeSnapshot.cs using Guid(afe2b5ed49634971a2aec720ad74e5cd) Importer(2089858483,192608db42251d675da83286b1cce702) (ScriptedImporter) -> (artifact id: '66869ca6c6518f2d3ed045873e670ae1') in 0.003657854 seconds
Number of updated asset objects reloaded before import = 0Number of asset objects unloaded after import = 1

========================================================================
Received Import Request.
  Time since last request: 0.000025 seconds.
  path: Assets/Mirror/Core/Tools/AccurateInterval.cs
  artifactKey: Guid(c1b18064e25046f28b88db65a4012ec1) Importer(2089858483,192608db42251d675da83286b1cce702)
Start importing Assets/Mirror/Core/Tools/AccurateInterval.cs using Guid(c1b18064e25046f28b88db65a4012ec1) Importer(2089858483,192608db42251d675da83286b1cce702) (ScriptedImporter) -> (artifact id: '841c92616972b1c7efbb4187385c1dd4') in 0.004281307 seconds
Number of updated asset objects reloaded before import = 0Number of asset objects unloaded after import = 1

========================================================================
Received Import Request.
  Time since last request: 0.000027 seconds.
  path: Assets/Mirror/Examples/AdditiveScenes/README.md
  artifactKey: Guid(0a023e0d7315ac74094703ab69348733) Importer(2089858483,192608db42251d675da83286b1cce702)
Start importing Assets/Mirror/Examples/AdditiveScenes/README.md using Guid(0a023e0d7315ac74094703ab69348733) Importer(2089858483,192608db42251d675da83286b1cce702) (ScriptedImporter) -> (artifact id: '72a33b36875a06c1fa74c6538d39d836') in 0.004312603 seconds
Number of updated asset objects reloaded before import = 0Number of asset objects unloaded after import = 1

========================================================================
Received Import Request.
  Time since last request: 0.000013 seconds.
  path: Assets/Mirror/Components/Profiling/FpsMinMaxAvgGraph.cs
  artifactKey: Guid(73bc3b929ec94537a8dbd67eb9d0c2c6) Importer(2089858483,192608db42251d675da83286b1cce702)
Start importing Assets/Mirror/Components/Profiling/FpsMinMaxAvgGraph.cs using Guid(73bc3b929ec94537a8dbd67eb9d0c2c6) Importer(2089858483,192608db42251d675da83286b1cce702) (ScriptedImporter) -> (artifact id: 'b399d7d41fd05926c79d16e12e470516') in 0.005083993 seconds
Number of updated asset objects reloaded before import = 0Number of asset objects unloaded after import = 1

========================================================================
Received Import Request.
  Time since last request: 0.000022 seconds.
  path: Assets/Mirror/Core/Tools/Pool.cs
  artifactKey: Guid(845bb05fa349344c3811022f4f15dfbc) Importer(2089858483,192608db42251d675da83286b1cce702)
Start importing Assets/Mirror/Core/Tools/Pool.cs using Guid(845bb05fa349344c3811022f4f15dfbc) Importer(2089858483,192608db42251d675da83286b1cce702) (ScriptedImporter) -> (artifact id: 'b5f315df910855d9f7f6a5f7988ae686') in 0.004387118 seconds
Number of updated asset objects reloaded before import = 0Number of asset objects unloaded after import = 1

========================================================================
Received Import Request.
  Time since last request: 0.000026 seconds.
  path: Assets/Mirror/Editor/Weaver/Readers.cs
  artifactKey: Guid(be40277098a024539bf63d0205cae824) Importer(2089858483,192608db42251d675da83286b1cce702)
Start importing Assets/Mirror/Editor/Weaver/Readers.cs using Guid(be40277098a024539bf63d0205cae824) Importer(2089858483,192608db42251d675da83286b1cce702) (ScriptedImporter) -> (artifact id: 'c32e68c70dc9334b7d8664b7392617e0') in 0.00324923 seconds
Number of updated asset objects reloaded before import = 0Number of asset objects unloaded after import = 0

========================================================================
Received Import Request.
  Time since last request: 0.000025 seconds.
  path: Assets/Mirror/Core/Batching/Batcher.cs
  artifactKey: Guid(0afaaa611a2142d48a07bdd03b68b2b3) Importer(2089858483,192608db42251d675da83286b1cce702)
Start importing Assets/Mirror/Core/Batching/Batcher.cs using Guid(0afaaa611a2142d48a07bdd03b68b2b3) Importer(2089858483,192608db42251d675da83286b1cce702) (ScriptedImporter) -> (artifact id: '3df517c31b01423c89c682f174186e8b') in 0.003952051 seconds
Number of updated asset objects reloaded before import = 0Number of asset objects unloaded after import = 1

========================================================================
Received Import Request.
  Time since last request: 0.000028 seconds.
  path: Assets/Mirror/Core/LagCompensation/Capture.cs
  artifactKey: Guid(347e831952e943a49095cadd39a5aeb2) Importer(2089858483,192608db42251d675da83286b1cce702)
Start importing Assets/Mirror/Core/LagCompensation/Capture.cs using Guid(347e831952e943a49095cadd39a5aeb2) Importer(2089858483,192608db42251d675da83286b1cce702) (ScriptedImporter) -> (artifact id: '8dfd0fe1e18e8d4032628a347e1225b4') in 0.005435468 seconds
Number of updated asset objects reloaded before import = 0Number of asset objects unloaded after import = 1

========================================================================
Received Import Request.
  Time since last request: 0.000077 seconds.
  path: Assets/Mirror/Core/Tools/ExponentialMovingAverage.cs
  artifactKey: Guid(05e858cbaa54b4ce4a48c8c7f50c1914) Importer(2089858483,192608db42251d675da83286b1cce702)
Start importing Assets/Mirror/Core/Tools/ExponentialMovingAverage.cs using Guid(05e858cbaa54b4ce4a48c8c7f50c1914) Importer(2089858483,192608db42251d675da83286b1cce702) (ScriptedImporter) -> (artifact id: 'dc3488e875c59d97d3f0802acabd951f') in 0.004493173 seconds
Number of updated asset objects reloaded before import = 0Number of asset objects unloaded after import = 1

========================================================================
Received Import Request.
  Time since last request: 0.000014 seconds.
  path: Assets/Mirror/Components/Profiling/NetworkGraphStacked.shader
  artifactKey: Guid(b5b24284f35f4992bcd4cc43919267d7) Importer(2089858483,192608db42251d675da83286b1cce702)
Start importing Assets/Mirror/Components/Profiling/NetworkGraphStacked.shader using Guid(b5b24284f35f4992bcd4cc43919267d7) Importer(2089858483,192608db42251d675da83286b1cce702) (ScriptedImporter) -> (artifact id: '239b8ec9130f084a964a21075bc8fe4a') in 0.003628906 seconds
Number of updated asset objects reloaded before import = 0Number of asset objects unloaded after import = 1

========================================================================
Received Import Request.
  Time since last request: 0.000017 seconds.
  path: Assets/Mirror/Core/Batching/Unbatcher.cs
  artifactKey: Guid(328562d71e1c45c58581b958845aa7a4) Importer(2089858483,192608db42251d675da83286b1cce702)
Start importing Assets/Mirror/Core/Batching/Unbatcher.cs using Guid(328562d71e1c45c58581b958845aa7a4) Importer(2089858483,192608db42251d675da83286b1cce702) (ScriptedImporter) -> (artifact id: 'c2445aca78f373f22e7b09e9b0df5247') in 0.004217842 seconds
Number of updated asset objects reloaded before import = 0Number of asset objects unloaded after import = 1

========================================================================
Received Import Request.
  Time since last request: 0.000028 seconds.
  path: Assets/Mirror/Components/PredictedRigidbody/PredictedRigidbodyRemoteGhost.cs
  artifactKey: Guid(62e7e9424c7e48d69b6a3517796142a1) Importer(2089858483,192608db42251d675da83286b1cce702)
Start importing Assets/Mirror/Components/PredictedRigidbody/PredictedRigidbodyRemoteGhost.cs using Guid(62e7e9424c7e48d69b6a3517796142a1) Importer(2089858483,192608db42251d675da83286b1cce702) (ScriptedImporter) -> (artifact id: 'a0a1296b2e789abea81c6806e0792115') in 0.007957658 seconds
Number of updated asset objects reloaded before import = 0Number of asset objects unloaded after import = 1

========================================================================
Received Import Request.
  Time since last request: 0.000025 seconds.
  path: Assets/Mirror/Core/Tools/DeltaCompression.cs
  artifactKey: Guid(6b8f3fffcb4754c15bc5ed4c33e2497b) Importer(2089858483,192608db42251d675da83286b1cce702)
Start importing Assets/Mirror/Core/Tools/DeltaCompression.cs using Guid(6b8f3fffcb4754c15bc5ed4c33e2497b) Importer(2089858483,192608db42251d675da83286b1cce702) (ScriptedImporter) -> (artifact id: 'fd98d612b757838bdd693e12c4f4c685') in 0.007860569 seconds
Number of updated asset objects reloaded before import = 0Number of asset objects unloaded after import = 1

========================================================================
Received Import Request.
  Time since last request: 0.000019 seconds.
  path: Assets/Mirror/Core/Threading/ConcurrentNetworkWriterPooled.cs
  artifactKey: Guid(9163d963b36b4e389318f312bfd8e488) Importer(2089858483,192608db42251d675da83286b1cce702)
Start importing Assets/Mirror/Core/Threading/ConcurrentNetworkWriterPooled.cs using Guid(9163d963b36b4e389318f312bfd8e488) Importer(2089858483,192608db42251d675da83286b1cce702) (ScriptedImporter) -> (artifact id: '2b424048652729450304a4cffb6aa690') in 0.00516574 seconds
Number of updated asset objects reloaded before import = 0Number of asset objects unloaded after import = 0

========================================================================
Received Import Request.
  Time since last request: 0.000017 seconds.
  path: Assets/Mirror/Editor/Mirror.Editor.asmdef
  artifactKey: Guid(1c7c33eb5480dd24c9e29a8250c1a775) Importer(2089858483,192608db42251d675da83286b1cce702)
Start importing Assets/Mirror/Editor/Mirror.Editor.asmdef using Guid(1c7c33eb5480dd24c9e29a8250c1a775) Importer(2089858483,192608db42251d675da83286b1cce702) (ScriptedImporter) -> (artifact id: 'a2607f7e4530eccea41ea5bcdf36f004') in 0.002808181 seconds
Number of updated asset objects reloaded before import = 0Number of asset objects unloaded after import = 1

========================================================================
Received Import Request.
  Time since last request: 0.000022 seconds.
  path: Assets/Mirror/Core/NetworkConnection.cs
  artifactKey: Guid(11ea41db366624109af1f0834bcdde2f) Importer(2089858483,192608db42251d675da83286b1cce702)
Start importing Assets/Mirror/Core/NetworkConnection.cs using Guid(11ea41db366624109af1f0834bcdde2f) Importer(2089858483,192608db42251d675da83286b1cce702) (ScriptedImporter) -> (artifact id: '5d548e86ec6ab29a7f00d29ef4dd2d06') in 0.003852061 seconds
Number of updated asset objects reloaded before import = 0Number of asset objects unloaded after import = 1

========================================================================
Received Import Request.
  Time since last request: 0.000024 seconds.
  path: Assets/Mirror/Components/Discovery/NetworkDiscovery.cs
  artifactKey: Guid(c761308e733c51245b2e8bb4201f46dc) Importer(2089858483,192608db42251d675da83286b1cce702)
Start importing Assets/Mirror/Components/Discovery/NetworkDiscovery.cs using Guid(c761308e733c51245b2e8bb4201f46dc) Importer(2089858483,192608db42251d675da83286b1cce702) (ScriptedImporter) -> (artifact id: '1ba988a8269054baf04627a7c5013621') in 0.004763096 seconds
Number of updated asset objects reloaded before import = 0Number of asset objects unloaded after import = 1

========================================================================
Received Import Request.
  Time since last request: 0.000032 seconds.
  path: Assets/Mirror/Core/SyncDictionary.cs
  artifactKey: Guid(4b346c49cfdb668488a364c3023590e2) Importer(2089858483,192608db42251d675da83286b1cce702)
Start importing Assets/Mirror/Core/SyncDictionary.cs using Guid(4b346c49cfdb668488a364c3023590e2) Importer(2089858483,192608db42251d675da83286b1cce702) (ScriptedImporter) -> (artifact id: 'd908fa614ddf50dc7427426a8cfc45f1') in 0.006097802 seconds
Number of updated asset objects reloaded before import = 0Number of asset objects unloaded after import = 1

========================================================================
Received Import Request.
  Time since last request: 0.000023 seconds.
  path: Assets/Mirror/Core/NetworkServer.cs
  artifactKey: Guid(a5f5ec068f5604c32b160bc49ee97b75) Importer(2089858483,192608db42251d675da83286b1cce702)
Start importing Assets/Mirror/Core/NetworkServer.cs using Guid(a5f5ec068f5604c32b160bc49ee97b75) Importer(2089858483,192608db42251d675da83286b1cce702) (ScriptedImporter) -> (artifact id: '6dde5a4909ae0b6c55289f5b531f4d4a') in 0.004635812 seconds
Number of updated asset objects reloaded before import = 0Number of asset objects unloaded after import = 1

========================================================================
Received Import Request.
  Time since last request: 0.000012 seconds.
  path: Assets/Mirror/Core/NetworkStartPosition.cs
  artifactKey: Guid(41f84591ce72545258ea98cb7518d8b9) Importer(2089858483,192608db42251d675da83286b1cce702)
Start importing Assets/Mirror/Core/NetworkStartPosition.cs using Guid(41f84591ce72545258ea98cb7518d8b9) Importer(2089858483,192608db42251d675da83286b1cce702) (ScriptedImporter) -> (artifact id: 'a83b486e51a517066db5423f9ea4f265') in 0.004893568 seconds
Number of updated asset objects reloaded before import = 0Number of asset objects unloaded after import = 1

========================================================================
Received Import Request.
  Time since last request: 0.000028 seconds.
  path: Assets/Scripts/GameFieldManager.cs
  artifactKey: Guid(a46dbcae533bdd0d88c6cec402870651) Importer(2089858483,192608db42251d675da83286b1cce702)
Start importing Assets/Scripts/GameFieldManager.cs using Guid(a46dbcae533bdd0d88c6cec402870651) Importer(2089858483,192608db42251d675da83286b1cce702) (ScriptedImporter) -> (artifact id: '3f5bcb1874ba24454901a0ab7feada2e') in 0.003477476 seconds
Number of updated asset objects reloaded before import = 0Number of asset objects unloaded after import = 0

========================================================================
Received Import Request.
  Time since last request: 0.000030 seconds.
  path: Assets/Mirror/Components/Profiling/NetworkRuntimeProfiler.cs
  artifactKey: Guid(ef8db82aeb77400bb9e80850e39065a9) Importer(2089858483,192608db42251d675da83286b1cce702)
Start importing Assets/Mirror/Components/Profiling/NetworkRuntimeProfiler.cs using Guid(ef8db82aeb77400bb9e80850e39065a9) Importer(2089858483,192608db42251d675da83286b1cce702) (ScriptedImporter) -> (artifact id: '71ae10e5331b16d1211f58b95ca5a209') in 0.005236002 seconds
Number of updated asset objects reloaded before import = 0Number of asset objects unloaded after import = 1

========================================================================
Received Import Request.
  Time since last request: 0.000055 seconds.
  path: Assets/ScriptTemplates/50-Mirror__Network Manager-NewNetworkManager.cs.txt
  artifactKey: Guid(ed73cc79a95879d4abd948a36043c798) Importer(2089858483,192608db42251d675da83286b1cce702)
Start importing Assets/ScriptTemplates/50-Mirror__Network Manager-NewNetworkManager.cs.txt using Guid(ed73cc79a95879d4abd948a36043c798) Importer(2089858483,192608db42251d675da83286b1cce702) (ScriptedImporter) -> (artifact id: '2ed7758966b4ee85c65d993849cecb76') in 0.004139499 seconds
Number of updated asset objects reloaded before import = 0Number of asset objects unloaded after import = 1

========================================================================
Received Import Request.
  Time since last request: 0.000028 seconds.
  path: Assets/Mirror/Components/GUIConsole.cs
  artifactKey: Guid(9021b6cc314944290986ab6feb48db79) Importer(2089858483,192608db42251d675da83286b1cce702)
Start importing Assets/Mirror/Components/GUIConsole.cs using Guid(9021b6cc314944290986ab6feb48db79) Importer(2089858483,192608db42251d675da83286b1cce702) (ScriptedImporter) -> (artifact id: '53406da5c2859f1db19af3fdfc000bd2') in 0.006261269 seconds
Number of updated asset objects reloaded before import = 0Number of asset objects unloaded after import = 1

========================================================================
Received Import Request.
  Time since last request: 0.000016 seconds.
  path: Assets/TextMesh Pro/Shaders/TMP_SDF-HDRP LIT.shadergraph
  artifactKey: Guid(ca2ed216f98028c4dae6c5224a952b3c) Importer(2089858483,192608db42251d675da83286b1cce702)
Start importing Assets/TextMesh Pro/Shaders/TMP_SDF-HDRP LIT.shadergraph using Guid(ca2ed216f98028c4dae6c5224a952b3c) Importer(2089858483,192608db42251d675da83286b1cce702) (ScriptedImporter) -> (artifact id: 'd99cfffe3586c9ebc8c11051f04a1990') in 0.019951609 seconds
Number of updated asset objects reloaded before import = 0Number of asset objects unloaded after import = 3

========================================================================
Received Import Request.
  Time since last request: 0.000028 seconds.
  path: Assets/Mirror/Examples/CharacterSelection/_ReadMe.txt
  artifactKey: Guid(c6aefc445c18946b2ae670e81fa2d9ed) Importer(2089858483,192608db42251d675da83286b1cce702)
Start importing Assets/Mirror/Examples/CharacterSelection/_ReadMe.txt using Guid(c6aefc445c18946b2ae670e81fa2d9ed) Importer(2089858483,192608db42251d675da83286b1cce702) (ScriptedImporter) -> (artifact id: 'f1bef08450f120d06ec262fee70cf7b6') in 0.003781525 seconds
Number of updated asset objects reloaded before import = 0Number of asset objects unloaded after import = 1

========================================================================
Received Import Request.
  Time since last request: 0.000028 seconds.
  path: Assets/Mirror/Examples/BenchmarkIdle/Player.mat
  artifactKey: Guid(d420d3b9c6ea54d8392b48f1cfa2e91c) Importer(2089858483,192608db42251d675da83286b1cce702)
Start importing Assets/Mirror/Examples/BenchmarkIdle/Player.mat using Guid(d420d3b9c6ea54d8392b48f1cfa2e91c) Importer(2089858483,192608db42251d675da83286b1cce702) (ScriptedImporter) -> (artifact id: '31524fdeeb8d8365e5f7444154d35524') in 0.063303092 seconds
Number of updated asset objects reloaded before import = 0Number of asset objects unloaded after import = 1

========================================================================
Received Import Request.
  Time since last request: 0.000025 seconds.
  path: Assets/Mirror/Examples/CCU/CCUNetworkManager.cs
  artifactKey: Guid(b0ff29cd45bcd43128c4cc79f25fd658) Importer(2089858483,192608db42251d675da83286b1cce702)
Start importing Assets/Mirror/Examples/CCU/CCUNetworkManager.cs using Guid(b0ff29cd45bcd43128c4cc79f25fd658) Importer(2089858483,192608db42251d675da83286b1cce702) (ScriptedImporter) -> (artifact id: '0c9acd30c5dc6c7c6a4fca089694c89b') in 0.004017881 seconds
Number of updated asset objects reloaded before import = 0Number of asset objects unloaded after import = 0

========================================================================
Received Import Request.
  Time since last request: 0.000029 seconds.
  path: Assets/Mirror/Examples/CouchCoop/MirrorCouchCoop.unity
  artifactKey: Guid(639ffa9af490c4a8fb41de76fd1ab4e1) Importer(2089858483,192608db42251d675da83286b1cce702)
Start importing Assets/Mirror/Examples/CouchCoop/MirrorCouchCoop.unity using Guid(639ffa9af490c4a8fb41de76fd1ab4e1) Importer(2089858483,192608db42251d675da83286b1cce702) (ScriptedImporter) -> (artifact id: 'dc1566339ca645e968bc7464a2ccc6f3') in 0.008273724 seconds
Number of updated asset objects reloaded before import = 0Number of asset objects unloaded after import = 1

========================================================================
Received Import Request.
  Time since last request: 0.000025 seconds.
  path: Assets/Mirror/Examples/BenchmarkPrediction/PlayerSpectator.prefab
  artifactKey: Guid(feea51e51b4564f06a38482bbebac8fa) Importer(2089858483,192608db42251d675da83286b1cce702)
Start importing Assets/Mirror/Examples/BenchmarkPrediction/PlayerSpectator.prefab using Guid(feea51e51b4564f06a38482bbebac8fa) Importer(2089858483,192608db42251d675da83286b1cce702) (ScriptedImporter) -> (artifact id: '864d9b41ccfa5c98a5eeab7248c60925') in 0.019519571 seconds
Number of updated asset objects reloaded before import = 0Number of asset objects unloaded after import = 5

========================================================================
Received Import Request.
  Time since last request: 0.000019 seconds.
  path: Assets/Mirror/Examples/BilliardsPredicted/MirrorBilliardsPredicted.unity
  artifactKey: Guid(b18c719cb0805482ca6fc7c2db38ab4b) Importer(2089858483,192608db42251d675da83286b1cce702)
Start importing Assets/Mirror/Examples/BilliardsPredicted/MirrorBilliardsPredicted.unity using Guid(b18c719cb0805482ca6fc7c2db38ab4b) Importer(2089858483,192608db42251d675da83286b1cce702) (ScriptedImporter) -> (artifact id: '3edecc4766b83ffdcd931cba4a45b56b') in 0.020517584 seconds
Number of updated asset objects reloaded before import = 0Number of asset objects unloaded after import = 1

========================================================================
Received Import Request.
  Time since last request: 0.000011 seconds.
  path: Assets/Mirror/Examples/EdgegapLobby/_ReadMe.txt
  artifactKey: Guid(a6c3a72e7e659a7459a3ba3adb15b2e0) Importer(2089858483,192608db42251d675da83286b1cce702)
Start importing Assets/Mirror/Examples/EdgegapLobby/_ReadMe.txt using Guid(a6c3a72e7e659a7459a3ba3adb15b2e0) Importer(2089858483,192608db42251d675da83286b1cce702) (ScriptedImporter) -> (artifact id: '6149faf4e7aec0a325ffc27f098acd22') in 0.004586259 seconds
Number of updated asset objects reloaded before import = 0Number of asset objects unloaded after import = 1

========================================================================
Received Import Request.
  Time since last request: 0.000038 seconds.
  path: Assets/Mirror/Examples/CCU/White.mat
  artifactKey: Guid(ae32f0609a5e9453b95ec3b9e28c2ac8) Importer(2089858483,192608db42251d675da83286b1cce702)
Start importing Assets/Mirror/Examples/CCU/White.mat using Guid(ae32f0609a5e9453b95ec3b9e28c2ac8) Importer(2089858483,192608db42251d675da83286b1cce702) (ScriptedImporter) -> (artifact id: '41e6d2a33bf7abb562d9dcd83bdd8f61') in 0.011250322 seconds
Number of updated asset objects reloaded before import = 0Number of asset objects unloaded after import = 1

========================================================================
Received Import Request.
  Time since last request: 0.000029 seconds.
  path: Assets/Mirror/Examples/BenchmarkIdle/_Readme.txt
  artifactKey: Guid(c00df365757142c3b4b835df96eba59b) Importer(2089858483,192608db42251d675da83286b1cce702)
Start importing Assets/Mirror/Examples/BenchmarkIdle/_Readme.txt using Guid(c00df365757142c3b4b835df96eba59b) Importer(2089858483,192608db42251d675da83286b1cce702) (ScriptedImporter) -> (artifact id: 'e439d10717220ae13d3efc752c23427e') in 0.002226292 seconds
Number of updated asset objects reloaded before import = 0Number of asset objects unloaded after import = 1

========================================================================
Received Import Request.
  Time since last request: 0.000014 seconds.
  path: Assets/Mirror/Examples/CouchCoop/_ReadMe.txt
  artifactKey: Guid(bd8cfa13483c4428facfd02c63e3dbca) Importer(2089858483,192608db42251d675da83286b1cce702)
Start importing Assets/Mirror/Examples/CouchCoop/_ReadMe.txt using Guid(bd8cfa13483c4428facfd02c63e3dbca) Importer(2089858483,192608db42251d675da83286b1cce702) (ScriptedImporter) -> (artifact id: '12f0fa0cdff770ef95e46697a5ea30fb') in 0.002955399 seconds
Number of updated asset objects reloaded before import = 0Number of asset objects unloaded after import = 1

========================================================================
Received Import Request.
  Time since last request: 0.000014 seconds.
  path: Assets/Mirror/Examples/BenchmarkPrediction/Readme.md
  artifactKey: Guid(ef1cc472cf2141baa667b35be391340a) Importer(2089858483,192608db42251d675da83286b1cce702)
Start importing Assets/Mirror/Examples/BenchmarkPrediction/Readme.md using Guid(ef1cc472cf2141baa667b35be391340a) Importer(2089858483,192608db42251d675da83286b1cce702) (ScriptedImporter) -> (artifact id: 'e290eed3e9d44f568b9bb1c6862cda2a') in 0.003099587 seconds
Number of updated asset objects reloaded before import = 0Number of asset objects unloaded after import = 1

========================================================================
Received Import Request.
  Time since last request: 0.000024 seconds.
  path: Assets/Mirror/Examples/PlayerTest/PlayerRBReliable.prefab
  artifactKey: Guid(51b55303800297f4ba210567adf65d62) Importer(2089858483,192608db42251d675da83286b1cce702)
Start importing Assets/Mirror/Examples/PlayerTest/PlayerRBReliable.prefab using Guid(51b55303800297f4ba210567adf65d62) Importer(2089858483,192608db42251d675da83286b1cce702) (ScriptedImporter) -> (artifact id: '8d0f770b7f38fdfa61522b8b1d82e3ce') in 0.079579776 seconds
Number of updated asset objects reloaded before import = 0Number of asset objects unloaded after import = 168

========================================================================
Received Import Request.
  Time since last request: 0.000026 seconds.
  path: Assets/Mirror/Examples/BenchmarkPrediction/RandomForce.cs
  artifactKey: Guid(87a6103a0a29544ba9f303c8a3b7407c) Importer(2089858483,192608db42251d675da83286b1cce702)
Start importing Assets/Mirror/Examples/BenchmarkPrediction/RandomForce.cs using Guid(87a6103a0a29544ba9f303c8a3b7407c) Importer(2089858483,192608db42251d675da83286b1cce702) (ScriptedImporter) -> (artifact id: '74df55d88be9e1ce5f3e659ca2e5eff5') in 0.00394382 seconds
Number of updated asset objects reloaded before import = 0Number of asset objects unloaded after import = 0

========================================================================
Received Import Request.
  Time since last request: 0.000028 seconds.
  path: Assets/Mirror/Examples/PlayerTest/PlayerUnreliable.prefab
  artifactKey: Guid(400bac1c9e1e96648a83f333d4837484) Importer(2089858483,192608db42251d675da83286b1cce702)
Start importing Assets/Mirror/Examples/PlayerTest/PlayerUnreliable.prefab using Guid(400bac1c9e1e96648a83f333d4837484) Importer(2089858483,192608db42251d675da83286b1cce702) (ScriptedImporter) -> (artifact id: 'decab769b0e4704a5e2c74dc6e363b46') in 0.057680639 seconds
Number of updated asset objects reloaded before import = 0Number of asset objects unloaded after import = 169

========================================================================
Received Import Request.
  Time since last request: 0.000024 seconds.
  path: Assets/Mirror/Examples/MultipleMatches/README.md
  artifactKey: Guid(9749e23e4e90e0646afc81061710a927) Importer(2089858483,192608db42251d675da83286b1cce702)
Start importing Assets/Mirror/Examples/MultipleMatches/README.md using Guid(9749e23e4e90e0646afc81061710a927) Importer(2089858483,192608db42251d675da83286b1cce702) (ScriptedImporter) -> (artifact id: '73a8261a905be627108368aabec6c156') in 0.004151493 seconds
Number of updated asset objects reloaded before import = 0Number of asset objects unloaded after import = 1

========================================================================
Received Import Request.
  Time since last request: 0.000014 seconds.
  path: Assets/Mirror/Examples/Basic/README.md
  artifactKey: Guid(67177defd4d334a549e535f10506cc66) Importer(2089858483,192608db42251d675da83286b1cce702)
Start importing Assets/Mirror/Examples/Basic/README.md using Guid(67177defd4d334a549e535f10506cc66) Importer(2089858483,192608db42251d675da83286b1cce702) (ScriptedImporter) -> (artifact id: 'f9e23d6a0710a3fe5d1b0916a182abac') in 0.002782647 seconds
Number of updated asset objects reloaded before import = 0Number of asset objects unloaded after import = 1

========================================================================
Received Import Request.
  Time since last request: 0.000016 seconds.
  path: Assets/Mirror/Examples/BenchmarkIdle/Npc.mat
  artifactKey: Guid(3ec830ed62de74cfe8c71892397c32ee) Importer(2089858483,192608db42251d675da83286b1cce702)
Start importing Assets/Mirror/Examples/BenchmarkIdle/Npc.mat using Guid(3ec830ed62de74cfe8c71892397c32ee) Importer(2089858483,192608db42251d675da83286b1cce702) (ScriptedImporter) -> (artifact id: 'c703d3d1b65c266b19d5a5b824b1855b') in 0.004650541 seconds
Number of updated asset objects reloaded before import = 0Number of asset objects unloaded after import = 1

========================================================================
Received Import Request.
  Time since last request: 0.000033 seconds.
  path: Assets/Mirror/Examples/LagCompensation/Capture2D.cs
  artifactKey: Guid(a2ccdcd0db384bf08f4150ffb08fd09b) Importer(2089858483,192608db42251d675da83286b1cce702)
Start importing Assets/Mirror/Examples/LagCompensation/Capture2D.cs using Guid(a2ccdcd0db384bf08f4150ffb08fd09b) Importer(2089858483,192608db42251d675da83286b1cce702) (ScriptedImporter) -> (artifact id: '14b835ac4457b517c18289b61eeb9944') in 0.004163935 seconds
Number of updated asset objects reloaded before import = 0Number of asset objects unloaded after import = 0

========================================================================
Received Import Request.
  Time since last request: 0.000019 seconds.
  path: Assets/Mirror/Examples/BenchmarkIdle/BenchmarkIdleNetworkManager.cs
  artifactKey: Guid(6f7f7192969f04e1eb1d3b30cb378a20) Importer(2089858483,192608db42251d675da83286b1cce702)
Start importing Assets/Mirror/Examples/BenchmarkIdle/BenchmarkIdleNetworkManager.cs using Guid(6f7f7192969f04e1eb1d3b30cb378a20) Importer(2089858483,192608db42251d675da83286b1cce702) (ScriptedImporter) -> (artifact id: '75f8c58777bb77f5c4226ba288cfaf7b') in 0.005584566 seconds
Number of updated asset objects reloaded before import = 0Number of asset objects unloaded after import = 0

========================================================================
Received Import Request.
  Time since last request: 0.000032 seconds.
  path: Assets/Mirror/Examples/HexSpatialHash/Hex3DSpatialHash.unity
  artifactKey: Guid(e43f8c9a8ffac304d8ed2e98d0614ff8) Importer(2089858483,192608db42251d675da83286b1cce702)
Start importing Assets/Mirror/Examples/HexSpatialHash/Hex3DSpatialHash.unity using Guid(e43f8c9a8ffac304d8ed2e98d0614ff8) Importer(2089858483,192608db42251d675da83286b1cce702) (ScriptedImporter) -> (artifact id: 'dac95fbb8ce0815f0585d4a89a524417') in 0.005642147 seconds
Number of updated asset objects reloaded before import = 0Number of asset objects unloaded after import = 1

========================================================================
Received Import Request.
  Time since last request: 0.000028 seconds.
  path: Assets/Mirror/Examples/CCU/Monster.cs
  artifactKey: Guid(b3a6fbf45e1c94ce6b2c1a2d08519a11) Importer(2089858483,192608db42251d675da83286b1cce702)
Start importing Assets/Mirror/Examples/CCU/Monster.cs using Guid(b3a6fbf45e1c94ce6b2c1a2d08519a11) Importer(2089858483,192608db42251d675da83286b1cce702) (ScriptedImporter) -> (artifact id: '012c8e1b2b88dcfd76327021f13ca0b3') in 0.003124898 seconds
Number of updated asset objects reloaded before import = 0Number of asset objects unloaded after import = 0

========================================================================
Received Import Request.
  Time since last request: 0.000027 seconds.
  path: Assets/Mirror/Examples/Billiards/MirrorBilliards.unity
  artifactKey: Guid(72a58a2e3a00b473795104a0379c5b02) Importer(2089858483,192608db42251d675da83286b1cce702)
Start importing Assets/Mirror/Examples/Billiards/MirrorBilliards.unity using Guid(72a58a2e3a00b473795104a0379c5b02) Importer(2089858483,192608db42251d675da83286b1cce702) (ScriptedImporter) -> (artifact id: '4da350ac5ee6405815a28b8053485954') in 0.005770851 seconds
Number of updated asset objects reloaded before import = 0Number of asset objects unloaded after import = 1

========================================================================
Received Import Request.
  Time since last request: 0.000020 seconds.
  path: Assets/Mirror/Examples/PlayerTest/PlayerReliable.prefab
  artifactKey: Guid(34c79b503a7a04847be9745d119b655d) Importer(2089858483,192608db42251d675da83286b1cce702)
Start importing Assets/Mirror/Examples/PlayerTest/PlayerReliable.prefab using Guid(34c79b503a7a04847be9745d119b655d) Importer(2089858483,192608db42251d675da83286b1cce702) (ScriptedImporter) -> (artifact id: '1ae9681928a856ce002772fc27a4a8b5') in 0.036698645 seconds
Number of updated asset objects reloaded before import = 0Number of asset objects unloaded after import = 169

========================================================================
Received Import Request.
  Time since last request: 0.000022 seconds.
  path: Assets/Mirror/Examples/Room/README.md
  artifactKey: Guid(9110f04bd1e8468479f6625342d311c5) Importer(2089858483,192608db42251d675da83286b1cce702)
Start importing Assets/Mirror/Examples/Room/README.md using Guid(9110f04bd1e8468479f6625342d311c5) Importer(2089858483,192608db42251d675da83286b1cce702) (ScriptedImporter) -> (artifact id: '0b77abdac6ed7fb8b672ce74cf459693') in 0.004237937 seconds
Number of updated asset objects reloaded before import = 0Number of asset objects unloaded after import = 1

========================================================================
Received Import Request.
  Time since last request: 0.000020 seconds.
  path: Assets/Mirror/Examples/PickupsDropsChilds/PickupsDropsChilds.unity
  artifactKey: Guid(2c26d69f5818f514b9504823866eb714) Importer(2089858483,192608db42251d675da83286b1cce702)
Start importing Assets/Mirror/Examples/PickupsDropsChilds/PickupsDropsChilds.unity using Guid(2c26d69f5818f514b9504823866eb714) Importer(2089858483,192608db42251d675da83286b1cce702) (ScriptedImporter) -> (artifact id: '54bcc908bf5868c122621c9c01040e5b') in 0.012247549 seconds
Number of updated asset objects reloaded before import = 0Number of asset objects unloaded after import = 1

========================================================================
Received Import Request.
  Time since last request: 0.000015 seconds.
  path: Assets/Mirror/Examples/BenchmarkPrediction/PredictedBall.prefab
  artifactKey: Guid(881505c283e224c4fbe4e03127f08b4a) Importer(2089858483,192608db42251d675da83286b1cce702)
Start importing Assets/Mirror/Examples/BenchmarkPrediction/PredictedBall.prefab using Guid(881505c283e224c4fbe4e03127f08b4a) Importer(2089858483,192608db42251d675da83286b1cce702) (ScriptedImporter) -> (artifact id: 'e280d794c814ba7cff5fe87e946e2de6') in 0.044588917 seconds
Number of updated asset objects reloaded before import = 0Number of asset objects unloaded after import = 13

========================================================================
Received Import Request.
  Time since last request: 0.000033 seconds.
  path: Assets/Mirror/Examples/Snapshot Interpolation/README.txt
  artifactKey: Guid(cc8afa2efb5b4af1a983b5de47226e1e) Importer(2089858483,192608db42251d675da83286b1cce702)
Start importing Assets/Mirror/Examples/Snapshot Interpolation/README.txt using Guid(cc8afa2efb5b4af1a983b5de47226e1e) Importer(2089858483,192608db42251d675da83286b1cce702) (ScriptedImporter) -> (artifact id: '4e5ff78d20413979ffbc8fbe7969a164') in 0.002932862 seconds
Number of updated asset objects reloaded before import = 0Number of asset objects unloaded after import = 1

========================================================================
Received Import Request.
  Time since last request: 0.000030 seconds.
  path: Assets/Mirror/Examples/Tanks/Readme.txt
  artifactKey: Guid(0f246189ee014e60a4f1b95f02d50888) Importer(2089858483,192608db42251d675da83286b1cce702)
Start importing Assets/Mirror/Examples/Tanks/Readme.txt using Guid(0f246189ee014e60a4f1b95f02d50888) Importer(2089858483,192608db42251d675da83286b1cce702) (ScriptedImporter) -> (artifact id: '3d47b4b50deefe0bac9cb73b6a9dece2') in 0.002810107 seconds
Number of updated asset objects reloaded before import = 0Number of asset objects unloaded after import = 1

========================================================================
Received Import Request.
  Time since last request: 0.000023 seconds.
  path: Assets/Mirror/Examples/SyncDirection/MirrorSyncDirection.unity
  artifactKey: Guid(13d58f0d13296447ea167348d60d6c22) Importer(2089858483,192608db42251d675da83286b1cce702)
Start importing Assets/Mirror/Examples/SyncDirection/MirrorSyncDirection.unity using Guid(13d58f0d13296447ea167348d60d6c22) Importer(2089858483,192608db42251d675da83286b1cce702) (ScriptedImporter) -> (artifact id: '252ecc8a1aa795afb4e61a8c8838fce1') in 0.005308585 seconds
Number of updated asset objects reloaded before import = 0Number of asset objects unloaded after import = 1

========================================================================
Received Import Request.
  Time since last request: 0.000024 seconds.
  path: Assets/Mirror/Transports/Encryption/EncryptedConnection.cs
  artifactKey: Guid(28f3ac4ff1d346a895d0b4ff714fb57b) Importer(2089858483,192608db42251d675da83286b1cce702)
Start importing Assets/Mirror/Transports/Encryption/EncryptedConnection.cs using Guid(28f3ac4ff1d346a895d0b4ff714fb57b) Importer(2089858483,192608db42251d675da83286b1cce702) (ScriptedImporter) -> (artifact id: '85e34414d28e3e8cc28f562fa5e0d06b') in 0.004979215 seconds
Number of updated asset objects reloaded before import = 0Number of asset objects unloaded after import = 0

========================================================================
Received Import Request.
  Time since last request: 0.000017 seconds.
  path: Assets/Mirror/Presets/Network Transform (Reliable)/ServerAuth-Balanced.preset
  artifactKey: Guid(13adbacdaa535458cb4f558cccd3de6f) Importer(2089858483,192608db42251d675da83286b1cce702)
Start importing Assets/Mirror/Presets/Network Transform (Reliable)/ServerAuth-Balanced.preset using Guid(13adbacdaa535458cb4f558cccd3de6f) Importer(2089858483,192608db42251d675da83286b1cce702) (ScriptedImporter) -> (artifact id: '6578881d9e02fbde84b24f0a0a9b6d70') in 0.010868905 seconds
Number of updated asset objects reloaded before import = 0Number of asset objects unloaded after import = 1

========================================================================
Received Import Request.
  Time since last request: 0.000021 seconds.
  path: Assets/Mirror/Transports/Encryption/EncryptionTransport.cs
  artifactKey: Guid(0aa135acc32a4383ae9a5817f018cb06) Importer(2089858483,192608db42251d675da83286b1cce702)
Start importing Assets/Mirror/Transports/Encryption/EncryptionTransport.cs using Guid(0aa135acc32a4383ae9a5817f018cb06) Importer(2089858483,192608db42251d675da83286b1cce702) (ScriptedImporter) -> (artifact id: 'ae1ec011850c18ea09aee152bfb6c998') in 0.006170392 seconds
Number of updated asset objects reloaded before import = 0Number of asset objects unloaded after import = 1

========================================================================
Received Import Request.
  Time since last request: 0.000017 seconds.
  path: Assets/Mirror/Examples/Snapshot Interpolation/ServerCube.cs
  artifactKey: Guid(9a53730695f274a8aaa7ffdcf50d1008) Importer(2089858483,192608db42251d675da83286b1cce702)
Start importing Assets/Mirror/Examples/Snapshot Interpolation/ServerCube.cs using Guid(9a53730695f274a8aaa7ffdcf50d1008) Importer(2089858483,192608db42251d675da83286b1cce702) (ScriptedImporter) -> (artifact id: 'b5676a0d1d1a855b3abcce4febee7e75') in 0.002668532 seconds
Number of updated asset objects reloaded before import = 0Number of asset objects unloaded after import = 0

========================================================================
Received Import Request.
  Time since last request: 0.000024 seconds.
  path: Assets/Mirror/Examples/VR/Readme.txt
  artifactKey: Guid(bf76c107ec7e432f9a6ec42382e156e1) Importer(2089858483,192608db42251d675da83286b1cce702)
Start importing Assets/Mirror/Examples/VR/Readme.txt using Guid(bf76c107ec7e432f9a6ec42382e156e1) Importer(2089858483,192608db42251d675da83286b1cce702) (ScriptedImporter) -> (artifact id: '7bd2effc466ab7c4c023378eca92b16b') in 0.003607738 seconds
Number of updated asset objects reloaded before import = 0Number of asset objects unloaded after import = 1

========================================================================
Received Import Request.
  Time since last request: 0.000044 seconds.
  path: Assets/Mirror/Hosting/Edgegap/CHANGELOG.md
  artifactKey: Guid(e3f5a876d3822ce4e884e3c8d026fbcc) Importer(2089858483,192608db42251d675da83286b1cce702)
Start importing Assets/Mirror/Hosting/Edgegap/CHANGELOG.md using Guid(e3f5a876d3822ce4e884e3c8d026fbcc) Importer(2089858483,192608db42251d675da83286b1cce702) (ScriptedImporter) -> (artifact id: '7daf9a578ff8e2be98d2987a220bce49') in 0.004977085 seconds
Number of updated asset objects reloaded before import = 0Number of asset objects unloaded after import = 1

========================================================================
Received Import Request.
  Time since last request: 0.000077 seconds.
  path: Assets/Mirror/Hosting/Edgegap/README.md
  artifactKey: Guid(a22cebde73b10534b99d20367fda7b1f) Importer(2089858483,192608db42251d675da83286b1cce702)
Start importing Assets/Mirror/Hosting/Edgegap/README.md using Guid(a22cebde73b10534b99d20367fda7b1f) Importer(2089858483,192608db42251d675da83286b1cce702) (ScriptedImporter) -> (artifact id: 'cb73b8a2defe007b8da4c39ccf00650c') in 0.00304 seconds
Number of updated asset objects reloaded before import = 0Number of asset objects unloaded after import = 1

========================================================================
Received Import Request.
  Time since last request: 0.000017 seconds.
  path: Assets/Mirror/Examples/MultipleAdditiveScenes/README.md
  artifactKey: Guid(915d7b115a88c7c409dadf5bfc543737) Importer(2089858483,192608db42251d675da83286b1cce702)
Start importing Assets/Mirror/Examples/MultipleAdditiveScenes/README.md using Guid(915d7b115a88c7c409dadf5bfc543737) Importer(2089858483,192608db42251d675da83286b1cce702) (ScriptedImporter) -> (artifact id: 'f2bb05ca338680d8a6fa24612a34ee02') in 0.00270102 seconds
Number of updated asset objects reloaded before import = 0Number of asset objects unloaded after import = 1

========================================================================
Received Import Request.
  Time since last request: 0.000067 seconds.
  path: Assets/Mirror/Transports/KCP/ThreadedKcpTransport.cs
  artifactKey: Guid(f7e416e0486524f0d9580be7e13388f4) Importer(2089858483,192608db42251d675da83286b1cce702)
Start importing Assets/Mirror/Transports/KCP/ThreadedKcpTransport.cs using Guid(f7e416e0486524f0d9580be7e13388f4) Importer(2089858483,192608db42251d675da83286b1cce702) (ScriptedImporter) -> (artifact id: '56e30e7b88eb29a324c50de5f4e10978') in 0.004639444 seconds
Number of updated asset objects reloaded before import = 0Number of asset objects unloaded after import = 1

========================================================================
Received Import Request.
  Time since last request: 0.000045 seconds.
  path: Assets/Mirror/Components/PredictedRigidbody/PredictedRigidbodyPhysicsGhost.cs
  artifactKey: Guid(25593abc9bf0d44878a4ad6018204061) Importer(2089858483,192608db42251d675da83286b1cce702)
Start importing Assets/Mirror/Components/PredictedRigidbody/PredictedRigidbodyPhysicsGhost.cs using Guid(25593abc9bf0d44878a4ad6018204061) Importer(2089858483,192608db42251d675da83286b1cce702) (ScriptedImporter) -> (artifact id: 'c86353aab6c078ca374a66448289cb9f') in 0.005026718 seconds
Number of updated asset objects reloaded before import = 0Number of asset objects unloaded after import = 1

========================================================================
Received Import Request.
  Time since last request: 0.000016 seconds.
  path: Assets/Mirror/Core/NetworkBehaviourSyncVar.cs
  artifactKey: Guid(b04fe7518657486089dfaf811db0b3ea) Importer(2089858483,192608db42251d675da83286b1cce702)
Start importing Assets/Mirror/Core/NetworkBehaviourSyncVar.cs using Guid(b04fe7518657486089dfaf811db0b3ea) Importer(2089858483,192608db42251d675da83286b1cce702) (ScriptedImporter) -> (artifact id: '831e3e5aa7f1ac91d32c7f46d2c4f260') in 0.013074241 seconds
Number of updated asset objects reloaded before import = 0Number of asset objects unloaded after import = 1

========================================================================
Received Import Request.
  Time since last request: 0.000017 seconds.
  path: Assets/Mirror/Examples/Mirror.Examples.asmdef
  artifactKey: Guid(fecf25954bb196642ab50657689761d6) Importer(2089858483,192608db42251d675da83286b1cce702)
Start importing Assets/Mirror/Examples/Mirror.Examples.asmdef using Guid(fecf25954bb196642ab50657689761d6) Importer(2089858483,192608db42251d675da83286b1cce702) (ScriptedImporter) -> (artifact id: 'ca28380e54e06780c31305147feb733c') in 0.005313994 seconds
Number of updated asset objects reloaded before import = 0Number of asset objects unloaded after import = 1

========================================================================
Received Import Request.
  Time since last request: 0.000016 seconds.
  path: Assets/Mirror/Components/RemoteStatistics.cs
  artifactKey: Guid(ba360e4ff6b44fc6898f56322b90c6c8) Importer(2089858483,192608db42251d675da83286b1cce702)
Start importing Assets/Mirror/Components/RemoteStatistics.cs using Guid(ba360e4ff6b44fc6898f56322b90c6c8) Importer(2089858483,192608db42251d675da83286b1cce702) (ScriptedImporter) -> (artifact id: '849a3103ef94b95ddf49965f2ec7456b') in 0.004866392 seconds
Number of updated asset objects reloaded before import = 0Number of asset objects unloaded after import = 1

========================================================================
Received Import Request.
  Time since last request: 0.000013 seconds.
  path: Assets/Mirror/Components/Profiling/BaseUIGraph.cs
  artifactKey: Guid(0f7dbe0fe96842f3b3ec76d05d2bb24a) Importer(2089858483,192608db42251d675da83286b1cce702)
Start importing Assets/Mirror/Components/Profiling/BaseUIGraph.cs using Guid(0f7dbe0fe96842f3b3ec76d05d2bb24a) Importer(2089858483,192608db42251d675da83286b1cce702) (ScriptedImporter) -> (artifact id: 'ed7c9f4d0d5b916ccdc293091ca8ca6c') in 0.004773918 seconds
Number of updated asset objects reloaded before import = 0Number of asset objects unloaded after import = 1

========================================================================
Received Import Request.
  Time since last request: 0.000024 seconds.
  path: Assets/TextMesh Pro/Shaders/TMP_Sprite.shader
  artifactKey: Guid(cf81c85f95fe47e1a27f6ae460cf182c) Importer(2089858483,192608db42251d675da83286b1cce702)
Start importing Assets/TextMesh Pro/Shaders/TMP_Sprite.shader using Guid(cf81c85f95fe47e1a27f6ae460cf182c) Importer(2089858483,192608db42251d675da83286b1cce702) (ScriptedImporter) -> (artifact id: '19a02ad69b0cc28fd89a055f9dd83288') in 0.003376799 seconds
Number of updated asset objects reloaded before import = 0Number of asset objects unloaded after import = 1

========================================================================
Received Import Request.
  Time since last request: 0.000012 seconds.
  path: Assets/Mirror/Editor/Weaver/TypeReferenceComparer.cs
  artifactKey: Guid(55eb9eb8794946f4da7ad39788c9920b) Importer(2089858483,192608db42251d675da83286b1cce702)
Start importing Assets/Mirror/Editor/Weaver/TypeReferenceComparer.cs using Guid(55eb9eb8794946f4da7ad39788c9920b) Importer(2089858483,192608db42251d675da83286b1cce702) (ScriptedImporter) -> (artifact id: '2bfa38d8dacf63e5f4b9bb6ff30468ee') in 0.003197051 seconds
Number of updated asset objects reloaded before import = 0Number of asset objects unloaded after import = 0

========================================================================
Received Import Request.
  Time since last request: 0.000025 seconds.
  path: Assets/Mirror/Editor/NetworkInformationPreview.cs
  artifactKey: Guid(51a99294efe134232932c34606737356) Importer(2089858483,192608db42251d675da83286b1cce702)
Start importing Assets/Mirror/Editor/NetworkInformationPreview.cs using Guid(51a99294efe134232932c34606737356) Importer(2089858483,192608db42251d675da83286b1cce702) (ScriptedImporter) -> (artifact id: '0115eee7c9441599669c71e8f7eb9c2b') in 0.004155041 seconds
Number of updated asset objects reloaded before import = 0Number of asset objects unloaded after import = 0

========================================================================
Received Import Request.
  Time since last request: 0.000020 seconds.
  path: Assets/Mirror/Core/NetworkReaderPool.cs
  artifactKey: Guid(2bacff63613ad634a98f9e4d15d29dbf) Importer(2089858483,192608db42251d675da83286b1cce702)
Start importing Assets/Mirror/Core/NetworkReaderPool.cs using Guid(2bacff63613ad634a98f9e4d15d29dbf) Importer(2089858483,192608db42251d675da83286b1cce702) (ScriptedImporter) -> (artifact id: '4617db4096a57058f959b3b9673899f0') in 0.004476804 seconds
Number of updated asset objects reloaded before import = 0Number of asset objects unloaded after import = 1

========================================================================
Received Import Request.
  Time since last request: 0.000022 seconds.
  path: Assets/Mirror/Examples/StackedPrediction/GroundMaterial.mat
  artifactKey: Guid(63d74576506d24042aaa1b6beaf830a0) Importer(2089858483,192608db42251d675da83286b1cce702)
Start importing Assets/Mirror/Examples/StackedPrediction/GroundMaterial.mat using Guid(63d74576506d24042aaa1b6beaf830a0) Importer(2089858483,192608db42251d675da83286b1cce702) (ScriptedImporter) -> (artifact id: '9e41cc1b3b1407b1ef003b71baed024c') in 0.004877465 seconds
Number of updated asset objects reloaded before import = 0Number of asset objects unloaded after import = 1

========================================================================
Received Import Request.
  Time since last request: 0.000041 seconds.
  path: Assets/Mirror/Presets/Network Transform (Reliable)/ClientAuth-Responsive.preset
  artifactKey: Guid(b6ef89bc6332145cabf562c53295145a) Importer(2089858483,192608db42251d675da83286b1cce702)
Start importing Assets/Mirror/Presets/Network Transform (Reliable)/ClientAuth-Responsive.preset using Guid(b6ef89bc6332145cabf562c53295145a) Importer(2089858483,192608db42251d675da83286b1cce702) (ScriptedImporter) -> (artifact id: '7ea186129b22037e8768809e9bf66c81') in 0.004351673 seconds
Number of updated asset objects reloaded before import = 0Number of asset objects unloaded after import = 1

========================================================================
Received Import Request.
  Time since last request: 0.000026 seconds.
  path: Assets/Mirror/Examples/Snapshot Interpolation/_DISABLE VSYNC_
  artifactKey: Guid(7db50a51601fe4b3c8c929f6868bffbc) Importer(2089858483,192608db42251d675da83286b1cce702)
Start importing Assets/Mirror/Examples/Snapshot Interpolation/_DISABLE VSYNC_ using Guid(7db50a51601fe4b3c8c929f6868bffbc) Importer(2089858483,192608db42251d675da83286b1cce702) (ScriptedImporter) -> (artifact id: 'd3f21e0091ddb3e246fef412a8eef18b') in 0.00481489 seconds
Number of updated asset objects reloaded before import = 0Number of asset objects unloaded after import = 1

========================================================================
Received Import Request.
  Time since last request: 0.000027 seconds.
  path: Assets/Mirror/Plugins/Mono.Cecil/Mono.CecilX.Pdb.dll
  artifactKey: Guid(534d998d93b238041bddcd864f7f1088) Importer(2089858483,192608db42251d675da83286b1cce702)
Start importing Assets/Mirror/Plugins/Mono.Cecil/Mono.CecilX.Pdb.dll using Guid(534d998d93b238041bddcd864f7f1088) Importer(2089858483,192608db42251d675da83286b1cce702) (ScriptedImporter) -> (artifact id: '82f869ba816ad3ab21a1e52aa739da0a') in 0.006923988 seconds
Number of updated asset objects reloaded before import = 0Number of asset objects unloaded after import = 0

========================================================================
Received Import Request.
  Time since last request: 0.000021 seconds.
  path: Assets/Mirror/Transports/Encryption/PubKeyInfo.cs
  artifactKey: Guid(e1e3744418024c02acf39f44c1d1bd20) Importer(2089858483,192608db42251d675da83286b1cce702)
Start importing Assets/Mirror/Transports/Encryption/PubKeyInfo.cs using Guid(e1e3744418024c02acf39f44c1d1bd20) Importer(2089858483,192608db42251d675da83286b1cce702) (ScriptedImporter) -> (artifact id: 'd3418401ba84c1668d4df5dac845b201') in 0.003300761 seconds
Number of updated asset objects reloaded before import = 0Number of asset objects unloaded after import = 0

========================================================================
Received Import Request.
  Time since last request: 0.000027 seconds.
  path: Assets/Mirror/Examples/StackedPrediction/MirrorStackedPrediction.unity
  artifactKey: Guid(d4dfee5fdad6e4e5992b5bb20418ecaa) Importer(2089858483,192608db42251d675da83286b1cce702)
Start importing Assets/Mirror/Examples/StackedPrediction/MirrorStackedPrediction.unity using Guid(d4dfee5fdad6e4e5992b5bb20418ecaa) Importer(2089858483,192608db42251d675da83286b1cce702) (ScriptedImporter) -> (artifact id: '2abf9359926a82ff24d287effeed2655') in 0.011818148 seconds
Number of updated asset objects reloaded before import = 0Number of asset objects unloaded after import = 1

========================================================================
Received Import Request.
  Time since last request: 0.000012 seconds.
  path: Assets/Mirror/Examples/SyncDirection/Player.cs
  artifactKey: Guid(956e0a6952a1c4c0dabd59805ab743a7) Importer(2089858483,192608db42251d675da83286b1cce702)
Start importing Assets/Mirror/Examples/SyncDirection/Player.cs using Guid(956e0a6952a1c4c0dabd59805ab743a7) Importer(2089858483,192608db42251d675da83286b1cce702) (ScriptedImporter) -> (artifact id: '27815650306f4374d87f906f5da9c165') in 0.003414786 seconds
Number of updated asset objects reloaded before import = 0Number of asset objects unloaded after import = 0

========================================================================
Received Import Request.
  Time since last request: 0.000017 seconds.
  path: Assets/Mirror/Hosting/Edgegap/Newtonsoft_Package_Patch.cs
  artifactKey: Guid(67c7109c88dff6c4f86ecc84782205d9) Importer(2089858483,192608db42251d675da83286b1cce702)
Start importing Assets/Mirror/Hosting/Edgegap/Newtonsoft_Package_Patch.cs using Guid(67c7109c88dff6c4f86ecc84782205d9) Importer(2089858483,192608db42251d675da83286b1cce702) (ScriptedImporter) -> (artifact id: 'a2618fd669d486c604cf1d4606dcafbc') in 0.0040928 seconds
Number of updated asset objects reloaded before import = 0Number of asset objects unloaded after import = 0

========================================================================
Received Import Request.
  Time since last request: 0.000016 seconds.
  path: Assets/Mirror/Examples/StackedPrediction/CubeMaterial.mat
  artifactKey: Guid(38254cb9b1a9c497385399ae2a4a6509) Importer(2089858483,192608db42251d675da83286b1cce702)
Start importing Assets/Mirror/Examples/StackedPrediction/CubeMaterial.mat using Guid(38254cb9b1a9c497385399ae2a4a6509) Importer(2089858483,192608db42251d675da83286b1cce702) (ScriptedImporter) -> (artifact id: '93556c9caddecfd6baff1d5925d7cde5') in 0.003778117 seconds
Number of updated asset objects reloaded before import = 0Number of asset objects unloaded after import = 1

========================================================================
Received Import Request.
  Time since last request: 0.000018 seconds.
  path: Assets/Mirror/Examples/SyncDirection/Player.prefab
  artifactKey: Guid(c1affccc0b0c040a486023a5cff7fd46) Importer(2089858483,192608db42251d675da83286b1cce702)
Start importing Assets/Mirror/Examples/SyncDirection/Player.prefab using Guid(c1affccc0b0c040a486023a5cff7fd46) Importer(2089858483,192608db42251d675da83286b1cce702) (ScriptedImporter) -> (artifact id: '993e9b97cfcb3b30fbb76d4128ca79c3') in 0.010868873 seconds
Number of updated asset objects reloaded before import = 0Number of asset objects unloaded after import = 12

========================================================================
Received Import Request.
  Time since last request: 0.000022 seconds.
  path: Assets/Mirror/Presets/Network Transform (Reliable)/ClientAuth-Casual.preset
  artifactKey: Guid(bdd9c4732b76c4a6e955711cbf5123de) Importer(2089858483,192608db42251d675da83286b1cce702)
Start importing Assets/Mirror/Presets/Network Transform (Reliable)/ClientAuth-Casual.preset using Guid(bdd9c4732b76c4a6e955711cbf5123de) Importer(2089858483,192608db42251d675da83286b1cce702) (ScriptedImporter) -> (artifact id: 'db6bbfe7be6baa3886af9a43f3868cbb') in 0.004092609 seconds
Number of updated asset objects reloaded before import = 0Number of asset objects unloaded after import = 1

========================================================================
Received Import Request.
  Time since last request: 0.000019 seconds.
  path: Assets/Mirror/Examples/StackedPrediction/_Readme.txt
  artifactKey: Guid(e7924ec6d89741879d02199175867d57) Importer(2089858483,192608db42251d675da83286b1cce702)
Start importing Assets/Mirror/Examples/StackedPrediction/_Readme.txt using Guid(e7924ec6d89741879d02199175867d57) Importer(2089858483,192608db42251d675da83286b1cce702) (ScriptedImporter) -> (artifact id: 'bda9b650f76728cfac8f686b64d7b103') in 0.004020278 seconds
Number of updated asset objects reloaded before import = 0Number of asset objects unloaded after import = 1

========================================================================
Received Import Request.
  Time since last request: 0.000012 seconds.
  path: Assets/Mirror/Examples/Snapshot Interpolation/ClientCube.cs
  artifactKey: Guid(51b244c3535d474aaf0a7a679f86185f) Importer(2089858483,192608db42251d675da83286b1cce702)
Start importing Assets/Mirror/Examples/Snapshot Interpolation/ClientCube.cs using Guid(51b244c3535d474aaf0a7a679f86185f) Importer(2089858483,192608db42251d675da83286b1cce702) (ScriptedImporter) -> (artifact id: 'ba68f0099120c47f39a6fdbb136d91eb') in 0.002655492 seconds
Number of updated asset objects reloaded before import = 0Number of asset objects unloaded after import = 0

========================================================================
Received Import Request.
  Time since last request: 0.000024 seconds.
  path: Assets/Mirror/Components/InterestManagement/SpatialHashing/HexGrid3D.cs
  artifactKey: Guid(9c4fe05752c9a85458b8e44611fe832b) Importer(2089858483,192608db42251d675da83286b1cce702)
Start importing Assets/Mirror/Components/InterestManagement/SpatialHashing/HexGrid3D.cs using Guid(9c4fe05752c9a85458b8e44611fe832b) Importer(2089858483,192608db42251d675da83286b1cce702) (ScriptedImporter) -> (artifact id: '89f9e5d283811d7b3de6c0de6901c881') in 0.004260488 seconds
Number of updated asset objects reloaded before import = 0Number of asset objects unloaded after import = 0

========================================================================
Received Import Request.
  Time since last request: 0.000033 seconds.
  path: Assets/Mirror/Components/Profiling/Prefabs/GraphCanvas.prefab
  artifactKey: Guid(e87e1847def3c1f41b19b7df4f0920b3) Importer(2089858483,192608db42251d675da83286b1cce702)
Start importing Assets/Mirror/Components/Profiling/Prefabs/GraphCanvas.prefab using Guid(e87e1847def3c1f41b19b7df4f0920b3) Importer(2089858483,192608db42251d675da83286b1cce702) (ScriptedImporter) -> (artifact id: 'd4d20816f3ada01a6ade740be2ead30f') in 0.038218988 seconds
Number of updated asset objects reloaded before import = 0Number of asset objects unloaded after import = 305

========================================================================
Received Import Request.
  Time since last request: 0.000016 seconds.
  path: Assets/TextMesh Pro/Resources/Fonts & Materials/LiberationSans SDF.asset
  artifactKey: Guid(8f586378b4e144a9851e7b34d9b748ee) Importer(2089858483,192608db42251d675da83286b1cce702)
Start importing Assets/TextMesh Pro/Resources/Fonts & Materials/LiberationSans SDF.asset using Guid(8f586378b4e144a9851e7b34d9b748ee) Importer(2089858483,192608db42251d675da83286b1cce702) (ScriptedImporter) -> (artifact id: '03b60a6beb7df3002e63b9f44fb1d612') in 0.059710012 seconds
Number of updated asset objects reloaded before import = 0Number of asset objects unloaded after import = 8

========================================================================
Received Import Request.
  Time since last request: 0.000018 seconds.
  path: Assets/TextMesh Pro/Resources/Sprite Assets/EmojiOne.asset
  artifactKey: Guid(c41005c129ba4d66911b75229fd70b45) Importer(2089858483,192608db42251d675da83286b1cce702)
Start importing Assets/TextMesh Pro/Resources/Sprite Assets/EmojiOne.asset using Guid(c41005c129ba4d66911b75229fd70b45) Importer(2089858483,192608db42251d675da83286b1cce702) (ScriptedImporter) -> (artifact id: '67111a058c99b9d615959a039469f043') in 0.015722828 seconds
Number of updated asset objects reloaded before import = 0Number of asset objects unloaded after import = 3

========================================================================
Received Import Request.
  Time since last request: 0.000024 seconds.
  path: Assets/Mirror/Examples/AdditiveLevels/Prefabs/Plane.prefab
  artifactKey: Guid(4fdcc4aa5c669b348a5954a92f5e8e89) Importer(2089858483,192608db42251d675da83286b1cce702)
Start importing Assets/Mirror/Examples/AdditiveLevels/Prefabs/Plane.prefab using Guid(4fdcc4aa5c669b348a5954a92f5e8e89) Importer(2089858483,192608db42251d675da83286b1cce702) (ScriptedImporter) -> (artifact id: '2600fa724fd47db3b8604bff9cee8328') in 0.013996345 seconds
Number of updated asset objects reloaded before import = 0Number of asset objects unloaded after import = 11

========================================================================
Received Import Request.
  Time since last request: 0.000015 seconds.
  path: Assets/Mirror/Editor/Weaver/Processors/RpcProcessor.cs
  artifactKey: Guid(a3cb7051ff41947e59bba58bdd2b73fc) Importer(2089858483,192608db42251d675da83286b1cce702)
Start importing Assets/Mirror/Editor/Weaver/Processors/RpcProcessor.cs using Guid(a3cb7051ff41947e59bba58bdd2b73fc) Importer(2089858483,192608db42251d675da83286b1cce702) (ScriptedImporter) -> (artifact id: '0a7e3c27dcc23838bd425854786280ef') in 0.004700844 seconds
Number of updated asset objects reloaded before import = 0Number of asset objects unloaded after import = 0

========================================================================
Received Import Request.
  Time since last request: 0.000027 seconds.
  path: Assets/Mirror/Components/InterestManagement/SpatialHashing/SpatialHashingInterestManagement.cs
  artifactKey: Guid(39adc6e09d5544ed955a50ce8600355a) Importer(2089858483,192608db42251d675da83286b1cce702)
Start importing Assets/Mirror/Components/InterestManagement/SpatialHashing/SpatialHashingInterestManagement.cs using Guid(39adc6e09d5544ed955a50ce8600355a) Importer(2089858483,192608db42251d675da83286b1cce702) (ScriptedImporter) -> (artifact id: 'b8441041112966bc3e571845809ff34a') in 0.006092534 seconds
Number of updated asset objects reloaded before import = 0Number of asset objects unloaded after import = 1

========================================================================
Received Import Request.
  Time since last request: 0.000016 seconds.
  path: Assets/Mirror/Editor/Weaver/EntryPointILPostProcessor/ILPostProcessorHook.cs
  artifactKey: Guid(5f113eb695b348b5b28cd85358c8959a) Importer(2089858483,192608db42251d675da83286b1cce702)
Start importing Assets/Mirror/Editor/Weaver/EntryPointILPostProcessor/ILPostProcessorHook.cs using Guid(5f113eb695b348b5b28cd85358c8959a) Importer(2089858483,192608db42251d675da83286b1cce702) (ScriptedImporter) -> (artifact id: '75143ead4cd73e8d2af8ad8fbdc6a5b4') in 0.005287461 seconds
Number of updated asset objects reloaded before import = 0Number of asset objects unloaded after import = 0

========================================================================
Received Import Request.
  Time since last request: 0.000018 seconds.
  path: Assets/Mirror/Editor/Weaver/Processors/ReaderWriterProcessor.cs
  artifactKey: Guid(f3263602f0a374ecd8d08588b1fc2f76) Importer(2089858483,192608db42251d675da83286b1cce702)
Start importing Assets/Mirror/Editor/Weaver/Processors/ReaderWriterProcessor.cs using Guid(f3263602f0a374ecd8d08588b1fc2f76) Importer(2089858483,192608db42251d675da83286b1cce702) (ScriptedImporter) -> (artifact id: 'f46f8f18f575461368bb67a634131b56') in 0.005118896 seconds
Number of updated asset objects reloaded before import = 0Number of asset objects unloaded after import = 0

========================================================================
Received Import Request.
  Time since last request: 0.000023 seconds.
  path: Assets/Mirror/Components/Profiling/Prefabs/FPSMinMaxAvg.prefab
  artifactKey: Guid(9bdc42bca9b7109428d00fe33bdb5102) Importer(2089858483,192608db42251d675da83286b1cce702)
Start importing Assets/Mirror/Components/Profiling/Prefabs/FPSMinMaxAvg.prefab using Guid(9bdc42bca9b7109428d00fe33bdb5102) Importer(2089858483,192608db42251d675da83286b1cce702) (ScriptedImporter) -> (artifact id: '370bf9693b7ae2384f213b72a83dbd1e') in 0.037203513 seconds
Number of updated asset objects reloaded before import = 0Number of asset objects unloaded after import = 108

========================================================================
Received Import Request.
  Time since last request: 0.000028 seconds.
  path: Assets/Mirror/Components/Profiling/Prefabs/NetworkGraph.prefab
  artifactKey: Guid(a4ee3092d7c7f4a38a70b11014175ebd) Importer(2089858483,192608db42251d675da83286b1cce702)
Start importing Assets/Mirror/Components/Profiling/Prefabs/NetworkGraph.prefab using Guid(a4ee3092d7c7f4a38a70b11014175ebd) Importer(2089858483,192608db42251d675da83286b1cce702) (ScriptedImporter) -> (artifact id: 'fa9c2c0d57abdda103c7179852e76b15') in 0.022163504 seconds
Number of updated asset objects reloaded before import = 0Number of asset objects unloaded after import = 156

========================================================================
Received Import Request.
  Time since last request: 0.000038 seconds.
  path: Assets/Mirror/Components/InterestManagement/SpatialHashing/Grid3D.cs
  artifactKey: Guid(b157c08313c64752b0856469b1b70771) Importer(2089858483,192608db42251d675da83286b1cce702)
Start importing Assets/Mirror/Components/InterestManagement/SpatialHashing/Grid3D.cs using Guid(b157c08313c64752b0856469b1b70771) Importer(2089858483,192608db42251d675da83286b1cce702) (ScriptedImporter) -> (artifact id: '26b81b92c838a65c738c5415eee496af') in 0.004505479 seconds
Number of updated asset objects reloaded before import = 0Number of asset objects unloaded after import = 0

========================================================================
Received Import Request.
  Time since last request: 0.000023 seconds.
  path: Assets/Mirror/Editor/Weaver/Processors/SyncObjectProcessor.cs
  artifactKey: Guid(78f71efc83cde4917b7d21efa90bcc9a) Importer(2089858483,192608db42251d675da83286b1cce702)
Start importing Assets/Mirror/Editor/Weaver/Processors/SyncObjectProcessor.cs using Guid(78f71efc83cde4917b7d21efa90bcc9a) Importer(2089858483,192608db42251d675da83286b1cce702) (ScriptedImporter) -> (artifact id: '469373a01e96e6e4dff04ec694c07c34') in 0.005747314 seconds
Number of updated asset objects reloaded before import = 0Number of asset objects unloaded after import = 0

========================================================================
Received Import Request.
  Time since last request: 0.000075 seconds.
  path: Assets/Mirror/Editor/Weaver/Processors/TargetRpcProcessor.cs
  artifactKey: Guid(fb3ce6c6f3f2942ae88178b86f5a8282) Importer(2089858483,192608db42251d675da83286b1cce702)
Start importing Assets/Mirror/Editor/Weaver/Processors/TargetRpcProcessor.cs using Guid(fb3ce6c6f3f2942ae88178b86f5a8282) Importer(2089858483,192608db42251d675da83286b1cce702) (ScriptedImporter) -> (artifact id: 'f8274d2e058b174ba520358fa2e031be') in 0.006800519 seconds
Number of updated asset objects reloaded before import = 0Number of asset objects unloaded after import = 0

========================================================================
Received Import Request.
  Time since last request: 0.000023 seconds.
  path: Assets/Mirror/Components/InterestManagement/Team/NetworkTeam.cs
  artifactKey: Guid(2576730625b1632468cbcbfe5e721f88) Importer(2089858483,192608db42251d675da83286b1cce702)
Start importing Assets/Mirror/Components/InterestManagement/Team/NetworkTeam.cs using Guid(2576730625b1632468cbcbfe5e721f88) Importer(2089858483,192608db42251d675da83286b1cce702) (ScriptedImporter) -> (artifact id: '0195b96312382c652686fa4c0cb5f563') in 0.005284674 seconds
Number of updated asset objects reloaded before import = 0Number of asset objects unloaded after import = 1

========================================================================
Received Import Request.
  Time since last request: 0.000022 seconds.
  path: Assets/Mirror/Editor/Weaver/Processors/SyncVarAttributeAccessReplacer.cs
  artifactKey: Guid(d48f1ab125e9940a995603796bccc59e) Importer(2089858483,192608db42251d675da83286b1cce702)
Start importing Assets/Mirror/Editor/Weaver/Processors/SyncVarAttributeAccessReplacer.cs using Guid(d48f1ab125e9940a995603796bccc59e) Importer(2089858483,192608db42251d675da83286b1cce702) (ScriptedImporter) -> (artifact id: '9bac90fa1d18c473d7ab4fafb57c366b') in 0.007053348 seconds
Number of updated asset objects reloaded before import = 0Number of asset objects unloaded after import = 0

========================================================================
Received Import Request.
  Time since last request: 0.000029 seconds.
  path: Assets/Mirror/Editor/Weaver/EntryPoint/EnterPlayModeHook.cs
  artifactKey: Guid(b73d0f106ba84aa983baa5142b08a0a9) Importer(2089858483,192608db42251d675da83286b1cce702)
Start importing Assets/Mirror/Editor/Weaver/EntryPoint/EnterPlayModeHook.cs using Guid(b73d0f106ba84aa983baa5142b08a0a9) Importer(2089858483,192608db42251d675da83286b1cce702) (ScriptedImporter) -> (artifact id: 'c512ce96f53729f4665726fe1bea3efd') in 0.006317957 seconds
Number of updated asset objects reloaded before import = 0Number of asset objects unloaded after import = 0

========================================================================
Received Import Request.
  Time since last request: 0.000028 seconds.
  path: Assets/Mirror/Editor/Weaver/EntryPointILPostProcessor/ILPostProcessorLogger.cs
  artifactKey: Guid(e7b56e7826664e34a415e4b70d958f2a) Importer(2089858483,192608db42251d675da83286b1cce702)
Start importing Assets/Mirror/Editor/Weaver/EntryPointILPostProcessor/ILPostProcessorLogger.cs using Guid(e7b56e7826664e34a415e4b70d958f2a) Importer(2089858483,192608db42251d675da83286b1cce702) (ScriptedImporter) -> (artifact id: 'b36abffba6708beee51cdd11569aff94') in 0.006229663 seconds
Number of updated asset objects reloaded before import = 0Number of asset objects unloaded after import = 0

========================================================================
Received Import Request.
  Time since last request: 0.000029 seconds.
  path: Assets/Mirror/Components/InterestManagement/SpatialHashing/HexSpatialHash2DInterestManagement.cs
  artifactKey: Guid(9b8b055f11f85ff428da471a0e625dd4) Importer(2089858483,192608db42251d675da83286b1cce702)
Start importing Assets/Mirror/Components/InterestManagement/SpatialHashing/HexSpatialHash2DInterestManagement.cs using Guid(9b8b055f11f85ff428da471a0e625dd4) Importer(2089858483,192608db42251d675da83286b1cce702) (ScriptedImporter) -> (artifact id: '381b490e81979dfcfc4736790d06e3cb') in 0.018731198 seconds
Number of updated asset objects reloaded before import = 0Number of asset objects unloaded after import = 0

========================================================================
Received Import Request.
  Time since last request: 0.000051 seconds.
  path: Assets/Mirror/Examples/AdditiveLevels/Materials/Portal.mat
  artifactKey: Guid(3500dce637708024da2f2e45e4f71cd3) Importer(2089858483,192608db42251d675da83286b1cce702)
Start importing Assets/Mirror/Examples/AdditiveLevels/Materials/Portal.mat using Guid(3500dce637708024da2f2e45e4f71cd3) Importer(2089858483,192608db42251d675da83286b1cce702) (ScriptedImporter) -> (artifact id: 'ce2d1bda1b1b334e2b5b66b55d70dff3') in 0.014623188 seconds
Number of updated asset objects reloaded before import = 0Number of asset objects unloaded after import = 1

========================================================================
Received Import Request.
  Time since last request: 0.000023 seconds.
  path: Assets/Mirror/Examples/AutoLANClientController/Prefabs/PlayerController.prefab
  artifactKey: Guid(2b6efbce53c9140b88da2ec384c5a120) Importer(2089858483,192608db42251d675da83286b1cce702)
Start importing Assets/Mirror/Examples/AutoLANClientController/Prefabs/PlayerController.prefab using Guid(2b6efbce53c9140b88da2ec384c5a120) Importer(2089858483,192608db42251d675da83286b1cce702) (ScriptedImporter) -> (artifact id: '10d32c8163f9e6c496c56a6dfea88d0a') in 0.020469947 seconds
Number of updated asset objects reloaded before import = 0Number of asset objects unloaded after import = 5

========================================================================
Received Import Request.
  Time since last request: 0.000039 seconds.
  path: Assets/Mirror/Examples/AdditiveScenes/Prefabs/Capsule.prefab
  artifactKey: Guid(e1971f4a8c7661546bc509b44bd91b80) Importer(2089858483,192608db42251d675da83286b1cce702)
Start importing Assets/Mirror/Examples/AdditiveScenes/Prefabs/Capsule.prefab using Guid(e1971f4a8c7661546bc509b44bd91b80) Importer(2089858483,192608db42251d675da83286b1cce702) (ScriptedImporter) -> (artifact id: '2fe1f7c1ba049f03731b82a2a6160c84') in 0.018813831 seconds
Number of updated asset objects reloaded before import = 0Number of asset objects unloaded after import = 10

========================================================================
Received Import Request.
  Time since last request: 0.000027 seconds.
  path: Assets/Mirror/Examples/AdditiveLevels/Prefabs/Sphere.prefab
  artifactKey: Guid(e588080aa542be54d9ca9d5c734dc9ee) Importer(2089858483,192608db42251d675da83286b1cce702)
Start importing Assets/Mirror/Examples/AdditiveLevels/Prefabs/Sphere.prefab using Guid(e588080aa542be54d9ca9d5c734dc9ee) Importer(2089858483,192608db42251d675da83286b1cce702) (ScriptedImporter) -> (artifact id: 'a286def373ce1e72c4d4a0e0f322fada') in 0.010934492 seconds
Number of updated asset objects reloaded before import = 0Number of asset objects unloaded after import = 9

========================================================================
Received Import Request.
  Time since last request: 0.000023 seconds.
  path: Assets/Mirror/Examples/AutoLANClientController/Scripts/AutoLANNetworkDiscovery.cs
  artifactKey: Guid(ae7e7ce4a60904a8d927cce7422254c9) Importer(2089858483,192608db42251d675da83286b1cce702)
Start importing Assets/Mirror/Examples/AutoLANClientController/Scripts/AutoLANNetworkDiscovery.cs using Guid(ae7e7ce4a60904a8d927cce7422254c9) Importer(2089858483,192608db42251d675da83286b1cce702) (ScriptedImporter) -> (artifact id: '50a8e28dc8d20e5abf8bdb6c5bf9c8ff') in 0.004318078 seconds
Number of updated asset objects reloaded before import = 0Number of asset objects unloaded after import = 0

========================================================================
Received Import Request.
  Time since last request: 0.000023 seconds.
  path: Assets/Mirror/Examples/AutoLANClientController/Scripts/CanvasHUD.cs
  artifactKey: Guid(dd6ba23d1fd5945b183ed975a24dbb21) Importer(2089858483,192608db42251d675da83286b1cce702)
Start importing Assets/Mirror/Examples/AutoLANClientController/Scripts/CanvasHUD.cs using Guid(dd6ba23d1fd5945b183ed975a24dbb21) Importer(2089858483,192608db42251d675da83286b1cce702) (ScriptedImporter) -> (artifact id: '82e66e1dc24415eea7745ab186e58788') in 0.003487123 seconds
Number of updated asset objects reloaded before import = 0Number of asset objects unloaded after import = 0

========================================================================
Received Import Request.
  Time since last request: 0.000030 seconds.
  path: Assets/Mirror/Examples/AdditiveLevels/Scripts/LookAtMainCamera.cs
  artifactKey: Guid(cc58300ee45438a418d9e32957fdc0c0) Importer(2089858483,192608db42251d675da83286b1cce702)
Start importing Assets/Mirror/Examples/AdditiveLevels/Scripts/LookAtMainCamera.cs using Guid(cc58300ee45438a418d9e32957fdc0c0) Importer(2089858483,192608db42251d675da83286b1cce702) (ScriptedImporter) -> (artifact id: '67253be3540eacfab397a5d4ab62f8a9') in 0.004349124 seconds
Number of updated asset objects reloaded before import = 0Number of asset objects unloaded after import = 0

========================================================================
Received Import Request.
  Time since last request: 0.000034 seconds.
  path: Assets/Mirror/Examples/AdditiveScenes/Prefabs/Cylinder.prefab
  artifactKey: Guid(12a4c14e672c00b4b840f937d824b890) Importer(2089858483,192608db42251d675da83286b1cce702)
Start importing Assets/Mirror/Examples/AdditiveScenes/Prefabs/Cylinder.prefab using Guid(12a4c14e672c00b4b840f937d824b890) Importer(2089858483,192608db42251d675da83286b1cce702) (ScriptedImporter) -> (artifact id: '8a2b5398d3f0297f1f011c5ff052f26e') in 0.006000107 seconds
Number of updated asset objects reloaded before import = 0Number of asset objects unloaded after import = 10

========================================================================
Received Import Request.
  Time since last request: 0.000018 seconds.
  path: Assets/Mirror/Examples/Basic/Prefabs/PlayerUI.prefab
  artifactKey: Guid(22f1fa3a0aff72b46a371f667bb4fb30) Importer(2089858483,192608db42251d675da83286b1cce702)
Start importing Assets/Mirror/Examples/Basic/Prefabs/PlayerUI.prefab using Guid(22f1fa3a0aff72b46a371f667bb4fb30) Importer(2089858483,192608db42251d675da83286b1cce702) (ScriptedImporter) -> (artifact id: 'e37437c4320c51cc34cc1fa273f4f533') in 0.028165957 seconds
Number of updated asset objects reloaded before import = 0Number of asset objects unloaded after import = 15

========================================================================
Received Import Request.
  Time since last request: 0.000022 seconds.
  path: Assets/Mirror/Examples/AdditiveLevels/Scripts/Portal.cs
  artifactKey: Guid(0e680878006965146a8f9d85834c4d1c) Importer(2089858483,192608db42251d675da83286b1cce702)
Start importing Assets/Mirror/Examples/AdditiveLevels/Scripts/Portal.cs using Guid(0e680878006965146a8f9d85834c4d1c) Importer(2089858483,192608db42251d675da83286b1cce702) (ScriptedImporter) -> (artifact id: '4bb2ffbe66b8e2a7234f4fcf31364e43') in 0.003678403 seconds
Number of updated asset objects reloaded before import = 0Number of asset objects unloaded after import = 0

========================================================================
Received Import Request.
  Time since last request: 0.000018 seconds.
  path: Assets/Mirror/Examples/AdditiveScenes/Prefabs/PlayerUnreliable.prefab
  artifactKey: Guid(6efc7d7e2d0d3b749b0819e56f989038) Importer(2089858483,192608db42251d675da83286b1cce702)
Start importing Assets/Mirror/Examples/AdditiveScenes/Prefabs/PlayerUnreliable.prefab using Guid(6efc7d7e2d0d3b749b0819e56f989038) Importer(2089858483,192608db42251d675da83286b1cce702) (ScriptedImporter) -> (artifact id: 'f85077d737418c4c4a6a072c84bfb9e9') in 0.046067775 seconds
Number of updated asset objects reloaded before import = 0Number of asset objects unloaded after import = 165

========================================================================
Received Import Request.
  Time since last request: 0.000033 seconds.
  path: Assets/Mirror/Examples/AdditiveLevels/Scenes/MirrorAdditiveLevelsOffline.unity
  artifactKey: Guid(9959d9d8e637be64dab77006a85135c1) Importer(2089858483,192608db42251d675da83286b1cce702)
Start importing Assets/Mirror/Examples/AdditiveLevels/Scenes/MirrorAdditiveLevelsOffline.unity using Guid(9959d9d8e637be64dab77006a85135c1) Importer(2089858483,192608db42251d675da83286b1cce702) (ScriptedImporter) -> (artifact id: '0a3f0931f56acd4796110f6de724bb81') in 0.00916811 seconds
Number of updated asset objects reloaded before import = 0Number of asset objects unloaded after import = 1

========================================================================
Received Import Request.
  Time since last request: 0.000018 seconds.
  path: Assets/Mirror/Examples/AdditiveLevels/Textures/Down_Tex.jpeg
  artifactKey: Guid(9ffeeee1accdc4b4faf2b3e27b226340) Importer(2089858483,192608db42251d675da83286b1cce702)
Start importing Assets/Mirror/Examples/AdditiveLevels/Textures/Down_Tex.jpeg using Guid(9ffeeee1accdc4b4faf2b3e27b226340) Importer(2089858483,192608db42251d675da83286b1cce702) (ScriptedImporter) -> (artifact id: '65ddd3f8e1e2e4a6048b097424c31bfc') in 0.022158375 seconds
Number of updated asset objects reloaded before import = 0Number of asset objects unloaded after import = 1

========================================================================
Received Import Request.
  Time since last request: 0.000104 seconds.
  path: Assets/Mirror/Examples/AdditiveLevels/Scenes/MirrorAdditiveLevelsOnline.unity
  artifactKey: Guid(3c63960543989ea41ba3d3fb04d6dcf3) Importer(2089858483,192608db42251d675da83286b1cce702)
Start importing Assets/Mirror/Examples/AdditiveLevels/Scenes/MirrorAdditiveLevelsOnline.unity using Guid(3c63960543989ea41ba3d3fb04d6dcf3) Importer(2089858483,192608db42251d675da83286b1cce702) (ScriptedImporter) -> (artifact id: '38134984a09a09ab68577c522a1092dc') in 0.004549853 seconds
Number of updated asset objects reloaded before import = 0Number of asset objects unloaded after import = 1

========================================================================
Received Import Request.
  Time since last request: 0.000025 seconds.
  path: Assets/Mirror/Examples/AutoLANClientController/Scripts/AutoLANNetworkManager.cs
  artifactKey: Guid(37536f0bfd25347478e4b742ee9144fa) Importer(2089858483,192608db42251d675da83286b1cce702)
Start importing Assets/Mirror/Examples/AutoLANClientController/Scripts/AutoLANNetworkManager.cs using Guid(37536f0bfd25347478e4b742ee9144fa) Importer(2089858483,192608db42251d675da83286b1cce702) (ScriptedImporter) -> (artifact id: 'afd86075fe5725f53b7234cfe309d9e1') in 0.003483939 seconds
Number of updated asset objects reloaded before import = 0Number of asset objects unloaded after import = 0

========================================================================
Received Import Request.
  Time since last request: 0.000022 seconds.
  path: Assets/Mirror/Examples/AdditiveScenes/Scripts/AdditiveNetworkManager.cs
  artifactKey: Guid(34d1daf9e7dbcb64aa647cb332054ea6) Importer(2089858483,192608db42251d675da83286b1cce702)
Start importing Assets/Mirror/Examples/AdditiveScenes/Scripts/AdditiveNetworkManager.cs using Guid(34d1daf9e7dbcb64aa647cb332054ea6) Importer(2089858483,192608db42251d675da83286b1cce702) (ScriptedImporter) -> (artifact id: '78f24d9534c6ad17bc804948f99b2a95') in 0.003594306 seconds
Number of updated asset objects reloaded before import = 0Number of asset objects unloaded after import = 0

========================================================================
Received Import Request.
  Time since last request: 0.000017 seconds.
  path: Assets/Mirror/Examples/AdditiveLevels/Scenes/MirrorAdditiveLevelsSubLevel2.unity
  artifactKey: Guid(e8e2dc8c3ef824b468c6f6e1980a4b27) Importer(2089858483,192608db42251d675da83286b1cce702)
Start importing Assets/Mirror/Examples/AdditiveLevels/Scenes/MirrorAdditiveLevelsSubLevel2.unity using Guid(e8e2dc8c3ef824b468c6f6e1980a4b27) Importer(2089858483,192608db42251d675da83286b1cce702) (ScriptedImporter) -> (artifact id: '1c0dc0e790ad2ef54895359e5b2010fa') in 0.005387637 seconds
Number of updated asset objects reloaded before import = 0Number of asset objects unloaded after import = 1

========================================================================
Received Import Request.
  Time since last request: 0.000018 seconds.
  path: Assets/Mirror/Examples/AdditiveScenes/Scripts/ZoneHandler.cs
  artifactKey: Guid(884ed76587eb5854abe6b428b791fdcd) Importer(2089858483,192608db42251d675da83286b1cce702)
Start importing Assets/Mirror/Examples/AdditiveScenes/Scripts/ZoneHandler.cs using Guid(884ed76587eb5854abe6b428b791fdcd) Importer(2089858483,192608db42251d675da83286b1cce702) (ScriptedImporter) -> (artifact id: '710b30d345437e95d4e3b334f373e783') in 0.004114082 seconds
Number of updated asset objects reloaded before import = 0Number of asset objects unloaded after import = 0

========================================================================
Received Import Request.
  Time since last request: 0.000038 seconds.
  path: Assets/Mirror/Examples/AdditiveLevels/Prefabs/PlayerUnreliable.prefab
  artifactKey: Guid(bf7debf03638cd941a45060adab91cb2) Importer(2089858483,192608db42251d675da83286b1cce702)
Start importing Assets/Mirror/Examples/AdditiveLevels/Prefabs/PlayerUnreliable.prefab using Guid(bf7debf03638cd941a45060adab91cb2) Importer(2089858483,192608db42251d675da83286b1cce702) (ScriptedImporter) -> (artifact id: 'd47c00d1833990b5850d00f1ee649728') in 0.036633578 seconds
Number of updated asset objects reloaded before import = 0Number of asset objects unloaded after import = 164

========================================================================
Received Import Request.
  Time since last request: 0.000019 seconds.
  path: Assets/Mirror/Examples/AdditiveScenes/Materials/Zone.mat
  artifactKey: Guid(a7c679cf124f7ae46a0291ea35848554) Importer(2089858483,192608db42251d675da83286b1cce702)
Start importing Assets/Mirror/Examples/AdditiveScenes/Materials/Zone.mat using Guid(a7c679cf124f7ae46a0291ea35848554) Importer(2089858483,192608db42251d675da83286b1cce702) (ScriptedImporter) -> (artifact id: 'b3f16ce54518e253dfdd659b902da9ff') in 0.00646253 seconds
Number of updated asset objects reloaded before import = 0Number of asset objects unloaded after import = 1

========================================================================
Received Import Request.
  Time since last request: 0.000024 seconds.
  path: Assets/Mirror/Components/InterestManagement/SpatialHashing/HexSpatialHash3DInterestManagement.cs
  artifactKey: Guid(58e492e77a2a1a3488412ceed5c2aa2d) Importer(2089858483,192608db42251d675da83286b1cce702)
Start importing Assets/Mirror/Components/InterestManagement/SpatialHashing/HexSpatialHash3DInterestManagement.cs using Guid(58e492e77a2a1a3488412ceed5c2aa2d) Importer(2089858483,192608db42251d675da83286b1cce702) (ScriptedImporter) -> (artifact id: '874e734e6a3068d06cba68ab8de5afb4') in 0.004568894 seconds
Number of updated asset objects reloaded before import = 0Number of asset objects unloaded after import = 1

========================================================================
Received Import Request.
  Time since last request: 0.000027 seconds.
  path: Assets/Mirror/Editor/Weaver/Processors/ServerClientAttributeProcessor.cs
  artifactKey: Guid(024f251bf693bb345b90b9177892d534) Importer(2089858483,192608db42251d675da83286b1cce702)
Start importing Assets/Mirror/Editor/Weaver/Processors/ServerClientAttributeProcessor.cs using Guid(024f251bf693bb345b90b9177892d534) Importer(2089858483,192608db42251d675da83286b1cce702) (ScriptedImporter) -> (artifact id: '32b590ff3bbe1205b6a4e144fa99a3f4') in 0.010747909 seconds
Number of updated asset objects reloaded before import = 0Number of asset objects unloaded after import = 0

========================================================================
Received Import Request.
  Time since last request: 0.000025 seconds.
  path: Assets/Mirror/Editor/Weaver/Processors/SyncVarAttributeProcessor.cs
  artifactKey: Guid(f52c39bddd95d42b88f9cd554dfd9198) Importer(2089858483,192608db42251d675da83286b1cce702)
Start importing Assets/Mirror/Editor/Weaver/Processors/SyncVarAttributeProcessor.cs using Guid(f52c39bddd95d42b88f9cd554dfd9198) Importer(2089858483,192608db42251d675da83286b1cce702) (ScriptedImporter) -> (artifact id: 'db74542682d8fbb974bcc441c541225b') in 0.004530287 seconds
Number of updated asset objects reloaded before import = 0Number of asset objects unloaded after import = 0

========================================================================
Received Import Request.
  Time since last request: 0.000014 seconds.
  path: Assets/Mirror/Examples/Benchmark/Materials/White.mat
  artifactKey: Guid(ff8f106e5c9e34da28ad9cee6edb2255) Importer(2089858483,192608db42251d675da83286b1cce702)
Start importing Assets/Mirror/Examples/Benchmark/Materials/White.mat using Guid(ff8f106e5c9e34da28ad9cee6edb2255) Importer(2089858483,192608db42251d675da83286b1cce702) (ScriptedImporter) -> (artifact id: 'd67f57dfe270c56befb0697047656caa') in 0.00489968 seconds
Number of updated asset objects reloaded before import = 0Number of asset objects unloaded after import = 1

========================================================================
Received Import Request.
  Time since last request: 0.000013 seconds.
  path: Assets/Mirror/Examples/BenchmarkStinkySteak/Scripts/GUIGame.cs
  artifactKey: Guid(89b59180da8577947a00064507b6f488) Importer(2089858483,192608db42251d675da83286b1cce702)
Start importing Assets/Mirror/Examples/BenchmarkStinkySteak/Scripts/GUIGame.cs using Guid(89b59180da8577947a00064507b6f488) Importer(2089858483,192608db42251d675da83286b1cce702) (ScriptedImporter) -> (artifact id: '0ed95a1ece1ebd75db372c8e86d6e3b4') in 0.002969969 seconds
Number of updated asset objects reloaded before import = 0Number of asset objects unloaded after import = 0

========================================================================
Received Import Request.
  Time since last request: 0.000040 seconds.
  path: Assets/Mirror/Examples/Billiards/Ball/White.prefab
  artifactKey: Guid(0100f0c90700741b496ccbc2fe54c196) Importer(2089858483,192608db42251d675da83286b1cce702)
Start importing Assets/Mirror/Examples/Billiards/Ball/White.prefab using Guid(0100f0c90700741b496ccbc2fe54c196) Importer(2089858483,192608db42251d675da83286b1cce702) (ScriptedImporter) -> (artifact id: '9029876d00cafc1f8a12599caa47001c') in 0.015616601 seconds
Number of updated asset objects reloaded before import = 0Number of asset objects unloaded after import = 15

========================================================================
Received Import Request.
  Time since last request: 0.000016 seconds.
  path: Assets/Mirror/Examples/Billiards/Table/Pockets.mat
  artifactKey: Guid(345f064ee294143f9ba2aabdef269c2e) Importer(2089858483,192608db42251d675da83286b1cce702)
Start importing Assets/Mirror/Examples/Billiards/Table/Pockets.mat using Guid(345f064ee294143f9ba2aabdef269c2e) Importer(2089858483,192608db42251d675da83286b1cce702) (ScriptedImporter) -> (artifact id: '62cb5d1d90684abcfcdcfca8db22ba07') in 0.006166551 seconds
Number of updated asset objects reloaded before import = 0Number of asset objects unloaded after import = 1

========================================================================
Received Import Request.
  Time since last request: 0.000013 seconds.
  path: Assets/Mirror/Examples/Billiards/Table/Billiard Table.prefab
  artifactKey: Guid(dc0a91834ded843aba24753233b8c029) Importer(2089858483,192608db42251d675da83286b1cce702)
Start importing Assets/Mirror/Examples/Billiards/Table/Billiard Table.prefab using Guid(dc0a91834ded843aba24753233b8c029) Importer(2089858483,192608db42251d675da83286b1cce702) (ScriptedImporter) -> (artifact id: '2465cbbc8275e5143d25651900a4e77d') in 0.023474584 seconds
Number of updated asset objects reloaded before import = 0Number of asset objects unloaded after import = 32

========================================================================
Received Import Request.
  Time since last request: 0.000056 seconds.
  path: Assets/Mirror/Examples/Benchmark/Scripts/PlayerMovement.cs
  artifactKey: Guid(c482338c8cc6d4a3cba81934c0151972) Importer(2089858483,192608db42251d675da83286b1cce702)
Start importing Assets/Mirror/Examples/Benchmark/Scripts/PlayerMovement.cs using Guid(c482338c8cc6d4a3cba81934c0151972) Importer(2089858483,192608db42251d675da83286b1cce702) (ScriptedImporter) -> (artifact id: '066f08802400d13d321e6269fa61f8ee') in 0.004825115 seconds
Number of updated asset objects reloaded before import = 0Number of asset objects unloaded after import = 0

========================================================================
Received Import Request.
  Time since last request: 0.000019 seconds.
  path: Assets/Mirror/Examples/Billiards/Table/Felt.mat
  artifactKey: Guid(658caa508b3164eeca5e3847394e87a1) Importer(2089858483,192608db42251d675da83286b1cce702)
Start importing Assets/Mirror/Examples/Billiards/Table/Felt.mat using Guid(658caa508b3164eeca5e3847394e87a1) Importer(2089858483,192608db42251d675da83286b1cce702) (ScriptedImporter) -> (artifact id: '94f2560a0d45fa700e800095229861c9') in 0.00417141 seconds
Number of updated asset objects reloaded before import = 0Number of asset objects unloaded after import = 1

========================================================================
Received Import Request.
  Time since last request: 0.000033 seconds.
  path: Assets/Mirror/Examples/BenchmarkStinkySteak/Scripts/SineMoveYBehaviour.cs
  artifactKey: Guid(547d19395b603714c81fc33bfe0f37ca) Importer(2089858483,192608db42251d675da83286b1cce702)
Start importing Assets/Mirror/Examples/BenchmarkStinkySteak/Scripts/SineMoveYBehaviour.cs using Guid(547d19395b603714c81fc33bfe0f37ca) Importer(2089858483,192608db42251d675da83286b1cce702) (ScriptedImporter) -> (artifact id: '47d82b12cb753e92522090bf5b1f147d') in 0.003690123 seconds
Number of updated asset objects reloaded before import = 0Number of asset objects unloaded after import = 0

========================================================================
Received Import Request.
  Time since last request: 0.000036 seconds.
  path: Assets/Mirror/Examples/Billiards/Ball/WhiteBall.cs
  artifactKey: Guid(22982698a2c944cf39e961e49e9cd00c) Importer(2089858483,192608db42251d675da83286b1cce702)
Start importing Assets/Mirror/Examples/Billiards/Ball/WhiteBall.cs using Guid(22982698a2c944cf39e961e49e9cd00c) Importer(2089858483,192608db42251d675da83286b1cce702) (ScriptedImporter) -> (artifact id: '7fadffaa726df7d5d8ae3ab62712179a') in 0.003117061 seconds
Number of updated asset objects reloaded before import = 0Number of asset objects unloaded after import = 0

========================================================================
Received Import Request.
  Time since last request: 0.000021 seconds.
  path: Assets/Mirror/Examples/Basic/Scripts/CanvasUI.cs
  artifactKey: Guid(266fac335be17a243af86e88de84766d) Importer(2089858483,192608db42251d675da83286b1cce702)
Start importing Assets/Mirror/Examples/Basic/Scripts/CanvasUI.cs using Guid(266fac335be17a243af86e88de84766d) Importer(2089858483,192608db42251d675da83286b1cce702) (ScriptedImporter) -> (artifact id: '5175e3f74e36e3652e4ad7626080afb7') in 0.003774936 seconds
Number of updated asset objects reloaded before import = 0Number of asset objects unloaded after import = 0

========================================================================
Received Import Request.
  Time since last request: 0.000034 seconds.
  path: Assets/Mirror/Examples/BenchmarkStinkySteak/Shaders/Unlit.mat
  artifactKey: Guid(1a4e2bf0f982f8341a79b69aaaadcf24) Importer(2089858483,192608db42251d675da83286b1cce702)
Start importing Assets/Mirror/Examples/BenchmarkStinkySteak/Shaders/Unlit.mat using Guid(1a4e2bf0f982f8341a79b69aaaadcf24) Importer(2089858483,192608db42251d675da83286b1cce702) (ScriptedImporter) -> (artifact id: 'd23964a6f11a80bae9fd5785047107af') in 0.050801411 seconds
Number of updated asset objects reloaded before import = 0Number of asset objects unloaded after import = 1

========================================================================
Received Import Request.
  Time since last request: 0.000025 seconds.
  path: Assets/Mirror/Examples/Billiards/Ball/White.mat
  artifactKey: Guid(e88ccd07dc10d443b808d53676994410) Importer(2089858483,192608db42251d675da83286b1cce702)
Start importing Assets/Mirror/Examples/Billiards/Ball/White.mat using Guid(e88ccd07dc10d443b808d53676994410) Importer(2089858483,192608db42251d675da83286b1cce702) (ScriptedImporter) -> (artifact id: '38d483c911d1daba8af3aa154b4ee598') in 0.004634694 seconds
Number of updated asset objects reloaded before import = 0Number of asset objects unloaded after import = 1

========================================================================
Received Import Request.
  Time since last request: 0.000022 seconds.
  path: Assets/Mirror/Examples/Basic/Scripts/PlayerUI.cs
  artifactKey: Guid(64acca8c87e5ceb44bcbd56ef21e2950) Importer(2089858483,192608db42251d675da83286b1cce702)
Start importing Assets/Mirror/Examples/Basic/Scripts/PlayerUI.cs using Guid(64acca8c87e5ceb44bcbd56ef21e2950) Importer(2089858483,192608db42251d675da83286b1cce702) (ScriptedImporter) -> (artifact id: 'c769961260206746df8a6966a492b5ac') in 0.003893688 seconds
Number of updated asset objects reloaded before import = 0Number of asset objects unloaded after import = 0

========================================================================
Received Import Request.
  Time since last request: 0.000021 seconds.
  path: Assets/Mirror/Examples/BenchmarkStinkySteak/Prefabs/GUIGame.prefab
  artifactKey: Guid(7c764c613d90a5e4eb9ae8c5f2483eca) Importer(2089858483,192608db42251d675da83286b1cce702)
Start importing Assets/Mirror/Examples/BenchmarkStinkySteak/Prefabs/GUIGame.prefab using Guid(7c764c613d90a5e4eb9ae8c5f2483eca) Importer(2089858483,192608db42251d675da83286b1cce702) (ScriptedImporter) -> (artifact id: 'fae548b0fdf17aa6f951f5887ed38c6c') in 0.028458817 seconds
Number of updated asset objects reloaded before import = 0Number of asset objects unloaded after import = 103

========================================================================
Received Import Request.
  Time since last request: 0.000020 seconds.
  path: Assets/Mirror/Examples/Billiards/Table/Edge.mat
  artifactKey: Guid(7cfca2b6fd3df4580a0f098abfaf0c64) Importer(2089858483,192608db42251d675da83286b1cce702)
Start importing Assets/Mirror/Examples/Billiards/Table/Edge.mat using Guid(7cfca2b6fd3df4580a0f098abfaf0c64) Importer(2089858483,192608db42251d675da83286b1cce702) (ScriptedImporter) -> (artifact id: 'eae53ab7fba9760b9b390f62eb6a7063') in 0.00393817 seconds
Number of updated asset objects reloaded before import = 0Number of asset objects unloaded after import = 1

========================================================================
Received Import Request.
  Time since last request: 0.000044 seconds.
  path: Assets/Mirror/Examples/Billiards/Table/BilliardTable.mtl
  artifactKey: Guid(5d94495d573e34a16bff9b52dd3ad7e5) Importer(2089858483,192608db42251d675da83286b1cce702)
Start importing Assets/Mirror/Examples/Billiards/Table/BilliardTable.mtl using Guid(5d94495d573e34a16bff9b52dd3ad7e5) Importer(2089858483,192608db42251d675da83286b1cce702) (ScriptedImporter) -> (artifact id: '12d6db3c2bc10ad4582201f01965c479') in 0.00322316 seconds
Number of updated asset objects reloaded before import = 0Number of asset objects unloaded after import = 1

========================================================================
Received Import Request.
  Time since last request: 0.000019 seconds.
  path: Assets/Mirror/Examples/Billiards/Table/Holes.mat
  artifactKey: Guid(963c1008ac3af4b1db863a7f7a858eac) Importer(2089858483,192608db42251d675da83286b1cce702)
Start importing Assets/Mirror/Examples/Billiards/Table/Holes.mat using Guid(963c1008ac3af4b1db863a7f7a858eac) Importer(2089858483,192608db42251d675da83286b1cce702) (ScriptedImporter) -> (artifact id: '6445c68502e1aba6f2ebe6cdafe516ed') in 0.00428897 seconds
Number of updated asset objects reloaded before import = 0Number of asset objects unloaded after import = 1

========================================================================
Received Import Request.
  Time since last request: 0.000016 seconds.
  path: Assets/Mirror/Examples/Billiards/Table/Lamp.mat
  artifactKey: Guid(a5c5ac95f6b544173994adfaae202203) Importer(2089858483,192608db42251d675da83286b1cce702)
Start importing Assets/Mirror/Examples/Billiards/Table/Lamp.mat using Guid(a5c5ac95f6b544173994adfaae202203) Importer(2089858483,192608db42251d675da83286b1cce702) (ScriptedImporter) -> (artifact id: 'b66ff91611a43c95a699022b6860d404') in 0.005119641 seconds
Number of updated asset objects reloaded before import = 0Number of asset objects unloaded after import = 1

========================================================================
Received Import Request.
  Time since last request: 0.000024 seconds.
  path: Assets/Mirror/Examples/Basic/Scripts/Player.cs
  artifactKey: Guid(a472ac3ae1701d149861871cf416a46d) Importer(2089858483,192608db42251d675da83286b1cce702)
Start importing Assets/Mirror/Examples/Basic/Scripts/Player.cs using Guid(a472ac3ae1701d149861871cf416a46d) Importer(2089858483,192608db42251d675da83286b1cce702) (ScriptedImporter) -> (artifact id: '3c0b328c9367dca0943d4c02be61d993') in 0.002922753 seconds
Number of updated asset objects reloaded before import = 0Number of asset objects unloaded after import = 0

========================================================================
Received Import Request.
  Time since last request: 0.000020 seconds.
  path: Assets/Mirror/Examples/Basic/Scenes/MirrorBasic.unity
  artifactKey: Guid(b30904751905d3f4dacde62ac85ec7c2) Importer(2089858483,192608db42251d675da83286b1cce702)
Start importing Assets/Mirror/Examples/Basic/Scenes/MirrorBasic.unity using Guid(b30904751905d3f4dacde62ac85ec7c2) Importer(2089858483,192608db42251d675da83286b1cce702) (ScriptedImporter) -> (artifact id: '0aab8c5241a69126a9d6f3f12cd4a021') in 0.004115204 seconds
Number of updated asset objects reloaded before import = 0Number of asset objects unloaded after import = 1

========================================================================
Received Import Request.
  Time since last request: 0.000024 seconds.
  path: Assets/Mirror/Examples/Benchmark/Prefabs/Player.prefab
  artifactKey: Guid(e1299008405d14b17b1ca459a6cd44a2) Importer(2089858483,192608db42251d675da83286b1cce702)
Start importing Assets/Mirror/Examples/Benchmark/Prefabs/Player.prefab using Guid(e1299008405d14b17b1ca459a6cd44a2) Importer(2089858483,192608db42251d675da83286b1cce702) (ScriptedImporter) -> (artifact id: '29250d8571926ef643b0b57fa2784085') in 0.024736464 seconds
Number of updated asset objects reloaded before import = 0Number of asset objects unloaded after import = 9

========================================================================
Received Import Request.
  Time since last request: 0.000015 seconds.
  path: Assets/Mirror/Examples/BenchmarkStinkySteak/Prefabs/SphereMoveWander.prefab
  artifactKey: Guid(9925ea7d66c38ac48a88a572a9236cbe) Importer(2089858483,192608db42251d675da83286b1cce702)
Start importing Assets/Mirror/Examples/BenchmarkStinkySteak/Prefabs/SphereMoveWander.prefab using Guid(9925ea7d66c38ac48a88a572a9236cbe) Importer(2089858483,192608db42251d675da83286b1cce702) (ScriptedImporter) -> (artifact id: '57c42a7cc6649e208b6a35db08ab7a2f') in 0.01458705 seconds
Number of updated asset objects reloaded before import = 0Number of asset objects unloaded after import = 12

========================================================================
Received Import Request.
  Time since last request: 0.000017 seconds.
  path: Assets/Mirror/Examples/AdditiveLevels/Scripts/FadeInOut.cs
  artifactKey: Guid(363a8867bb9c7b845a73233566df8c1e) Importer(2089858483,192608db42251d675da83286b1cce702)
Start importing Assets/Mirror/Examples/AdditiveLevels/Scripts/FadeInOut.cs using Guid(363a8867bb9c7b845a73233566df8c1e) Importer(2089858483,192608db42251d675da83286b1cce702) (ScriptedImporter) -> (artifact id: 'c3c8fcc68f4a4a065ce6e9106543d699') in 0.007105488 seconds
Number of updated asset objects reloaded before import = 0Number of asset objects unloaded after import = 0

========================================================================
Received Import Request.
  Time since last request: 0.000018 seconds.
  path: Assets/Mirror/Examples/AdditiveLevels/Materials/CubeSphere.mat
  artifactKey: Guid(38950807c6bf6454dbef567827b770b6) Importer(2089858483,192608db42251d675da83286b1cce702)
Start importing Assets/Mirror/Examples/AdditiveLevels/Materials/CubeSphere.mat using Guid(38950807c6bf6454dbef567827b770b6) Importer(2089858483,192608db42251d675da83286b1cce702) (ScriptedImporter) -> (artifact id: '935299bfa28ad27387dd354a3d5ab1e3') in 0.008335366 seconds
Number of updated asset objects reloaded before import = 0Number of asset objects unloaded after import = 1

========================================================================
Received Import Request.
  Time since last request: 0.000034 seconds.
  path: Assets/Mirror/Presets/Network Transform (Unreliable)/ClientAuth-Balanced.preset
  artifactKey: Guid(0a20d07504f3744079937213136ef7a3) Importer(2089858483,192608db42251d675da83286b1cce702)
Start importing Assets/Mirror/Presets/Network Transform (Unreliable)/ClientAuth-Balanced.preset using Guid(0a20d07504f3744079937213136ef7a3) Importer(2089858483,192608db42251d675da83286b1cce702) (ScriptedImporter) -> (artifact id: '19f89c425ebf2d1cf81f86cedf7a1eb7') in 0.003913098 seconds
Number of updated asset objects reloaded before import = 0Number of asset objects unloaded after import = 1

========================================================================
Received Import Request.
  Time since last request: 0.000015 seconds.
  path: Assets/Mirror/Examples/Chat/Prefabs/Player.prefab
  artifactKey: Guid(e5905ffa27de84009b346b49d518ba03) Importer(2089858483,192608db42251d675da83286b1cce702)
Start importing Assets/Mirror/Examples/Chat/Prefabs/Player.prefab using Guid(e5905ffa27de84009b346b49d518ba03) Importer(2089858483,192608db42251d675da83286b1cce702) (ScriptedImporter) -> (artifact id: '2372ae23ce66ade39fde2ca42197c3a9') in 0.005833896 seconds
Number of updated asset objects reloaded before import = 0Number of asset objects unloaded after import = 6

========================================================================
Received Import Request.
  Time since last request: 0.000036 seconds.
  path: Assets/Mirror/Examples/CharacterSelection/Prefabs/PlayerEmpty.prefab
  artifactKey: Guid(622ba1e4799554a45a3443be2c75dace) Importer(2089858483,192608db42251d675da83286b1cce702)
Start importing Assets/Mirror/Examples/CharacterSelection/Prefabs/PlayerEmpty.prefab using Guid(622ba1e4799554a45a3443be2c75dace) Importer(2089858483,192608db42251d675da83286b1cce702) (ScriptedImporter) -> (artifact id: '973c4272296f96e3e4f7387527d90379') in 0.006364986 seconds
Number of updated asset objects reloaded before import = 0Number of asset objects unloaded after import = 6

========================================================================
Received Import Request.
  Time since last request: 0.000033 seconds.
  path: Assets/Mirror/Examples/CouchCoop/Materials/MaterialGround.mat
  artifactKey: Guid(037d7d103792c4a6aa3ed9e8f1fd9706) Importer(2089858483,192608db42251d675da83286b1cce702)
Start importing Assets/Mirror/Examples/CouchCoop/Materials/MaterialGround.mat using Guid(037d7d103792c4a6aa3ed9e8f1fd9706) Importer(2089858483,192608db42251d675da83286b1cce702) (ScriptedImporter) -> (artifact id: '0ed5351bd7fe458fa81f687188e98ac7') in 0.008291807 seconds
Number of updated asset objects reloaded before import = 0Number of asset objects unloaded after import = 2

========================================================================
Received Import Request.
  Time since last request: 0.000022 seconds.
  path: Assets/Mirror/Examples/Chat/Scripts/ChatUI.cs
  artifactKey: Guid(2c102f62d739545269250f48327d4429) Importer(2089858483,192608db42251d675da83286b1cce702)
Start importing Assets/Mirror/Examples/Chat/Scripts/ChatUI.cs using Guid(2c102f62d739545269250f48327d4429) Importer(2089858483,192608db42251d675da83286b1cce702) (ScriptedImporter) -> (artifact id: 'a09284a4c460b07f838566280589bff9') in 0.005340218 seconds
Number of updated asset objects reloaded before import = 0Number of asset objects unloaded after import = 0

========================================================================
Received Import Request.
  Time since last request: 0.000022 seconds.
  path: Assets/Mirror/Examples/CharacterSelection/Scripts/PlayerEmpty.cs
  artifactKey: Guid(ef22691ec32ce4b5f8dd75e8330b07ce) Importer(2089858483,192608db42251d675da83286b1cce702)
Start importing Assets/Mirror/Examples/CharacterSelection/Scripts/PlayerEmpty.cs using Guid(ef22691ec32ce4b5f8dd75e8330b07ce) Importer(2089858483,192608db42251d675da83286b1cce702) (ScriptedImporter) -> (artifact id: '4c50801fd6ba7c90bce58ce3aca810df') in 0.00335973 seconds
Number of updated asset objects reloaded before import = 0Number of asset objects unloaded after import = 0

========================================================================
Received Import Request.
  Time since last request: 0.000021 seconds.
  path: Assets/Mirror/Examples/CharacterSelection/Materials/MaterialBlack.mat
  artifactKey: Guid(0f0dbf645ce2a45b390c0514e3758988) Importer(2089858483,192608db42251d675da83286b1cce702)
Start importing Assets/Mirror/Examples/CharacterSelection/Materials/MaterialBlack.mat using Guid(0f0dbf645ce2a45b390c0514e3758988) Importer(2089858483,192608db42251d675da83286b1cce702) (ScriptedImporter) -> (artifact id: 'bccd87cfd13313d3e3f75e93d3bafb8c') in 0.005251342 seconds
Number of updated asset objects reloaded before import = 0Number of asset objects unloaded after import = 1

========================================================================
Received Import Request.
  Time since last request: 0.000022 seconds.
  path: Assets/Mirror/Examples/CharacterSelection/Materials/MaterialWhite.mat
  artifactKey: Guid(0eb01134dad314f879704d594ca8a7b2) Importer(2089858483,192608db42251d675da83286b1cce702)
Start importing Assets/Mirror/Examples/CharacterSelection/Materials/MaterialWhite.mat using Guid(0eb01134dad314f879704d594ca8a7b2) Importer(2089858483,192608db42251d675da83286b1cce702) (ScriptedImporter) -> (artifact id: '21efa94e3bfeb6425e6be18a7c2478f1') in 0.005573135 seconds
Number of updated asset objects reloaded before import = 0Number of asset objects unloaded after import = 1

========================================================================
Received Import Request.
  Time since last request: 0.000035 seconds.
  path: Assets/Mirror/Examples/CharacterSelection/Prefabs/CharacterData.prefab
  artifactKey: Guid(6acf49d76d0eb47c08e908da71d52859) Importer(2089858483,192608db42251d675da83286b1cce702)
Start importing Assets/Mirror/Examples/CharacterSelection/Prefabs/CharacterData.prefab using Guid(6acf49d76d0eb47c08e908da71d52859) Importer(2089858483,192608db42251d675da83286b1cce702) (ScriptedImporter) -> (artifact id: '0e50ffb213709b6bae9b5bca61341bfa') in 0.013856041 seconds
Number of updated asset objects reloaded before import = 0Number of asset objects unloaded after import = 379

========================================================================
Received Import Request.
  Time since last request: 0.000035 seconds.
  path: Assets/Mirror/Examples/CharacterSelection/Materials/MaterialGreenDark.mat
  artifactKey: Guid(b4814d6b577aa424991905946c0fe6dc) Importer(2089858483,192608db42251d675da83286b1cce702)
Start importing Assets/Mirror/Examples/CharacterSelection/Materials/MaterialGreenDark.mat using Guid(b4814d6b577aa424991905946c0fe6dc) Importer(2089858483,192608db42251d675da83286b1cce702) (ScriptedImporter) -> (artifact id: 'b187b5684aa3684cb899002c51bafbf8') in 0.011708716 seconds
Number of updated asset objects reloaded before import = 0Number of asset objects unloaded after import = 1

========================================================================
Received Import Request.
  Time since last request: 0.000028 seconds.
  path: Assets/Mirror/Examples/CharacterSelection/Scripts/StaticVariables.cs
  artifactKey: Guid(1d335b50444484132bf9affd60327c5f) Importer(2089858483,192608db42251d675da83286b1cce702)
Start importing Assets/Mirror/Examples/CharacterSelection/Scripts/StaticVariables.cs using Guid(1d335b50444484132bf9affd60327c5f) Importer(2089858483,192608db42251d675da83286b1cce702) (ScriptedImporter) -> (artifact id: '025dd155a66f63d22f12587abc13557d') in 0.008717886 seconds
Number of updated asset objects reloaded before import = 0Number of asset objects unloaded after import = 0

========================================================================
Received Import Request.
  Time since last request: 0.000018 seconds.
  path: Assets/Mirror/Examples/CharacterSelection/Scripts/SceneReferencer.cs
  artifactKey: Guid(f45e025c29e20480cb3d9ab86918814a) Importer(2089858483,192608db42251d675da83286b1cce702)
Start importing Assets/Mirror/Examples/CharacterSelection/Scripts/SceneReferencer.cs using Guid(f45e025c29e20480cb3d9ab86918814a) Importer(2089858483,192608db42251d675da83286b1cce702) (ScriptedImporter) -> (artifact id: 'c936cfe15c99d28f7abd0d98711ea3d8') in 0.004595097 seconds
Number of updated asset objects reloaded before import = 0Number of asset objects unloaded after import = 0

========================================================================
Received Import Request.
  Time since last request: 0.000016 seconds.
  path: Assets/Mirror/Examples/CouchCoop/Materials/MaterialPlatform1.mat
  artifactKey: Guid(0525145f52aa54b7f80b86ebdc7319de) Importer(2089858483,192608db42251d675da83286b1cce702)
Start importing Assets/Mirror/Examples/CouchCoop/Materials/MaterialPlatform1.mat using Guid(0525145f52aa54b7f80b86ebdc7319de) Importer(2089858483,192608db42251d675da83286b1cce702) (ScriptedImporter) -> (artifact id: '8f2e48d335d2e88ec4e92730ec864c53') in 0.005631944 seconds
Number of updated asset objects reloaded before import = 0Number of asset objects unloaded after import = 2

========================================================================
Received Import Request.
  Time since last request: 0.000023 seconds.
  path: Assets/Mirror/Examples/CharacterSelection/Materials/MaterialRed.mat
  artifactKey: Guid(0cb2aedfe1c0146808538c1b8ae2b1ab) Importer(2089858483,192608db42251d675da83286b1cce702)
Start importing Assets/Mirror/Examples/CharacterSelection/Materials/MaterialRed.mat using Guid(0cb2aedfe1c0146808538c1b8ae2b1ab) Importer(2089858483,192608db42251d675da83286b1cce702) (ScriptedImporter) -> (artifact id: '011b9f019a063b058f15e9acbf01ba91') in 0.004858751 seconds
Number of updated asset objects reloaded before import = 0Number of asset objects unloaded after import = 1

========================================================================
Received Import Request.
  Time since last request: 0.000014 seconds.
  path: Assets/Mirror/Examples/CharacterSelection/Scripts/ScriptAnimations.cs
  artifactKey: Guid(0f36e96df6ff2459992432717c975c84) Importer(2089858483,192608db42251d675da83286b1cce702)
Start importing Assets/Mirror/Examples/CharacterSelection/Scripts/ScriptAnimations.cs using Guid(0f36e96df6ff2459992432717c975c84) Importer(2089858483,192608db42251d675da83286b1cce702) (ScriptedImporter) -> (artifact id: '2b6e204354ecd6e650be0cd087139671') in 0.003932921 seconds
Number of updated asset objects reloaded before import = 0Number of asset objects unloaded after import = 0

========================================================================
Received Import Request.
  Time since last request: 0.000018 seconds.
  path: Assets/Mirror/Examples/BilliardsPredicted/Ball/RedPredicted.prefab
  artifactKey: Guid(ecbb35e2a01c0427ebb0b4b6ed146c70) Importer(2089858483,192608db42251d675da83286b1cce702)
Start importing Assets/Mirror/Examples/BilliardsPredicted/Ball/RedPredicted.prefab using Guid(ecbb35e2a01c0427ebb0b4b6ed146c70) Importer(2089858483,192608db42251d675da83286b1cce702) (ScriptedImporter) -> (artifact id: '034697e37f5e2dd1a2484ddc40cca6fc') in 0.019865714 seconds
Number of updated asset objects reloaded before import = 0Number of asset objects unloaded after import = 14

========================================================================
Received Import Request.
  Time since last request: 0.000029 seconds.
  path: Assets/Mirror/Examples/BilliardsPredicted/Player/PlayerPredicted.cs
  artifactKey: Guid(79c6ff7781e8c4174b07ea7e905f62b2) Importer(2089858483,192608db42251d675da83286b1cce702)
Start importing Assets/Mirror/Examples/BilliardsPredicted/Player/PlayerPredicted.cs using Guid(79c6ff7781e8c4174b07ea7e905f62b2) Importer(2089858483,192608db42251d675da83286b1cce702) (ScriptedImporter) -> (artifact id: '185d46c63fd38a5f33dc9bb794d830c5') in 0.008650941 seconds
Number of updated asset objects reloaded before import = 0Number of asset objects unloaded after import = 0

========================================================================
Received Import Request.
  Time since last request: 0.000020 seconds.
  path: Assets/Mirror/Examples/CharacterSelection/Materials/MaterialBrown.mat
  artifactKey: Guid(b976126dcdf3a407b86a1488c2f05b98) Importer(2089858483,192608db42251d675da83286b1cce702)
Start importing Assets/Mirror/Examples/CharacterSelection/Materials/MaterialBrown.mat using Guid(b976126dcdf3a407b86a1488c2f05b98) Importer(2089858483,192608db42251d675da83286b1cce702) (ScriptedImporter) -> (artifact id: '1a9a306b52ab13520e1b7e89175388c4') in 0.011305279 seconds
Number of updated asset objects reloaded before import = 0Number of asset objects unloaded after import = 1

========================================================================
Received Import Request.
  Time since last request: 0.000032 seconds.
  path: Assets/Mirror/Examples/BilliardsPredicted/Ball/Red.mat
  artifactKey: Guid(919ef8af6341a428380e25d2f2ced7f9) Importer(2089858483,192608db42251d675da83286b1cce702)
Start importing Assets/Mirror/Examples/BilliardsPredicted/Ball/Red.mat using Guid(919ef8af6341a428380e25d2f2ced7f9) Importer(2089858483,192608db42251d675da83286b1cce702) (ScriptedImporter) -> (artifact id: '0bb677f9181ba1535c9a4326cd9261c7') in 0.005660217 seconds
Number of updated asset objects reloaded before import = 0Number of asset objects unloaded after import = 1

========================================================================
Received Import Request.
  Time since last request: 0.000029 seconds.
  path: Assets/Mirror/Examples/BilliardsPredicted/Ball/White.mat
  artifactKey: Guid(cc250a30997cc42318e82a6ec42171db) Importer(2089858483,192608db42251d675da83286b1cce702)
Start importing Assets/Mirror/Examples/BilliardsPredicted/Ball/White.mat using Guid(cc250a30997cc42318e82a6ec42171db) Importer(2089858483,192608db42251d675da83286b1cce702) (ScriptedImporter) -> (artifact id: '0e409ecf59938f2b0404004a127a48e9') in 0.008409236 seconds
Number of updated asset objects reloaded before import = 0Number of asset objects unloaded after import = 1

========================================================================
Received Import Request.
  Time since last request: 0.000022 seconds.
  path: Assets/Mirror/Examples/Chat/Scripts/Player.cs
  artifactKey: Guid(3addc5ad220944ed6888319897606739) Importer(2089858483,192608db42251d675da83286b1cce702)
Start importing Assets/Mirror/Examples/Chat/Scripts/Player.cs using Guid(3addc5ad220944ed6888319897606739) Importer(2089858483,192608db42251d675da83286b1cce702) (ScriptedImporter) -> (artifact id: 'f99c84a88fe17834c240bb45fefc5c9a') in 0.005328208 seconds
Number of updated asset objects reloaded before import = 0Number of asset objects unloaded after import = 0

========================================================================
Received Import Request.
  Time since last request: 0.000017 seconds.
  path: Assets/Mirror/Examples/CharacterSelection/Scripts/CanvasReferencer.cs
  artifactKey: Guid(faef105eb77a94bbaacfe57f48968e19) Importer(2089858483,192608db42251d675da83286b1cce702)
Start importing Assets/Mirror/Examples/CharacterSelection/Scripts/CanvasReferencer.cs using Guid(faef105eb77a94bbaacfe57f48968e19) Importer(2089858483,192608db42251d675da83286b1cce702) (ScriptedImporter) -> (artifact id: '7c1d0f3260e17316486eca91ea7a1eb1') in 0.006118048 seconds
Number of updated asset objects reloaded before import = 0Number of asset objects unloaded after import = 0

========================================================================
Received Import Request.
  Time since last request: 0.000020 seconds.
  path: Assets/Mirror/Examples/Chat/Scripts/ChatAuthenticator.cs
  artifactKey: Guid(6e2e6b40604520d408bef0a5243a58cd) Importer(2089858483,192608db42251d675da83286b1cce702)
Start importing Assets/Mirror/Examples/Chat/Scripts/ChatAuthenticator.cs using Guid(6e2e6b40604520d408bef0a5243a58cd) Importer(2089858483,192608db42251d675da83286b1cce702) (ScriptedImporter) -> (artifact id: '946874fdf47c419466c6882580ec2a6b') in 0.006182442 seconds
Number of updated asset objects reloaded before import = 0Number of asset objects unloaded after import = 0

========================================================================
Received Import Request.
  Time since last request: 0.000029 seconds.
  path: Assets/Mirror/Examples/CouchCoop/Materials/MaterialPlayer.mat
  artifactKey: Guid(9b77d86bd031f46efa8887f0c4e8d79f) Importer(2089858483,192608db42251d675da83286b1cce702)
Start importing Assets/Mirror/Examples/CouchCoop/Materials/MaterialPlayer.mat using Guid(9b77d86bd031f46efa8887f0c4e8d79f) Importer(2089858483,192608db42251d675da83286b1cce702) (ScriptedImporter) -> (artifact id: '32254e9ccf58f2a75ab8647b9dfcf86e') in 0.005900431 seconds
Number of updated asset objects reloaded before import = 0Number of asset objects unloaded after import = 1

========================================================================
Received Import Request.
  Time since last request: 0.000034 seconds.
  path: Assets/Mirror/Examples/MultipleAdditiveScenes/Scripts/Spawner.cs
  artifactKey: Guid(f522bf510b49da44caa9f3ca0ac17f3b) Importer(2089858483,192608db42251d675da83286b1cce702)
Start importing Assets/Mirror/Examples/MultipleAdditiveScenes/Scripts/Spawner.cs using Guid(f522bf510b49da44caa9f3ca0ac17f3b) Importer(2089858483,192608db42251d675da83286b1cce702) (ScriptedImporter) -> (artifact id: '447ab3262d1f1d9da8170dfbb08f4545') in 0.004441957 seconds
Number of updated asset objects reloaded before import = 0Number of asset objects unloaded after import = 0

========================================================================
Received Import Request.
  Time since last request: 0.000026 seconds.
  path: Assets/Mirror/Examples/EdgegapLobby/Scripts/UILobbyStatus.cs
  artifactKey: Guid(44d2f1170bbe4432bf6f388bcfabefee) Importer(2089858483,192608db42251d675da83286b1cce702)
Start importing Assets/Mirror/Examples/EdgegapLobby/Scripts/UILobbyStatus.cs using Guid(44d2f1170bbe4432bf6f388bcfabefee) Importer(2089858483,192608db42251d675da83286b1cce702) (ScriptedImporter) -> (artifact id: '268f945684c382326ede0f2d0e09aa7c') in 0.004622222 seconds
Number of updated asset objects reloaded before import = 0Number of asset objects unloaded after import = 0

========================================================================
Received Import Request.
  Time since last request: 0.000037 seconds.
  path: Assets/Mirror/Examples/HexSpatialHash/Scripts/Hex2DNetworkManager.cs
  artifactKey: Guid(43d8e3a03523cba438aea0b8e793b390) Importer(2089858483,192608db42251d675da83286b1cce702)
Start importing Assets/Mirror/Examples/HexSpatialHash/Scripts/Hex2DNetworkManager.cs using Guid(43d8e3a03523cba438aea0b8e793b390) Importer(2089858483,192608db42251d675da83286b1cce702) (ScriptedImporter) -> (artifact id: 'e52ea9bb58b3a503c2055df37328c6b3') in 0.006341635 seconds
Number of updated asset objects reloaded before import = 0Number of asset objects unloaded after import = 0

========================================================================
Received Import Request.
  Time since last request: 0.000040 seconds.
  path: Assets/Mirror/Examples/MultipleMatches/Prefabs/CellGUI.prefab
  artifactKey: Guid(5ab8c221183f0094eb04b7f6eb569e7b) Importer(2089858483,192608db42251d675da83286b1cce702)
Start importing Assets/Mirror/Examples/MultipleMatches/Prefabs/CellGUI.prefab using Guid(5ab8c221183f0094eb04b7f6eb569e7b) Importer(2089858483,192608db42251d675da83286b1cce702) (ScriptedImporter) -> (artifact id: '10aaf4e402223e5d9935d435ad0e6a5d') in 0.063757868 seconds
Number of updated asset objects reloaded before import = 0Number of asset objects unloaded after import = 8

========================================================================
Received Import Request.
  Time since last request: 0.000015 seconds.
  path: Assets/Mirror/Examples/HexSpatialHash/Mateirals/RandomColor.mat
  artifactKey: Guid(67d89500b29d14f4f909a99b79a5f2a0) Importer(2089858483,192608db42251d675da83286b1cce702)
Start importing Assets/Mirror/Examples/HexSpatialHash/Mateirals/RandomColor.mat using Guid(67d89500b29d14f4f909a99b79a5f2a0) Importer(2089858483,192608db42251d675da83286b1cce702) (ScriptedImporter) -> (artifact id: 'd5667ee46d3c91ab781a76626af1fef8') in 0.007792989 seconds
Number of updated asset objects reloaded before import = 0Number of asset objects unloaded after import = 1

========================================================================
Received Import Request.
  Time since last request: 0.000044 seconds.
  path: Assets/Mirror/Examples/Discovery/Prefabs/Player.prefab
  artifactKey: Guid(ecd52c53a6ef7496693343d3e32dace1) Importer(2089858483,192608db42251d675da83286b1cce702)
Start importing Assets/Mirror/Examples/Discovery/Prefabs/Player.prefab using Guid(ecd52c53a6ef7496693343d3e32dace1) Importer(2089858483,192608db42251d675da83286b1cce702) (ScriptedImporter) -> (artifact id: 'b99a42e055c2aa71478347f01c6c1dce') in 0.010206987 seconds
Number of updated asset objects reloaded before import = 0Number of asset objects unloaded after import = 8

========================================================================
Received Import Request.
  Time since last request: 0.000023 seconds.
  path: Assets/Mirror/Examples/Discovery/Scenes/MirrorDiscovery.unity
  artifactKey: Guid(90fddc74fa21c423599167eb28b09dd1) Importer(2089858483,192608db42251d675da83286b1cce702)
Start importing Assets/Mirror/Examples/Discovery/Scenes/MirrorDiscovery.unity using Guid(90fddc74fa21c423599167eb28b09dd1) Importer(2089858483,192608db42251d675da83286b1cce702) (ScriptedImporter) -> (artifact id: 'c3a33e10f950dec9367e843a7893a40b') in 0.007264524 seconds
Number of updated asset objects reloaded before import = 0Number of asset objects unloaded after import = 1

========================================================================
Received Import Request.
  Time since last request: 0.000039 seconds.
  path: Assets/Mirror/Examples/EdgegapLobby/Prefabs/LobbyUIEntry.prefab
  artifactKey: Guid(9ad36d24bb59d094dbf84bf5bbbdd1c6) Importer(2089858483,192608db42251d675da83286b1cce702)
Start importing Assets/Mirror/Examples/EdgegapLobby/Prefabs/LobbyUIEntry.prefab using Guid(9ad36d24bb59d094dbf84bf5bbbdd1c6) Importer(2089858483,192608db42251d675da83286b1cce702) (ScriptedImporter) -> (artifact id: '9581c0a3c9a37b1f6ca6e500ec269af4') in 0.031203311 seconds
Number of updated asset objects reloaded before import = 0Number of asset objects unloaded after import = 16

========================================================================
Received Import Request.
  Time since last request: 0.000061 seconds.
  path: Assets/Mirror/Examples/HexSpatialHash/Scripts/Hex2DPlayer.cs
  artifactKey: Guid(c71d1d9ad0bdf3d498e9caac7d172f56) Importer(2089858483,192608db42251d675da83286b1cce702)
Start importing Assets/Mirror/Examples/HexSpatialHash/Scripts/Hex2DPlayer.cs using Guid(c71d1d9ad0bdf3d498e9caac7d172f56) Importer(2089858483,192608db42251d675da83286b1cce702) (ScriptedImporter) -> (artifact id: '8a5ee6d1233a54c835609db771ab9e68') in 0.005960116 seconds
Number of updated asset objects reloaded before import = 0Number of asset objects unloaded after import = 0

========================================================================
Received Import Request.
  Time since last request: 0.000023 seconds.
  path: Assets/Mirror/Examples/MultipleMatches/Prefabs/PlayerGUI.prefab
  artifactKey: Guid(504f86497324bc040be44f6f88b6cc73) Importer(2089858483,192608db42251d675da83286b1cce702)
Start importing Assets/Mirror/Examples/MultipleMatches/Prefabs/PlayerGUI.prefab using Guid(504f86497324bc040be44f6f88b6cc73) Importer(2089858483,192608db42251d675da83286b1cce702) (ScriptedImporter) -> (artifact id: '992091802ccc992859b6f7933342f839') in 0.013914455 seconds
Number of updated asset objects reloaded before import = 0Number of asset objects unloaded after import = 12

========================================================================
Received Import Request.
  Time since last request: 0.000022 seconds.
  path: Assets/Mirror/Examples/HexSpatialHash/Scripts/Hex2DPlayerCamera.cs
  artifactKey: Guid(8bd7ffa7c966c0c47be237edb68c98c8) Importer(2089858483,192608db42251d675da83286b1cce702)
Start importing Assets/Mirror/Examples/HexSpatialHash/Scripts/Hex2DPlayerCamera.cs using Guid(8bd7ffa7c966c0c47be237edb68c98c8) Importer(2089858483,192608db42251d675da83286b1cce702) (ScriptedImporter) -> (artifact id: '3dd53592236e9a31550dae3017eeb1a4') in 0.004843422 seconds
Number of updated asset objects reloaded before import = 0Number of asset objects unloaded after import = 0

========================================================================
Received Import Request.
  Time since last request: 0.000017 seconds.
  path: Assets/Mirror/Examples/MultipleAdditiveScenes/Prefabs/Icosphere.prefab
  artifactKey: Guid(a104de86221e66a48832c222471d4f1e) Importer(2089858483,192608db42251d675da83286b1cce702)
Start importing Assets/Mirror/Examples/MultipleAdditiveScenes/Prefabs/Icosphere.prefab using Guid(a104de86221e66a48832c222471d4f1e) Importer(2089858483,192608db42251d675da83286b1cce702) (ScriptedImporter) -> (artifact id: 'b9a72c2b6d739cf8103d946000e821d4') in 0.029460031 seconds
Number of updated asset objects reloaded before import = 0Number of asset objects unloaded after import = 15

========================================================================
Received Import Request.
  Time since last request: 0.000033 seconds.
  path: Assets/Mirror/Examples/MultipleAdditiveScenes/Scripts/Reward.cs
  artifactKey: Guid(10da7fdf8caa1eb4697658bf129457fa) Importer(2089858483,192608db42251d675da83286b1cce702)
Start importing Assets/Mirror/Examples/MultipleAdditiveScenes/Scripts/Reward.cs using Guid(10da7fdf8caa1eb4697658bf129457fa) Importer(2089858483,192608db42251d675da83286b1cce702) (ScriptedImporter) -> (artifact id: '8ca9bad324a9e9701368365e6bf4d367') in 0.010813446 seconds
Number of updated asset objects reloaded before import = 0Number of asset objects unloaded after import = 0

========================================================================
Received Import Request.
  Time since last request: 0.000041 seconds.
  path: Assets/Mirror/Examples/CouchCoop/Scripts/CameraViewForAll.cs
  artifactKey: Guid(73edff93783204b298f805477ae30ecd) Importer(2089858483,192608db42251d675da83286b1cce702)
Start importing Assets/Mirror/Examples/CouchCoop/Scripts/CameraViewForAll.cs using Guid(73edff93783204b298f805477ae30ecd) Importer(2089858483,192608db42251d675da83286b1cce702) (ScriptedImporter) -> (artifact id: 'b49a2a1f6e8b5eba6e0ee655433621fa') in 0.006813896 seconds
Number of updated asset objects reloaded before import = 0Number of asset objects unloaded after import = 0

========================================================================
Received Import Request.
  Time since last request: 0.000032 seconds.
  path: Assets/Mirror/Examples/MultipleMatches/Scenes/MirrorMultipleMatches.unity
  artifactKey: Guid(aa1f875396fa7d348a782cebc2f75d7c) Importer(2089858483,192608db42251d675da83286b1cce702)
Start importing Assets/Mirror/Examples/MultipleMatches/Scenes/MirrorMultipleMatches.unity using Guid(aa1f875396fa7d348a782cebc2f75d7c) Importer(2089858483,192608db42251d675da83286b1cce702) (ScriptedImporter) -> (artifact id: '1d01723f78157d03167499a2298df0ee') in 0.013577052 seconds
Number of updated asset objects reloaded before import = 0Number of asset objects unloaded after import = 1

========================================================================
Received Import Request.
  Time since last request: 0.000027 seconds.
  path: Assets/Mirror/Examples/PickupsDropsChilds/Scripts/Enumerations.cs
  artifactKey: Guid(2bfef79b434bc424eacedbe92f3ca7e8) Importer(2089858483,192608db42251d675da83286b1cce702)
Start importing Assets/Mirror/Examples/PickupsDropsChilds/Scripts/Enumerations.cs using Guid(2bfef79b434bc424eacedbe92f3ca7e8) Importer(2089858483,192608db42251d675da83286b1cce702) (ScriptedImporter) -> (artifact id: 'f2f95485cdb466afd5c00c6bef7c8e3b') in 0.004382202 seconds
Number of updated asset objects reloaded before import = 0Number of asset objects unloaded after import = 0

========================================================================
Received Import Request.
  Time since last request: 0.000030 seconds.
  path: Assets/Mirror/Examples/PickupsDropsChilds/Materials/Bat.mat
  artifactKey: Guid(9668485f4f34ae3458ccb76195eb127e) Importer(2089858483,192608db42251d675da83286b1cce702)
Start importing Assets/Mirror/Examples/PickupsDropsChilds/Materials/Bat.mat using Guid(9668485f4f34ae3458ccb76195eb127e) Importer(2089858483,192608db42251d675da83286b1cce702) (ScriptedImporter) -> (artifact id: '209bd5858044c418f95e6a1c5290d732') in 0.007034244 seconds
Number of updated asset objects reloaded before import = 0Number of asset objects unloaded after import = 1

========================================================================
Received Import Request.
  Time since last request: 0.000021 seconds.
  path: Assets/Mirror/Examples/PickupsDropsChilds/Scripts/PickupsDropsChilds.cs
  artifactKey: Guid(cb266ca5176fd4e438673d08fbb59491) Importer(2089858483,192608db42251d675da83286b1cce702)
Start importing Assets/Mirror/Examples/PickupsDropsChilds/Scripts/PickupsDropsChilds.cs using Guid(cb266ca5176fd4e438673d08fbb59491) Importer(2089858483,192608db42251d675da83286b1cce702) (ScriptedImporter) -> (artifact id: 'b9caaa13a6b9388d44375d706ec438f9') in 0.006723836 seconds
Number of updated asset objects reloaded before import = 0Number of asset objects unloaded after import = 1

========================================================================
Received Import Request.
  Time since last request: 0.000034 seconds.
  path: Assets/Mirror/Examples/PickupsDropsChilds/Materials/Box.mat
  artifactKey: Guid(8f7d52257ab326949bc5715d14415e21) Importer(2089858483,192608db42251d675da83286b1cce702)
Start importing Assets/Mirror/Examples/PickupsDropsChilds/Materials/Box.mat using Guid(8f7d52257ab326949bc5715d14415e21) Importer(2089858483,192608db42251d675da83286b1cce702) (ScriptedImporter) -> (artifact id: 'b86191ed67db4c8c5ee11dcdf7483486') in 0.008620261 seconds
Number of updated asset objects reloaded before import = 0Number of asset objects unloaded after import = 1

========================================================================
Received Import Request.
  Time since last request: 0.000021 seconds.
  path: Assets/Mirror/Examples/MultipleMatches/Scripts/MatchGUI.cs
  artifactKey: Guid(e875a237ce12c3145b20f17222f10b68) Importer(2089858483,192608db42251d675da83286b1cce702)
Start importing Assets/Mirror/Examples/MultipleMatches/Scripts/MatchGUI.cs using Guid(e875a237ce12c3145b20f17222f10b68) Importer(2089858483,192608db42251d675da83286b1cce702) (ScriptedImporter) -> (artifact id: 'cbb1b26723fe7bff1df315d1dd2499eb') in 0.004497607 seconds
Number of updated asset objects reloaded before import = 0Number of asset objects unloaded after import = 0

========================================================================
Received Import Request.
  Time since last request: 0.000078 seconds.
  path: Assets/Mirror/Examples/PickupsDropsChilds/Materials/Bouncy.physicMaterial
  artifactKey: Guid(fc53950f3f182fc46bf014d257267e86) Importer(2089858483,192608db42251d675da83286b1cce702)
Start importing Assets/Mirror/Examples/PickupsDropsChilds/Materials/Bouncy.physicMaterial using Guid(fc53950f3f182fc46bf014d257267e86) Importer(2089858483,192608db42251d675da83286b1cce702) (ScriptedImporter) -> (artifact id: '0ce536a11210df68f9c02fdfc8d0dcfd') in 0.004731982 seconds
Number of updated asset objects reloaded before import = 0Number of asset objects unloaded after import = 1

========================================================================
Received Import Request.
  Time since last request: 0.000054 seconds.
  path: Assets/Mirror/Examples/MultipleMatches/Scripts/PlayerGUI.cs
  artifactKey: Guid(f61e9bc3715eb904b91222a5526f63d8) Importer(2089858483,192608db42251d675da83286b1cce702)
Start importing Assets/Mirror/Examples/MultipleMatches/Scripts/PlayerGUI.cs using Guid(f61e9bc3715eb904b91222a5526f63d8) Importer(2089858483,192608db42251d675da83286b1cce702) (ScriptedImporter) -> (artifact id: 'cd2d799da0f059dec103417990f76409') in 0.005704638 seconds
Number of updated asset objects reloaded before import = 0Number of asset objects unloaded after import = 0

========================================================================
Received Import Request.
  Time since last request: 0.000023 seconds.
  path: Assets/Mirror/Examples/PickupsDropsChilds/Scripts/SceneObject.cs
  artifactKey: Guid(5ce6433915d7fc64cb9ffa753e73bf14) Importer(2089858483,192608db42251d675da83286b1cce702)
Start importing Assets/Mirror/Examples/PickupsDropsChilds/Scripts/SceneObject.cs using Guid(5ce6433915d7fc64cb9ffa753e73bf14) Importer(2089858483,192608db42251d675da83286b1cce702) (ScriptedImporter) -> (artifact id: '021cdcd3132597582621eea45f821c48') in 0.005469625 seconds
Number of updated asset objects reloaded before import = 0Number of asset objects unloaded after import = 1

========================================================================
Received Import Request.
  Time since last request: 0.000023 seconds.
  path: Assets/Mirror/Examples/MultipleMatches/Scripts/MatchController.cs
  artifactKey: Guid(9ccb1dd1fc7cc624e9bff1d0d7a5c741) Importer(2089858483,192608db42251d675da83286b1cce702)
Start importing Assets/Mirror/Examples/MultipleMatches/Scripts/MatchController.cs using Guid(9ccb1dd1fc7cc624e9bff1d0d7a5c741) Importer(2089858483,192608db42251d675da83286b1cce702) (ScriptedImporter) -> (artifact id: '18e764a6dbeff1ec16008b45a86fbae2') in 0.005163923 seconds
Number of updated asset objects reloaded before import = 0Number of asset objects unloaded after import = 0

========================================================================
Received Import Request.
  Time since last request: 0.000020 seconds.
  path: Assets/Mirror/Examples/MultipleMatches/Scripts/CellGUI.cs
  artifactKey: Guid(9cda2a394a443474689a3c6d6044f7b0) Importer(2089858483,192608db42251d675da83286b1cce702)
Start importing Assets/Mirror/Examples/MultipleMatches/Scripts/CellGUI.cs using Guid(9cda2a394a443474689a3c6d6044f7b0) Importer(2089858483,192608db42251d675da83286b1cce702) (ScriptedImporter) -> (artifact id: '3e50088505f186eed951e0ca8c1df0d9') in 0.009817757 seconds
Number of updated asset objects reloaded before import = 0Number of asset objects unloaded after import = 0

========================================================================
Received Import Request.
  Time since last request: 0.000019 seconds.
  path: Assets/Mirror/Examples/MultipleMatches/Scripts/RoomGUI.cs
  artifactKey: Guid(fc0f113afba9a074b9a3e4fb56f16abb) Importer(2089858483,192608db42251d675da83286b1cce702)
Start importing Assets/Mirror/Examples/MultipleMatches/Scripts/RoomGUI.cs using Guid(fc0f113afba9a074b9a3e4fb56f16abb) Importer(2089858483,192608db42251d675da83286b1cce702) (ScriptedImporter) -> (artifact id: '8e7c882efdb8f287d36673d6f4eac36b') in 0.01690377 seconds
Number of updated asset objects reloaded before import = 0Number of asset objects unloaded after import = 0

========================================================================
Received Import Request.
  Time since last request: 0.000022 seconds.
  path: Assets/Mirror/Examples/MultipleAdditiveScenes/Scripts/PhysicsCollision.cs
  artifactKey: Guid(c709489168fec9348b7f8290ee2e8466) Importer(2089858483,192608db42251d675da83286b1cce702)
Start importing Assets/Mirror/Examples/MultipleAdditiveScenes/Scripts/PhysicsCollision.cs using Guid(c709489168fec9348b7f8290ee2e8466) Importer(2089858483,192608db42251d675da83286b1cce702) (ScriptedImporter) -> (artifact id: '1e2d8c3312581ac3c5002377f4f96d8d') in 0.01534772 seconds
Number of updated asset objects reloaded before import = 0Number of asset objects unloaded after import = 0

========================================================================
Received Import Request.
  Time since last request: 0.000028 seconds.
  path: Assets/Mirror/Examples/CouchCoop/Scripts/CouchPlayerManager.cs
  artifactKey: Guid(32f263c662d1e4d33870c9411461bbd0) Importer(2089858483,192608db42251d675da83286b1cce702)
Start importing Assets/Mirror/Examples/CouchCoop/Scripts/CouchPlayerManager.cs using Guid(32f263c662d1e4d33870c9411461bbd0) Importer(2089858483,192608db42251d675da83286b1cce702) (ScriptedImporter) -> (artifact id: '1ae730f0b50432f1a2b3f8d24f461be2') in 0.014649553 seconds
Number of updated asset objects reloaded before import = 0Number of asset objects unloaded after import = 0

========================================================================
Received Import Request.
  Time since last request: 0.000036 seconds.
  path: Assets/Mirror/Examples/HexSpatialHash/Prefabs/SpawnPrefab.prefab
  artifactKey: Guid(f389723f4f9365143bac0d85db592dbd) Importer(2089858483,192608db42251d675da83286b1cce702)
Start importing Assets/Mirror/Examples/HexSpatialHash/Prefabs/SpawnPrefab.prefab using Guid(f389723f4f9365143bac0d85db592dbd) Importer(2089858483,192608db42251d675da83286b1cce702) (ScriptedImporter) -> (artifact id: '2cf0ac4bc28691d3fe11fdd1b27d2339') in 0.01908196 seconds
Number of updated asset objects reloaded before import = 0Number of asset objects unloaded after import = 8

========================================================================
Received Import Request.
  Time since last request: 0.000014 seconds.
  path: Assets/Mirror/Examples/MultipleMatches/Prefabs/MatchController.prefab
  artifactKey: Guid(e101d385946c91b4c81f318efc723a88) Importer(2089858483,192608db42251d675da83286b1cce702)
Start importing Assets/Mirror/Examples/MultipleMatches/Prefabs/MatchController.prefab using Guid(e101d385946c91b4c81f318efc723a88) Importer(2089858483,192608db42251d675da83286b1cce702) (ScriptedImporter) -> (artifact id: '2032b70b6498462ed31aea7032a437aa') in 0.064533877 seconds
Number of updated asset objects reloaded before import = 0Number of asset objects unloaded after import = 102

========================================================================
Received Import Request.
  Time since last request: 0.000028 seconds.
  path: Assets/Mirror/Examples/RigidbodyPhysics/Materials/Floor.mat
  artifactKey: Guid(2082151ae101a9445990e8a0fe9142da) Importer(2089858483,192608db42251d675da83286b1cce702)
Start importing Assets/Mirror/Examples/RigidbodyPhysics/Materials/Floor.mat using Guid(2082151ae101a9445990e8a0fe9142da) Importer(2089858483,192608db42251d675da83286b1cce702) (ScriptedImporter) -> (artifact id: 'd7c7dce46a0c38eda61166ddd437d771') in 0.005659934 seconds
Number of updated asset objects reloaded before import = 0Number of asset objects unloaded after import = 1

========================================================================
Received Import Request.
  Time since last request: 0.000460 seconds.
  path: Assets/Mirror/Examples/RigidbodyBenchmark/Prefabs/Server Ball.prefab
  artifactKey: Guid(d61a7422206054cc8974b0d32ffebef5) Importer(2089858483,192608db42251d675da83286b1cce702)
Start importing Assets/Mirror/Examples/RigidbodyBenchmark/Prefabs/Server Ball.prefab using Guid(d61a7422206054cc8974b0d32ffebef5) Importer(2089858483,192608db42251d675da83286b1cce702) (ScriptedImporter) -> (artifact id: '233e68470c36e65e95a6188c9ad08da9') in 0.05071518 seconds
Number of updated asset objects reloaded before import = 0Number of asset objects unloaded after import = 12

========================================================================
Received Import Request.
  Time since last request: 0.000038 seconds.
  path: Assets/Mirror/Examples/Pong/Scripts/Player.cs
  artifactKey: Guid(0748c7eda22b19845b9ce0e4d23d1021) Importer(2089858483,192608db42251d675da83286b1cce702)
Start importing Assets/Mirror/Examples/Pong/Scripts/Player.cs using Guid(0748c7eda22b19845b9ce0e4d23d1021) Importer(2089858483,192608db42251d675da83286b1cce702) (ScriptedImporter) -> (artifact id: '3604277cfe1cd8d80818bfaba11a76d5') in 0.005786248 seconds
Number of updated asset objects reloaded before import = 0Number of asset objects unloaded after import = 0

========================================================================
Received Import Request.
  Time since last request: 0.000040 seconds.
  path: Assets/Mirror/Examples/Pong/Scripts/NetworkManagerPong.cs
  artifactKey: Guid(0aa3018bb284840d6a6d0acee29ab098) Importer(2089858483,192608db42251d675da83286b1cce702)
Start importing Assets/Mirror/Examples/Pong/Scripts/NetworkManagerPong.cs using Guid(0aa3018bb284840d6a6d0acee29ab098) Importer(2089858483,192608db42251d675da83286b1cce702) (ScriptedImporter) -> (artifact id: '0e1f6b9c7554677ffebd62c1519a6a29') in 0.004651986 seconds
Number of updated asset objects reloaded before import = 0Number of asset objects unloaded after import = 0

========================================================================
Received Import Request.
  Time since last request: 0.000025 seconds.
  path: Assets/Mirror/Examples/Pong/Sprites/DottedLine.png
  artifactKey: Guid(1b5c0b514d8b2d24091d5aec516fe860) Importer(2089858483,192608db42251d675da83286b1cce702)
Start importing Assets/Mirror/Examples/Pong/Sprites/DottedLine.png using Guid(1b5c0b514d8b2d24091d5aec516fe860) Importer(2089858483,192608db42251d675da83286b1cce702) (ScriptedImporter) -> (artifact id: '41c1df870e4ca3eab27f3a50affb6794') in 0.021353144 seconds
Number of updated asset objects reloaded before import = 0Number of asset objects unloaded after import = 3

========================================================================
Received Import Request.
  Time since last request: 0.000023 seconds.
  path: Assets/Mirror/Examples/Pong/Prefabs/Racket.prefab
  artifactKey: Guid(b1651eaf8c7564a1c86031dfbb8a7b28) Importer(2089858483,192608db42251d675da83286b1cce702)
Start importing Assets/Mirror/Examples/Pong/Prefabs/Racket.prefab using Guid(b1651eaf8c7564a1c86031dfbb8a7b28) Importer(2089858483,192608db42251d675da83286b1cce702) (ScriptedImporter) -> (artifact id: '489718a498d6fcaf8570f62c952c702b') in 0.045492295 seconds
Number of updated asset objects reloaded before import = 0Number of asset objects unloaded after import = 12

========================================================================
Received Import Request.
  Time since last request: 0.000023 seconds.
  path: Assets/Mirror/Examples/CouchCoop/Scripts/PlatformMovement.cs
  artifactKey: Guid(19882c332836048ada1935c7fb20283b) Importer(2089858483,192608db42251d675da83286b1cce702)
Start importing Assets/Mirror/Examples/CouchCoop/Scripts/PlatformMovement.cs using Guid(19882c332836048ada1935c7fb20283b) Importer(2089858483,192608db42251d675da83286b1cce702) (ScriptedImporter) -> (artifact id: '4cefc7fd2828c9d932d124bebf32f023') in 0.007614731 seconds
Number of updated asset objects reloaded before import = 0Number of asset objects unloaded after import = 0

========================================================================
Received Import Request.
  Time since last request: 0.000021 seconds.
  path: Assets/Mirror/Examples/RigidbodyBenchmark/Scripts/AutoForce.cs
  artifactKey: Guid(e7cfbc91b3df3449dba2d6585082228e) Importer(2089858483,192608db42251d675da83286b1cce702)
Start importing Assets/Mirror/Examples/RigidbodyBenchmark/Scripts/AutoForce.cs using Guid(e7cfbc91b3df3449dba2d6585082228e) Importer(2089858483,192608db42251d675da83286b1cce702) (ScriptedImporter) -> (artifact id: '25faf75c31f4ce7aed40ffd422cc5ecb') in 0.005235702 seconds
Number of updated asset objects reloaded before import = 0Number of asset objects unloaded after import = 0

========================================================================
Received Import Request.
  Time since last request: 0.000041 seconds.
  path: Assets/Mirror/Examples/RigidbodyBenchmark/Materials/Floor.mat
  artifactKey: Guid(85f7f8f287aab49ea8e679c9f50a195d) Importer(2089858483,192608db42251d675da83286b1cce702)
Start importing Assets/Mirror/Examples/RigidbodyBenchmark/Materials/Floor.mat using Guid(85f7f8f287aab49ea8e679c9f50a195d) Importer(2089858483,192608db42251d675da83286b1cce702) (ScriptedImporter) -> (artifact id: 'ed74525a76135cd10cb17a8def1a4d2c') in 0.008777852 seconds
Number of updated asset objects reloaded before import = 0Number of asset objects unloaded after import = 1

========================================================================
Received Import Request.
  Time since last request: 0.000038 seconds.
  path: Assets/Mirror/Examples/RigidbodyBenchmark/PhysicMaterials/Ball.physicMaterial
  artifactKey: Guid(0597114e4b10a4ab3b8d8d07fbaca542) Importer(2089858483,192608db42251d675da83286b1cce702)
Start importing Assets/Mirror/Examples/RigidbodyBenchmark/PhysicMaterials/Ball.physicMaterial using Guid(0597114e4b10a4ab3b8d8d07fbaca542) Importer(2089858483,192608db42251d675da83286b1cce702) (ScriptedImporter) -> (artifact id: '85effc8b3ad06f0fac3fdf341de72cd5') in 0.005163128 seconds
Number of updated asset objects reloaded before import = 0Number of asset objects unloaded after import = 1

========================================================================
Received Import Request.
  Time since last request: 0.000037 seconds.
  path: Assets/Mirror/Examples/Pong/Sprites/WallHorizontal.png
  artifactKey: Guid(b931587800e08c54aa8dbbd6c15c894f) Importer(2089858483,192608db42251d675da83286b1cce702)
Start importing Assets/Mirror/Examples/Pong/Sprites/WallHorizontal.png using Guid(b931587800e08c54aa8dbbd6c15c894f) Importer(2089858483,192608db42251d675da83286b1cce702) (ScriptedImporter) -> (artifact id: 'e5bcfdce2473f51e4bbc3d471c5ce74b') in 0.016148092 seconds
Number of updated asset objects reloaded before import = 0Number of asset objects unloaded after import = 3

========================================================================
Received Import Request.
  Time since last request: 0.000018 seconds.
  path: Assets/Mirror/Examples/Room/Scenes/MirrorRoomOffline.unity
  artifactKey: Guid(9e6f14982412b2545a0911ebaaa46a23) Importer(2089858483,192608db42251d675da83286b1cce702)
Start importing Assets/Mirror/Examples/Room/Scenes/MirrorRoomOffline.unity using Guid(9e6f14982412b2545a0911ebaaa46a23) Importer(2089858483,192608db42251d675da83286b1cce702) (ScriptedImporter) -> (artifact id: '0776264ea530f966f8e0b29de6a2279f') in 0.008301968 seconds
Number of updated asset objects reloaded before import = 0Number of asset objects unloaded after import = 1

========================================================================
Received Import Request.
  Time since last request: 0.000034 seconds.
  path: Assets/Mirror/Examples/Room/Prefabs/GamePlayerReliable.prefab
  artifactKey: Guid(21daf89214c6ee443ad6875b73083c60) Importer(2089858483,192608db42251d675da83286b1cce702)
Start importing Assets/Mirror/Examples/Room/Prefabs/GamePlayerReliable.prefab using Guid(21daf89214c6ee443ad6875b73083c60) Importer(2089858483,192608db42251d675da83286b1cce702) (ScriptedImporter) -> (artifact id: 'c98b1cdc018d0d81b5c5aa934eac758e') in 0.080669279 seconds
Number of updated asset objects reloaded before import = 0Number of asset objects unloaded after import = 165

========================================================================
Received Import Request.
  Time since last request: 0.000039 seconds.
  path: Assets/Mirror/Examples/Room/Prefabs/GamePlayerUnreliable.prefab
  artifactKey: Guid(9b2197c3791be1a4488859e90a6340a3) Importer(2089858483,192608db42251d675da83286b1cce702)
Start importing Assets/Mirror/Examples/Room/Prefabs/GamePlayerUnreliable.prefab using Guid(9b2197c3791be1a4488859e90a6340a3) Importer(2089858483,192608db42251d675da83286b1cce702) (ScriptedImporter) -> (artifact id: '8d23508fa00c9680968f5d7487512852') in 0.056900551 seconds
Number of updated asset objects reloaded before import = 0Number of asset objects unloaded after import = 165

========================================================================
Received Import Request.
  Time since last request: 0.000039 seconds.
  path: Assets/Mirror/Examples/RigidbodyPhysics/PhysicMaterials/Ball.physicMaterial
  artifactKey: Guid(f2bb9a8ecc30457468aea7dacef6f5de) Importer(2089858483,192608db42251d675da83286b1cce702)
Start importing Assets/Mirror/Examples/RigidbodyPhysics/PhysicMaterials/Ball.physicMaterial using Guid(f2bb9a8ecc30457468aea7dacef6f5de) Importer(2089858483,192608db42251d675da83286b1cce702) (ScriptedImporter) -> (artifact id: '7580780b51e806e1b0df529f68a29d82') in 0.00701309 seconds
Number of updated asset objects reloaded before import = 0Number of asset objects unloaded after import = 1

========================================================================
Received Import Request.
  Time since last request: 0.000042 seconds.
  path: Assets/Mirror/Examples/Room/Scripts/PlayerScore.cs
  artifactKey: Guid(1ba998ee2eff92a419f4377519caf095) Importer(2089858483,192608db42251d675da83286b1cce702)
Start importing Assets/Mirror/Examples/Room/Scripts/PlayerScore.cs using Guid(1ba998ee2eff92a419f4377519caf095) Importer(2089858483,192608db42251d675da83286b1cce702) (ScriptedImporter) -> (artifact id: '38b97a319126749d78cc920eafe69f45') in 0.005276313 seconds
Number of updated asset objects reloaded before import = 0Number of asset objects unloaded after import = 0

========================================================================
Received Import Request.
  Time since last request: 0.000058 seconds.
  path: Assets/Mirror/Examples/RigidbodyPhysics/Prefabs/Player Ball.prefab
  artifactKey: Guid(c6cf80717befa4eee90b94e6b416b0ca) Importer(2089858483,192608db42251d675da83286b1cce702)
Start importing Assets/Mirror/Examples/RigidbodyPhysics/Prefabs/Player Ball.prefab using Guid(c6cf80717befa4eee90b94e6b416b0ca) Importer(2089858483,192608db42251d675da83286b1cce702) (ScriptedImporter) -> (artifact id: '70e4b5c7c874ecee9f6ae09ad516e62b') in 0.026523853 seconds
Number of updated asset objects reloaded before import = 0Number of asset objects unloaded after import = 12

========================================================================
Received Import Request.
  Time since last request: 0.000037 seconds.
  path: Assets/Mirror/Examples/TankTheftAuto/Materials/MaterialTrigger.mat
  artifactKey: Guid(bbc6c3dc6bc474215a1c3e71d9392225) Importer(2089858483,192608db42251d675da83286b1cce702)
Start importing Assets/Mirror/Examples/TankTheftAuto/Materials/MaterialTrigger.mat using Guid(bbc6c3dc6bc474215a1c3e71d9392225) Importer(2089858483,192608db42251d675da83286b1cce702) (ScriptedImporter) -> (artifact id: '2a52a63921e0f6404111455e590693bd') in 0.007703573 seconds
Number of updated asset objects reloaded before import = 0Number of asset objects unloaded after import = 1

========================================================================
Received Import Request.
  Time since last request: 0.000017 seconds.
  path: Assets/Mirror/Examples/Room/Scenes/MirrorRoomGame.unity
  artifactKey: Guid(48478f4d522f96945b8396f376299d3a) Importer(2089858483,192608db42251d675da83286b1cce702)
Start importing Assets/Mirror/Examples/Room/Scenes/MirrorRoomGame.unity using Guid(48478f4d522f96945b8396f376299d3a) Importer(2089858483,192608db42251d675da83286b1cce702) (ScriptedImporter) -> (artifact id: 'd6d007e91cb66e84602340434ad6fe85') in 0.011913336 seconds
Number of updated asset objects reloaded before import = 0Number of asset objects unloaded after import = 1

========================================================================
Received Import Request.
  Time since last request: 0.000070 seconds.
  path: Assets/Mirror/Examples/Room/Prefabs/RoomPlayer.prefab
  artifactKey: Guid(deae2134a1d77704b9c595efe69767dd) Importer(2089858483,192608db42251d675da83286b1cce702)
Start importing Assets/Mirror/Examples/Room/Prefabs/RoomPlayer.prefab using Guid(deae2134a1d77704b9c595efe69767dd) Importer(2089858483,192608db42251d675da83286b1cce702) (ScriptedImporter) -> (artifact id: 'ab1f4661c7897db74bfb650ff4b7bfa1') in 0.022376918 seconds
Number of updated asset objects reloaded before import = 0Number of asset objects unloaded after import = 6

========================================================================
Received Import Request.
  Time since last request: 0.000047 seconds.
  path: Assets/Mirror/Examples/MultipleMatches/Scripts/CanvasController.cs
  artifactKey: Guid(c12d7cb6cdb799041927819f22a2c931) Importer(2089858483,192608db42251d675da83286b1cce702)
Start importing Assets/Mirror/Examples/MultipleMatches/Scripts/CanvasController.cs using Guid(c12d7cb6cdb799041927819f22a2c931) Importer(2089858483,192608db42251d675da83286b1cce702) (ScriptedImporter) -> (artifact id: '4d8e0974d995616b929eb979ab64cc00') in 0.006526592 seconds
Number of updated asset objects reloaded before import = 0Number of asset objects unloaded after import = 0

========================================================================
Received Import Request.
  Time since last request: 0.000094 seconds.
  path: Assets/Mirror/Examples/PlayerTest/PlayerTestScene/Lightmap-0_comp_light.exr
  artifactKey: Guid(ce1797143a1525f42bebcfe5398a5600) Importer(2089858483,192608db42251d675da83286b1cce702)
Start importing Assets/Mirror/Examples/PlayerTest/PlayerTestScene/Lightmap-0_comp_light.exr using Guid(ce1797143a1525f42bebcfe5398a5600) Importer(2089858483,192608db42251d675da83286b1cce702) (ScriptedImporter) -> (artifact id: '10b19624f69f63ca9bc87445b4be6c7c') in 0.016627815 seconds
Number of updated asset objects reloaded before import = 0Number of asset objects unloaded after import = 1

========================================================================
Received Import Request.
  Time since last request: 0.000018 seconds.
  path: Assets/Mirror/Examples/TopDownShooter/Materials/RespawnPortal.mat
  artifactKey: Guid(1bde4b1cc0d324a529422ec57b7de6f0) Importer(2089858483,192608db42251d675da83286b1cce702)
Start importing Assets/Mirror/Examples/TopDownShooter/Materials/RespawnPortal.mat using Guid(1bde4b1cc0d324a529422ec57b7de6f0) Importer(2089858483,192608db42251d675da83286b1cce702) (ScriptedImporter) -> (artifact id: 'a639cddf5bc8f955735bd93c0304f34a') in 0.051126488 seconds
Number of updated asset objects reloaded before import = 0Number of asset objects unloaded after import = 2

========================================================================
Received Import Request.
  Time since last request: 0.000022 seconds.
  path: Assets/Mirror/Examples/Tanks/Scenes/MirrorTanks.unity
  artifactKey: Guid(83f9d2fb76f5742448c6e51f258327a2) Importer(2089858483,192608db42251d675da83286b1cce702)
Start importing Assets/Mirror/Examples/Tanks/Scenes/MirrorTanks.unity using Guid(83f9d2fb76f5742448c6e51f258327a2) Importer(2089858483,192608db42251d675da83286b1cce702) (ScriptedImporter) -> (artifact id: '46a595d1a064a9be5dc5f96d9b7e93a5') in 0.007829003 seconds
Number of updated asset objects reloaded before import = 0Number of asset objects unloaded after import = 1

========================================================================
Received Import Request.
  Time since last request: 0.000022 seconds.
  path: Assets/Mirror/Examples/TopDownShooter/Materials/Player.mat
  artifactKey: Guid(e80f3dd18f1c74d9cae135fc266c3d46) Importer(2089858483,192608db42251d675da83286b1cce702)
Start importing Assets/Mirror/Examples/TopDownShooter/Materials/Player.mat using Guid(e80f3dd18f1c74d9cae135fc266c3d46) Importer(2089858483,192608db42251d675da83286b1cce702) (ScriptedImporter) -> (artifact id: 'aebabfcebb40d3148de675792f922bb7') in 0.010244964 seconds
Number of updated asset objects reloaded before import = 0Number of asset objects unloaded after import = 2

========================================================================
Received Import Request.
  Time since last request: 0.000040 seconds.
  path: Assets/Mirror/Examples/TopDownShooter/Materials/DeathSplatter.mat
  artifactKey: Guid(903ecffecba3f46c09b2277b64c59abd) Importer(2089858483,192608db42251d675da83286b1cce702)
Start importing Assets/Mirror/Examples/TopDownShooter/Materials/DeathSplatter.mat using Guid(903ecffecba3f46c09b2277b64c59abd) Importer(2089858483,192608db42251d675da83286b1cce702) (ScriptedImporter) -> (artifact id: 'a4927576e91997d1a5c4aa3c14c91ce4') in 0.011085944 seconds
Number of updated asset objects reloaded before import = 0Number of asset objects unloaded after import = 2

========================================================================
Received Import Request.
  Time since last request: 0.000050 seconds.
  path: Assets/Mirror/Examples/Tanks/Scripts/Box.cs
  artifactKey: Guid(bf9fc8899cb57ff4faff8849692b109f) Importer(2089858483,192608db42251d675da83286b1cce702)
Start importing Assets/Mirror/Examples/Tanks/Scripts/Box.cs using Guid(bf9fc8899cb57ff4faff8849692b109f) Importer(2089858483,192608db42251d675da83286b1cce702) (ScriptedImporter) -> (artifact id: 'fd215ead855431cfa8432092c24e10f6') in 0.004139579 seconds
Number of updated asset objects reloaded before import = 0Number of asset objects unloaded after import = 0

========================================================================
Received Import Request.
  Time since last request: 0.000123 seconds.
  path: Assets/Mirror/Examples/Tanks/Prefabs/Tank.prefab
  artifactKey: Guid(6f43bf5488a7443d19ab2a83c6b91f35) Importer(2089858483,192608db42251d675da83286b1cce702)
Start importing Assets/Mirror/Examples/Tanks/Prefabs/Tank.prefab using Guid(6f43bf5488a7443d19ab2a83c6b91f35) Importer(2089858483,192608db42251d675da83286b1cce702) (ScriptedImporter) -> (artifact id: '72f87cd396c2afdac2b1c9a0d03dddbd') in 0.040599444 seconds
Number of updated asset objects reloaded before import = 0Number of asset objects unloaded after import = 68

========================================================================
Received Import Request.
  Time since last request: 0.000016 seconds.
  path: Assets/Mirror/Examples/TopDownShooter/Materials/Floor.mat
  artifactKey: Guid(4b1f761172f864617b4edcc511eafc2b) Importer(2089858483,192608db42251d675da83286b1cce702)
Start importing Assets/Mirror/Examples/TopDownShooter/Materials/Floor.mat using Guid(4b1f761172f864617b4edcc511eafc2b) Importer(2089858483,192608db42251d675da83286b1cce702) (ScriptedImporter) -> (artifact id: '2ce8d34604b7da3d6b3525b77235dde9') in 0.006519526 seconds
Number of updated asset objects reloaded before import = 0Number of asset objects unloaded after import = 2

========================================================================
Received Import Request.
  Time since last request: 0.000046 seconds.
  path: Assets/Mirror/Examples/TopDownShooter/Materials/EnemyHand2.mat
  artifactKey: Guid(c5a72dcb1af264b23b7dc1c164c73149) Importer(2089858483,192608db42251d675da83286b1cce702)
Start importing Assets/Mirror/Examples/TopDownShooter/Materials/EnemyHand2.mat using Guid(c5a72dcb1af264b23b7dc1c164c73149) Importer(2089858483,192608db42251d675da83286b1cce702) (ScriptedImporter) -> (artifact id: '3a14ed8244918b97739797a626e03004') in 0.010178611 seconds
Number of updated asset objects reloaded before import = 0Number of asset objects unloaded after import = 2

========================================================================
Received Import Request.
  Time since last request: 0.000039 seconds.
  path: Assets/Mirror/Examples/Tanks/Scripts/Projectile.cs
  artifactKey: Guid(8f49b83f111a64bc7a5275af4f6f930b) Importer(2089858483,192608db42251d675da83286b1cce702)
Start importing Assets/Mirror/Examples/Tanks/Scripts/Projectile.cs using Guid(8f49b83f111a64bc7a5275af4f6f930b) Importer(2089858483,192608db42251d675da83286b1cce702) (ScriptedImporter) -> (artifact id: '7f85a6c382e55d533faf0269dbae4f7f') in 0.00585228 seconds
Number of updated asset objects reloaded before import = 0Number of asset objects unloaded after import = 0

========================================================================
Received Import Request.
  Time since last request: 0.000050 seconds.
  path: Assets/Mirror/Examples/TopDownShooter/Materials/MaterialBlack.mat
  artifactKey: Guid(dbced55099d7c40d5bd1ef53259f5771) Importer(2089858483,192608db42251d675da83286b1cce702)
Start importing Assets/Mirror/Examples/TopDownShooter/Materials/MaterialBlack.mat using Guid(dbced55099d7c40d5bd1ef53259f5771) Importer(2089858483,192608db42251d675da83286b1cce702) (ScriptedImporter) -> (artifact id: '1770a7a3df1692c751ed5d2a1e422b7f') in 0.007138342 seconds
Number of updated asset objects reloaded before import = 0Number of asset objects unloaded after import = 1

========================================================================
Received Import Request.
  Time since last request: 0.000039 seconds.
  path: Assets/Mirror/Examples/TopDownShooter/Materials/PlayerLF.mat
  artifactKey: Guid(93e057f00bb184679afe3276f76c7a91) Importer(2089858483,192608db42251d675da83286b1cce702)
Start importing Assets/Mirror/Examples/TopDownShooter/Materials/PlayerLF.mat using Guid(93e057f00bb184679afe3276f76c7a91) Importer(2089858483,192608db42251d675da83286b1cce702) (ScriptedImporter) -> (artifact id: '77e5598410c7b8c78087835eac902aaf') in 0.009368429 seconds
Number of updated asset objects reloaded before import = 0Number of asset objects unloaded after import = 2

========================================================================
Received Import Request.
  Time since last request: 0.000037 seconds.
  path: Assets/Mirror/Examples/EdgegapLobby/Scripts/UILobbyList.cs
  artifactKey: Guid(c5e5ad322f314077a66f889b58485188) Importer(2089858483,192608db42251d675da83286b1cce702)
Start importing Assets/Mirror/Examples/EdgegapLobby/Scripts/UILobbyList.cs using Guid(c5e5ad322f314077a66f889b58485188) Importer(2089858483,192608db42251d675da83286b1cce702) (ScriptedImporter) -> (artifact id: '259a6928e08bc05911ab584d77156703') in 0.005367831 seconds
Number of updated asset objects reloaded before import = 0Number of asset objects unloaded after import = 0

========================================================================
Received Import Request.
  Time since last request: 0.000020 seconds.
  path: Assets/Mirror/Examples/TopDownShooter/Materials/EnemyHand1.mat
  artifactKey: Guid(a67c3c575ae0d407f9019b2609129145) Importer(2089858483,192608db42251d675da83286b1cce702)
Start importing Assets/Mirror/Examples/TopDownShooter/Materials/EnemyHand1.mat using Guid(a67c3c575ae0d407f9019b2609129145) Importer(2089858483,192608db42251d675da83286b1cce702) (ScriptedImporter) -> (artifact id: 'f4b2c00ce4cf573abf665f6daffa5ee3') in 0.009681839 seconds
Number of updated asset objects reloaded before import = 0Number of asset objects unloaded after import = 2

========================================================================
Received Import Request.
  Time since last request: 0.000021 seconds.
  path: Assets/Mirror/Examples/TopDownShooter/Scripts/RespawnPortal.cs
  artifactKey: Guid(9f8a07eafc4eb42f3a5152fe7d9255fa) Importer(2089858483,192608db42251d675da83286b1cce702)
Start importing Assets/Mirror/Examples/TopDownShooter/Scripts/RespawnPortal.cs using Guid(9f8a07eafc4eb42f3a5152fe7d9255fa) Importer(2089858483,192608db42251d675da83286b1cce702) (ScriptedImporter) -> (artifact id: '4d66d0b1ddd7b7ab9083161e4bc5937a') in 0.007992827 seconds
Number of updated asset objects reloaded before import = 0Number of asset objects unloaded after import = 0

========================================================================
Received Import Request.
  Time since last request: 0.000018 seconds.
  path: Assets/Mirror/Examples/TopDownShooter/Textures/PlayerFootRight.png
  artifactKey: Guid(344b135deed0943308d86ea232b9b35f) Importer(2089858483,192608db42251d675da83286b1cce702)
Start importing Assets/Mirror/Examples/TopDownShooter/Textures/PlayerFootRight.png using Guid(344b135deed0943308d86ea232b9b35f) Importer(2089858483,192608db42251d675da83286b1cce702) (ScriptedImporter) -> (artifact id: '9761eb9bb8692f9949beaaa1ee728977') in 0.025993748 seconds
Number of updated asset objects reloaded before import = 0Number of asset objects unloaded after import = 1

========================================================================
Received Import Request.
  Time since last request: 0.000019 seconds.
  path: Assets/Mirror/Examples/_Common/RobotKyle/Robot Kyle.prefab
  artifactKey: Guid(0c94c6301e1898f45bcc67584818e469) Importer(2089858483,192608db42251d675da83286b1cce702)
Start importing Assets/Mirror/Examples/_Common/RobotKyle/Robot Kyle.prefab using Guid(0c94c6301e1898f45bcc67584818e469) Importer(2089858483,192608db42251d675da83286b1cce702) (ScriptedImporter) -> (artifact id: 'f95606254834aa17511bfd7232fe46b5') in 0.022796479 seconds
Number of updated asset objects reloaded before import = 0Number of asset objects unloaded after import = 108

========================================================================
Received Import Request.
  Time since last request: 0.000026 seconds.
  path: Assets/Mirror/Examples/TopDownShooter/Textures/RespawnPortal.png
  artifactKey: Guid(b4cf0a488e623472d99d3c9207ee7ffc) Importer(2089858483,192608db42251d675da83286b1cce702)
Start importing Assets/Mirror/Examples/TopDownShooter/Textures/RespawnPortal.png using Guid(b4cf0a488e623472d99d3c9207ee7ffc) Importer(2089858483,192608db42251d675da83286b1cce702) (ScriptedImporter) -> (artifact id: 'a0e45d779d0fb780c4609c465841bfc6') in 0.009640435 seconds
Number of updated asset objects reloaded before import = 0Number of asset objects unloaded after import = 1

========================================================================
Received Import Request.
  Time since last request: 0.000040 seconds.
  path: Assets/Mirror/Examples/TopDownShooter/Textures/CornerUI.png
  artifactKey: Guid(d676a19c7b3d44073a9a585786f11951) Importer(2089858483,192608db42251d675da83286b1cce702)
Start importing Assets/Mirror/Examples/TopDownShooter/Textures/CornerUI.png using Guid(d676a19c7b3d44073a9a585786f11951) Importer(2089858483,192608db42251d675da83286b1cce702) (ScriptedImporter) -> (artifact id: 'bc6fab7ea27b96346c578bc926e7a1d6') in 0.015600208 seconds
Number of updated asset objects reloaded before import = 0Number of asset objects unloaded after import = 3

========================================================================
Received Import Request.
  Time since last request: 0.000019 seconds.
  path: Assets/Mirror/Examples/TopDownShooter/Scripts/EnemyTopDown.cs
  artifactKey: Guid(72f6c4ff38c894d72957e061175c6cb9) Importer(2089858483,192608db42251d675da83286b1cce702)
Start importing Assets/Mirror/Examples/TopDownShooter/Scripts/EnemyTopDown.cs using Guid(72f6c4ff38c894d72957e061175c6cb9) Importer(2089858483,192608db42251d675da83286b1cce702) (ScriptedImporter) -> (artifact id: '61a61806d6c62db177ecd4c10d3a873d') in 0.005626943 seconds
Number of updated asset objects reloaded before import = 0Number of asset objects unloaded after import = 0

========================================================================
Received Import Request.
  Time since last request: 0.000016 seconds.
  path: Assets/Mirror/Examples/TopDownShooter/Scripts/CanvasTopDown.cs
  artifactKey: Guid(7c415e1bc259040ac9e72dea41b57c55) Importer(2089858483,192608db42251d675da83286b1cce702)
Start importing Assets/Mirror/Examples/TopDownShooter/Scripts/CanvasTopDown.cs using Guid(7c415e1bc259040ac9e72dea41b57c55) Importer(2089858483,192608db42251d675da83286b1cce702) (ScriptedImporter) -> (artifact id: '9f7f654d68babe8477419dfc4c51b2a1') in 0.005431561 seconds
Number of updated asset objects reloaded before import = 0Number of asset objects unloaded after import = 0

========================================================================
Received Import Request.
  Time since last request: 0.000015 seconds.
  path: Assets/Mirror/Examples/TopDownShooter/Textures/DeathSplatter.png
  artifactKey: Guid(223849d2075984f6f84f4bbf6166b9a4) Importer(2089858483,192608db42251d675da83286b1cce702)
Start importing Assets/Mirror/Examples/TopDownShooter/Textures/DeathSplatter.png using Guid(223849d2075984f6f84f4bbf6166b9a4) Importer(2089858483,192608db42251d675da83286b1cce702) (ScriptedImporter) -> (artifact id: 'f0ef7b4223ffcc583d65891ba4c065f3') in 0.026479594 seconds
Number of updated asset objects reloaded before import = 0Number of asset objects unloaded after import = 1

========================================================================
Received Import Request.
  Time since last request: 0.000019 seconds.
  path: Assets/Mirror/Examples/TopDownShooter/Scripts/CanvasHUD.cs
  artifactKey: Guid(89f872f84342749b9a8f03a4bfa88ed7) Importer(2089858483,192608db42251d675da83286b1cce702)
Start importing Assets/Mirror/Examples/TopDownShooter/Scripts/CanvasHUD.cs using Guid(89f872f84342749b9a8f03a4bfa88ed7) Importer(2089858483,192608db42251d675da83286b1cce702) (ScriptedImporter) -> (artifact id: '66f537512e697c9cb39497abee189134') in 0.006231789 seconds
Number of updated asset objects reloaded before import = 0Number of asset objects unloaded after import = 0

========================================================================
Received Import Request.
  Time since last request: 0.000023 seconds.
  path: Assets/Mirror/Examples/TopDownShooter/Textures/HitPoint.png
  artifactKey: Guid(6ebc4dc2a6c0c4ccd925714e03d2eef6) Importer(2089858483,192608db42251d675da83286b1cce702)
Start importing Assets/Mirror/Examples/TopDownShooter/Textures/HitPoint.png using Guid(6ebc4dc2a6c0c4ccd925714e03d2eef6) Importer(2089858483,192608db42251d675da83286b1cce702) (ScriptedImporter) -> (artifact id: 'dd70c2d94aa169440baceb806bc35a7a') in 0.00887868 seconds
Number of updated asset objects reloaded before import = 0Number of asset objects unloaded after import = 1

========================================================================
Received Import Request.
  Time since last request: 0.000030 seconds.
  path: Assets/Mirror/Examples/_Common/OpenGameArt/License.txt
  artifactKey: Guid(66ac5ce307b2d4bdc92012b90285ac0b) Importer(2089858483,192608db42251d675da83286b1cce702)
Start importing Assets/Mirror/Examples/_Common/OpenGameArt/License.txt using Guid(66ac5ce307b2d4bdc92012b90285ac0b) Importer(2089858483,192608db42251d675da83286b1cce702) (ScriptedImporter) -> (artifact id: '24a17a1edaadc0afa5efc68d6311153a') in 0.003691745 seconds
Number of updated asset objects reloaded before import = 0Number of asset objects unloaded after import = 1

========================================================================
Received Import Request.
  Time since last request: 0.000034 seconds.
  path: Assets/Mirror/Examples/RigidbodyBenchmark/Scripts/AddForce.cs
  artifactKey: Guid(a0e44d14fc08546319793f1932832d13) Importer(2089858483,192608db42251d675da83286b1cce702)
Start importing Assets/Mirror/Examples/RigidbodyBenchmark/Scripts/AddForce.cs using Guid(a0e44d14fc08546319793f1932832d13) Importer(2089858483,192608db42251d675da83286b1cce702) (ScriptedImporter) -> (artifact id: 'dd6d9ec4668aa5333932be30478479fe') in 0.005918688 seconds
Number of updated asset objects reloaded before import = 0Number of asset objects unloaded after import = 0

========================================================================
Received Import Request.
  Time since last request: 0.000022 seconds.
  path: Assets/Mirror/Examples/TopDownShooter/Scripts/NetworkTopDown.cs
  artifactKey: Guid(b1dcba379627a482ab84c8a73c92546d) Importer(2089858483,192608db42251d675da83286b1cce702)
Start importing Assets/Mirror/Examples/TopDownShooter/Scripts/NetworkTopDown.cs using Guid(b1dcba379627a482ab84c8a73c92546d) Importer(2089858483,192608db42251d675da83286b1cce702) (ScriptedImporter) -> (artifact id: 'f9c559a995c3252fe060d864f09be85c') in 0.005817336 seconds
Number of updated asset objects reloaded before import = 0Number of asset objects unloaded after import = 0

========================================================================
Received Import Request.
  Time since last request: 0.000017 seconds.
  path: Assets/Mirror/Examples/TopDownShooter/Materials/MaterialGrey.mat
  artifactKey: Guid(3df2e2d59eac94c48be004914a40f41c) Importer(2089858483,192608db42251d675da83286b1cce702)
Start importing Assets/Mirror/Examples/TopDownShooter/Materials/MaterialGrey.mat using Guid(3df2e2d59eac94c48be004914a40f41c) Importer(2089858483,192608db42251d675da83286b1cce702) (ScriptedImporter) -> (artifact id: '3b7841f619e272ab1bb0d6a57c4c9dff') in 0.00564709 seconds
Number of updated asset objects reloaded before import = 0Number of asset objects unloaded after import = 1

========================================================================
Received Import Request.
  Time since last request: 0.000018 seconds.
  path: Assets/Mirror/Examples/StackedPrediction/PredictedCube.prefab
  artifactKey: Guid(8e024f835ef4842998861f956ca7cb5c) Importer(2089858483,192608db42251d675da83286b1cce702)
Start importing Assets/Mirror/Examples/StackedPrediction/PredictedCube.prefab using Guid(8e024f835ef4842998861f956ca7cb5c) Importer(2089858483,192608db42251d675da83286b1cce702) (ScriptedImporter) -> (artifact id: '2dbac957e48c12f1861f341e457c30e4') in 0.025755441 seconds
Number of updated asset objects reloaded before import = 0Number of asset objects unloaded after import = 13

========================================================================
Received Import Request.
  Time since last request: 0.000028 seconds.
  path: Assets/Mirror/Hosting/Edgegap/Editor/EdgegapWindow.uxml
  artifactKey: Guid(8f6d8a95cd8228e468ad40dbec5ca478) Importer(2089858483,192608db42251d675da83286b1cce702)
Start importing Assets/Mirror/Hosting/Edgegap/Editor/EdgegapWindow.uxml using Guid(8f6d8a95cd8228e468ad40dbec5ca478) Importer(2089858483,192608db42251d675da83286b1cce702) (ScriptedImporter) -> (artifact id: 'e31106aa7b546af183a2301a38dfb47a') in 0.075012532 seconds
Number of updated asset objects reloaded before import = 0Number of asset objects unloaded after import = 9

========================================================================
Received Import Request.
  Time since last request: 0.000033 seconds.
  path: Assets/Mirror/Hosting/Edgegap/Editor/EdgegapWindowMetadata.cs
  artifactKey: Guid(c17286cfb15166442920036353163fc0) Importer(2089858483,192608db42251d675da83286b1cce702)
Start importing Assets/Mirror/Hosting/Edgegap/Editor/EdgegapWindowMetadata.cs using Guid(c17286cfb15166442920036353163fc0) Importer(2089858483,192608db42251d675da83286b1cce702) (ScriptedImporter) -> (artifact id: '40e0d0ac42494a1a4601c55ced7e42e8') in 0.004545597 seconds
Number of updated asset objects reloaded before import = 0Number of asset objects unloaded after import = 0

========================================================================
Received Import Request.
  Time since last request: 0.000037 seconds.
  path: Assets/Mirror/Examples/_Common/Scripts/PerlinNoise.cs
  artifactKey: Guid(86898d6de7df85e4aaaaca9663b06602) Importer(2089858483,192608db42251d675da83286b1cce702)
Start importing Assets/Mirror/Examples/_Common/Scripts/PerlinNoise.cs using Guid(86898d6de7df85e4aaaaca9663b06602) Importer(2089858483,192608db42251d675da83286b1cce702) (ScriptedImporter) -> (artifact id: '54e12a61d874e32b5b38ee98f7360501') in 0.006083073 seconds
Number of updated asset objects reloaded before import = 0Number of asset objects unloaded after import = 1

========================================================================
Received Import Request.
  Time since last request: 0.000046 seconds.
  path: Assets/Mirror/Hosting/Edgegap/Editor/CustomPopupContent.cs
  artifactKey: Guid(6a68367cec4322b4d8c9ac1545bf430a) Importer(2089858483,192608db42251d675da83286b1cce702)
Start importing Assets/Mirror/Hosting/Edgegap/Editor/CustomPopupContent.cs using Guid(6a68367cec4322b4d8c9ac1545bf430a) Importer(2089858483,192608db42251d675da83286b1cce702) (ScriptedImporter) -> (artifact id: 'f26f8fd94f0a1d60c8eae24def215270') in 0.006037873 seconds
Number of updated asset objects reloaded before import = 0Number of asset objects unloaded after import = 0

========================================================================
Received Import Request.
  Time since last request: 0.000033 seconds.
  path: Assets/Mirror/Examples/_Common/Scripts/FaceCamera.cs
  artifactKey: Guid(afa2d590c474413d9fc183551385ed85) Importer(2089858483,192608db42251d675da83286b1cce702)
Start importing Assets/Mirror/Examples/_Common/Scripts/FaceCamera.cs using Guid(afa2d590c474413d9fc183551385ed85) Importer(2089858483,192608db42251d675da83286b1cce702) (ScriptedImporter) -> (artifact id: 'dc56fef26418589a0b91b29c886f55fb') in 0.007605957 seconds
Number of updated asset objects reloaded before import = 0Number of asset objects unloaded after import = 1

========================================================================
Received Import Request.
  Time since last request: 0.000026 seconds.
  path: Assets/Mirror/Hosting/Edgegap/Editor/EdgegapServerDataManager.cs
  artifactKey: Guid(39f5f27c13279a34eb116630a00e41c2) Importer(2089858483,192608db42251d675da83286b1cce702)
Start importing Assets/Mirror/Hosting/Edgegap/Editor/EdgegapServerDataManager.cs using Guid(39f5f27c13279a34eb116630a00e41c2) Importer(2089858483,192608db42251d675da83286b1cce702) (ScriptedImporter) -> (artifact id: 'f5f3413d2c00d34b132c3d8c29a7edf0') in 0.005359369 seconds
Number of updated asset objects reloaded before import = 0Number of asset objects unloaded after import = 0

========================================================================
Received Import Request.
  Time since last request: 0.000022 seconds.
  path: Assets/Mirror/Hosting/Edgegap/Editor/EdgegapWindow.uss
  artifactKey: Guid(b1a2e4572c5de8840ac8d98377d409ae) Importer(2089858483,192608db42251d675da83286b1cce702)
Start importing Assets/Mirror/Hosting/Edgegap/Editor/EdgegapWindow.uss using Guid(b1a2e4572c5de8840ac8d98377d409ae) Importer(2089858483,192608db42251d675da83286b1cce702) (ScriptedImporter) -> (artifact id: 'ffccbce04a39b472518062fd11e67baf') in 0.008446472 seconds
Number of updated asset objects reloaded before import = 0Number of asset objects unloaded after import = 2

========================================================================
Received Import Request.
  Time since last request: 0.000019 seconds.
  path: Assets/Mirror/Examples/TankTheftAuto/Prefabs/TankReliable.prefab
  artifactKey: Guid(d502982feecd043d8bfc6a5c64cd09f9) Importer(2089858483,192608db42251d675da83286b1cce702)
Start importing Assets/Mirror/Examples/TankTheftAuto/Prefabs/TankReliable.prefab using Guid(d502982feecd043d8bfc6a5c64cd09f9) Importer(2089858483,192608db42251d675da83286b1cce702) (ScriptedImporter)SendMessage cannot be called during Awake, CheckConsistency, or OnValidate (3D Model: OnMeshFilterChanged)
UnityEngine.Debug:ExtractStackTraceNoAlloc (byte*,int,string)
UnityEngine.StackTraceUtility:ExtractStackTrace () (at /home/bokken/build/output/unity/unity/Runtime/Export/Scripting/StackTrace.cs:37)
UnityEditor.AssetDatabase:LoadAssetAtPath (string,System.Type)
UnityEditor.AssetDatabase:LoadAssetAtPath<UnityEngine.GameObject> (string) (at /home/bokken/build/output/unity/unity/Modules/AssetDatabase/Editor/ScriptBindings/AssetDatabase.bindings.cs:337)
Mirror.Examples.Common.Controllers.Tank.TankTurretBase:Reset () (at Assets/Mirror/Examples/_Common/Controllers/TankController/TankTurretBase.cs:254)
Mirror.Examples.Common.Controllers.Tank.TankTurretReliable:Reset () (at Assets/Mirror/Examples/_Common/Controllers/TankController/TankTurretReliable.cs:16)
Mirror.Examples.Common.Controllers.Tank.TankTurretBase:OnValidate () (at Assets/Mirror/Examples/_Common/Controllers/TankController/TankTurretBase.cs:190)
UnityEditor.AssetDatabase:LoadAssetAtPath (string,System.Type)
UnityEditor.AssetDatabase:LoadAssetAtPath<UnityEngine.GameObject> (string) (at /home/bokken/build/output/unity/unity/Modules/AssetDatabase/Editor/ScriptBindings/AssetDatabase.bindings.cs:337)
UnityEditor.Search.AssetIndexer:IndexDocument (string,bool) (at /home/bokken/build/output/unity/unity/Modules/QuickSearch/Editor/Indexing/AssetIndexer.cs:194)
UnityEditor.Search.SearchIndexEntryImporter:OnImportAsset (UnityEditor.AssetImporters.AssetImportContext) (at /home/bokken/build/output/unity/unity/Modules/QuickSearch/Editor/Indexing/SearchIndexEntryImporter.cs:64)
UnityEditor.AssetImporters.ScriptedImporter:GenerateAssetData (UnityEditor.AssetImporters.AssetImportContext) (at /home/bokken/build/output/unity/unity/Modules/AssetPipelineEditor/Public/ScriptedImporter.cs:25)

[/home/bokken/build/output/unity/unity/Modules/QuickSearch/Editor/Indexing/AssetIndexer.cs line 194]

 -> (artifact id: '2f3950b29a5b96f0f5058bca826dfac7') in 0.150285531 seconds
Number of updated asset objects reloaded before import = 0Number of asset objects unloaded after import = 289

========================================================================
Received Import Request.
  Time since last request: 0.000030 seconds.
  path: Assets/Mirror/Examples/EdgegapLobby/Scripts/UILobbyEntry.cs
  artifactKey: Guid(9bd3228b44c0a7e478964d95c512cebf) Importer(2089858483,192608db42251d675da83286b1cce702)
Start importing Assets/Mirror/Examples/EdgegapLobby/Scripts/UILobbyEntry.cs using Guid(9bd3228b44c0a7e478964d95c512cebf) Importer(2089858483,192608db42251d675da83286b1cce702) (ScriptedImporter) -> (artifact id: '2dbd1430b9aa43c02ca7b8c49eb8a271') in 0.005624297 seconds
Number of updated asset objects reloaded before import = 0Number of asset objects unloaded after import = 0

========================================================================
Received Import Request.
  Time since last request: 0.000062 seconds.
  path: Assets/Mirror/Transports/Encryption/Editor/EncryptionTransportInspector.cs
  artifactKey: Guid(871580d2094a46139279d651cec92b5d) Importer(2089858483,192608db42251d675da83286b1cce702)
Start importing Assets/Mirror/Transports/Encryption/Editor/EncryptionTransportInspector.cs using Guid(871580d2094a46139279d651cec92b5d) Importer(2089858483,192608db42251d675da83286b1cce702) (ScriptedImporter) -> (artifact id: '3b7687ea92cb07fb33ed3d0f8924a887') in 0.006065209 seconds
Number of updated asset objects reloaded before import = 0Number of asset objects unloaded after import = 0

========================================================================
Received Import Request.
  Time since last request: 0.000034 seconds.
  path: Assets/Mirror/Transports/Encryption/Editor/EncryptionTransportEditor.asmdef
  artifactKey: Guid(4c9c7b0ef83e6e945b276d644816a489) Importer(2089858483,192608db42251d675da83286b1cce702)
Start importing Assets/Mirror/Transports/Encryption/Editor/EncryptionTransportEditor.asmdef using Guid(4c9c7b0ef83e6e945b276d644816a489) Importer(2089858483,192608db42251d675da83286b1cce702) (ScriptedImporter) -> (artifact id: 'cd09cd066ba588e47880442b216c77e5') in 0.00503415 seconds
Number of updated asset objects reloaded before import = 0Number of asset objects unloaded after import = 1

========================================================================
Received Import Request.
  Time since last request: 0.000023 seconds.
  path: Assets/Mirror/Transports/SimpleWeb/Editor/ClientWebsocketSettingsDrawer.cs
  artifactKey: Guid(2d0e5b00ac8e45c99e68ad95cf843f80) Importer(2089858483,192608db42251d675da83286b1cce702)
Start importing Assets/Mirror/Transports/SimpleWeb/Editor/ClientWebsocketSettingsDrawer.cs using Guid(2d0e5b00ac8e45c99e68ad95cf843f80) Importer(2089858483,192608db42251d675da83286b1cce702) (ScriptedImporter) -> (artifact id: '823aee89a9b410a950085388c85f542d') in 0.007896098 seconds
Number of updated asset objects reloaded before import = 0Number of asset objects unloaded after import = 0

========================================================================
Received Import Request.
  Time since last request: 0.000034 seconds.
  path: Assets/Mirror/Transports/SimpleWeb/SimpleWeb/SimpleWebTransport.asmdef
  artifactKey: Guid(3b5390adca4e2bb4791cb930316d6f3e) Importer(2089858483,192608db42251d675da83286b1cce702)
Start importing Assets/Mirror/Transports/SimpleWeb/SimpleWeb/SimpleWebTransport.asmdef using Guid(3b5390adca4e2bb4791cb930316d6f3e) Importer(2089858483,192608db42251d675da83286b1cce702) (ScriptedImporter) -> (artifact id: 'fc83b93794ee400de33340622d236b00') in 0.004722911 seconds
Number of updated asset objects reloaded before import = 0Number of asset objects unloaded after import = 1

========================================================================
Received Import Request.
  Time since last request: 0.000035 seconds.
  path: Assets/Mirror/Transports/Edgegap/EdgegapRelay/EdgegapKcpServer.cs
  artifactKey: Guid(fd8551078397248b0848950352c208ee) Importer(2089858483,192608db42251d675da83286b1cce702)
Start importing Assets/Mirror/Transports/Edgegap/EdgegapRelay/EdgegapKcpServer.cs using Guid(fd8551078397248b0848950352c208ee) Importer(2089858483,192608db42251d675da83286b1cce702) (ScriptedImporter) -> (artifact id: '1ac0203fc09a094dbbd90c5931246430') in 0.005953784 seconds
Number of updated asset objects reloaded before import = 0Number of asset objects unloaded after import = 1

========================================================================
Received Import Request.
  Time since last request: 0.000019 seconds.
  path: Assets/Mirror/Transports/KCP/kcp2k/KCP.asmdef
  artifactKey: Guid(6806a62c384838046a3c66c44f06d75f) Importer(2089858483,192608db42251d675da83286b1cce702)
Start importing Assets/Mirror/Transports/KCP/kcp2k/KCP.asmdef using Guid(6806a62c384838046a3c66c44f06d75f) Importer(2089858483,192608db42251d675da83286b1cce702) (ScriptedImporter) -> (artifact id: 'c1ce94cdb3478597f8f7e47ce74a2180') in 0.002851334 seconds
Number of updated asset objects reloaded before import = 0Number of asset objects unloaded after import = 1

========================================================================
Received Import Request.
  Time since last request: 0.000015 seconds.
  path: Assets/Mirror/Transports/SimpleWeb/SimpleWeb/AssemblyInfo.cs
  artifactKey: Guid(ee9e76201f7665244bd6ab8ea343a83f) Importer(2089858483,192608db42251d675da83286b1cce702)
Start importing Assets/Mirror/Transports/SimpleWeb/SimpleWeb/AssemblyInfo.cs using Guid(ee9e76201f7665244bd6ab8ea343a83f) Importer(2089858483,192608db42251d675da83286b1cce702) (ScriptedImporter) -> (artifact id: 'eacc27f54a5a14433a5b50e1d2e126e9') in 0.004540862 seconds
Number of updated asset objects reloaded before import = 0Number of asset objects unloaded after import = 0

========================================================================
Received Import Request.
  Time since last request: 0.000023 seconds.
  path: Assets/Mirror/Transports/SimpleWeb/SimpleWeb/CHANGELOG.md
  artifactKey: Guid(b0ef23ac1c6a62546bbad5529b3bfdad) Importer(2089858483,192608db42251d675da83286b1cce702)
Start importing Assets/Mirror/Transports/SimpleWeb/SimpleWeb/CHANGELOG.md using Guid(b0ef23ac1c6a62546bbad5529b3bfdad) Importer(2089858483,192608db42251d675da83286b1cce702) (ScriptedImporter) -> (artifact id: '5e2c10eb11f0f832df58689431b6daa0') in 0.00793583 seconds
Number of updated asset objects reloaded before import = 0Number of asset objects unloaded after import = 1

========================================================================
Received Import Request.
  Time since last request: 0.000032 seconds.
  path: Assets/Mirror/Hosting/Edgegap/Models/DeployPostData.cs
  artifactKey: Guid(1104fd207090055458d0a140f0c8ab0d) Importer(2089858483,192608db42251d675da83286b1cce702)
Start importing Assets/Mirror/Hosting/Edgegap/Models/DeployPostData.cs using Guid(1104fd207090055458d0a140f0c8ab0d) Importer(2089858483,192608db42251d675da83286b1cce702) (ScriptedImporter) -> (artifact id: '1d114c206c7ea6fbba29fe1ce1458d61') in 0.011824198 seconds
Number of updated asset objects reloaded before import = 0Number of asset objects unloaded after import = 0

========================================================================
Received Import Request.
  Time since last request: 0.000020 seconds.
  path: Assets/Mirror/Hosting/Edgegap/Models/AppVersionUpdatePatchData.cs
  artifactKey: Guid(6020c692d54ec0944b7f85d3b5714f5c) Importer(2089858483,192608db42251d675da83286b1cce702)
Start importing Assets/Mirror/Hosting/Edgegap/Models/AppVersionUpdatePatchData.cs using Guid(6020c692d54ec0944b7f85d3b5714f5c) Importer(2089858483,192608db42251d675da83286b1cce702) (ScriptedImporter) -> (artifact id: 'a580aff19cca149a4bf71329498a4df0') in 0.004772694 seconds
Number of updated asset objects reloaded before import = 0Number of asset objects unloaded after import = 0

========================================================================
Received Import Request.
  Time since last request: 0.000038 seconds.
  path: Assets/Mirror/Transports/Edgegap/EdgegapLobby/LobbyApi.cs
  artifactKey: Guid(64510fc75d0d75f4185fec1cf4d12206) Importer(2089858483,192608db42251d675da83286b1cce702)
Start importing Assets/Mirror/Transports/Edgegap/EdgegapLobby/LobbyApi.cs using Guid(64510fc75d0d75f4185fec1cf4d12206) Importer(2089858483,192608db42251d675da83286b1cce702) (ScriptedImporter) -> (artifact id: 'e86fb4a8938caa01c19edf678f0f11dc') in 0.009702087 seconds
Number of updated asset objects reloaded before import = 0Number of asset objects unloaded after import = 1

========================================================================
Received Import Request.
  Time since last request: 0.000018 seconds.
  path: Assets/Mirror/Transports/Edgegap/EdgegapLobby/EdgegapLobbyKcpTransport.cs
  artifactKey: Guid(fa9d4c3f48a245ed89f122f44e1e81ea) Importer(2089858483,192608db42251d675da83286b1cce702)
Start importing Assets/Mirror/Transports/Edgegap/EdgegapLobby/EdgegapLobbyKcpTransport.cs using Guid(fa9d4c3f48a245ed89f122f44e1e81ea) Importer(2089858483,192608db42251d675da83286b1cce702) (ScriptedImporter) -> (artifact id: '0894e955bac570ec87e877aedb17fefd') in 0.008606263 seconds
Number of updated asset objects reloaded before import = 0Number of asset objects unloaded after import = 1

========================================================================
Received Import Request.
  Time since last request: 0.000026 seconds.
  path: Assets/Mirror/Examples/MultipleAdditiveScenes/Scenes/MirrorMultipleAdditiveScenesMain.unity
  artifactKey: Guid(0fa8b7965660de64f8aefd6b64f18a08) Importer(2089858483,192608db42251d675da83286b1cce702)
Start importing Assets/Mirror/Examples/MultipleAdditiveScenes/Scenes/MirrorMultipleAdditiveScenesMain.unity using Guid(0fa8b7965660de64f8aefd6b64f18a08) Importer(2089858483,192608db42251d675da83286b1cce702) (ScriptedImporter) -> (artifact id: 'e97a0cfc3ec2f7258e358e1a7566b8a4') in 0.008367844 seconds
Number of updated asset objects reloaded before import = 0Number of asset objects unloaded after import = 1

========================================================================
Received Import Request.
  Time since last request: 0.000022 seconds.
  path: Assets/Mirror/Examples/TopDownShooter/Prefabs/PlayerPrefab.prefab
  artifactKey: Guid(2931e3731a1254738a0cf509c91df75f) Importer(2089858483,192608db42251d675da83286b1cce702)
Start importing Assets/Mirror/Examples/TopDownShooter/Prefabs/PlayerPrefab.prefab using Guid(2931e3731a1254738a0cf509c91df75f) Importer(2089858483,192608db42251d675da83286b1cce702) (ScriptedImporter) -> (artifact id: '47f68edcf3c376472ae0e60751ff31a3') in 0.047839351 seconds
Number of updated asset objects reloaded before import = 0Number of asset objects unloaded after import = 89

========================================================================
Received Import Request.
  Time since last request: 0.000043 seconds.
  path: Assets/Mirror/Examples/RigidbodyPhysics/Materials/Player.mat
  artifactKey: Guid(bbe2c7293af197640a2b40018e79b9a6) Importer(2089858483,192608db42251d675da83286b1cce702)
Start importing Assets/Mirror/Examples/RigidbodyPhysics/Materials/Player.mat using Guid(bbe2c7293af197640a2b40018e79b9a6) Importer(2089858483,192608db42251d675da83286b1cce702) (ScriptedImporter) -> (artifact id: 'ac7b75962645532ab025a892c2fc3373') in 0.007669049 seconds
Number of updated asset objects reloaded before import = 0Number of asset objects unloaded after import = 1

========================================================================
Received Import Request.
  Time since last request: 0.000042 seconds.
  path: Assets/Mirror/Examples/AdditiveLevels/Scenes/MirrorAdditiveLevelsOnline/LightingData.asset
  artifactKey: Guid(71d66be797c1eb44bab0797662b33cbc) Importer(2089858483,192608db42251d675da83286b1cce702)
Start importing Assets/Mirror/Examples/AdditiveLevels/Scenes/MirrorAdditiveLevelsOnline/LightingData.asset using Guid(71d66be797c1eb44bab0797662b33cbc) Importer(2089858483,192608db42251d675da83286b1cce702) (ScriptedImporter) -> (artifact id: 'c36db8683307c6b47d84919697dd8832') in 0.012479698 seconds
Number of updated asset objects reloaded before import = 0Number of asset objects unloaded after import = 7

========================================================================
Received Import Request.
  Time since last request: 0.000024 seconds.
  path: Assets/Mirror/Transports/Telepathy/Telepathy/Pool.cs
  artifactKey: Guid(6d3e530f6872642ec81e9b8b76277c93) Importer(2089858483,192608db42251d675da83286b1cce702)
Start importing Assets/Mirror/Transports/Telepathy/Telepathy/Pool.cs using Guid(6d3e530f6872642ec81e9b8b76277c93) Importer(2089858483,192608db42251d675da83286b1cce702) (ScriptedImporter) -> (artifact id: '95335a1d56e0fc45a9f0beb854873c5c') in 0.004164579 seconds
Number of updated asset objects reloaded before import = 0Number of asset objects unloaded after import = 0

========================================================================
Received Import Request.
  Time since last request: 0.000025 seconds.
  path: Assets/Mirror/Examples/MultipleAdditiveScenes/Materials/Physics/RoomBounce.physicMaterial
  artifactKey: Guid(2e179c076d5d0924dbf5a2de0630bdb1) Importer(2089858483,192608db42251d675da83286b1cce702)
Start importing Assets/Mirror/Examples/MultipleAdditiveScenes/Materials/Physics/RoomBounce.physicMaterial using Guid(2e179c076d5d0924dbf5a2de0630bdb1) Importer(2089858483,192608db42251d675da83286b1cce702) (ScriptedImporter) -> (artifact id: '619962037cff5a8e4c3627d7da88af5d') in 0.004912777 seconds
Number of updated asset objects reloaded before import = 0Number of asset objects unloaded after import = 1

========================================================================
Received Import Request.
  Time since last request: 0.000024 seconds.
  path: Assets/Mirror/Transports/Telepathy/Telepathy/Log.cs
  artifactKey: Guid(0a123d054bef34d059057ac2ce936605) Importer(2089858483,192608db42251d675da83286b1cce702)
Start importing Assets/Mirror/Transports/Telepathy/Telepathy/Log.cs using Guid(0a123d054bef34d059057ac2ce936605) Importer(2089858483,192608db42251d675da83286b1cce702) (ScriptedImporter) -> (artifact id: 'c82acfb4feadb99e035445f623bffa73') in 0.004806483 seconds
Number of updated asset objects reloaded before import = 0Number of asset objects unloaded after import = 0

========================================================================
Received Import Request.
  Time since last request: 0.000026 seconds.
  path: Assets/Mirror/Transports/Telepathy/Telepathy/ConnectionState.cs
  artifactKey: Guid(af95e2b6f6343411aa8bdf871abd7b1b) Importer(2089858483,192608db42251d675da83286b1cce702)
Start importing Assets/Mirror/Transports/Telepathy/Telepathy/ConnectionState.cs using Guid(af95e2b6f6343411aa8bdf871abd7b1b) Importer(2089858483,192608db42251d675da83286b1cce702) (ScriptedImporter) -> (artifact id: '66645d2f0ef6d9d52027fb720b5545ee') in 0.00897988 seconds
Number of updated asset objects reloaded before import = 0Number of asset objects unloaded after import = 0

========================================================================
Received Import Request.
  Time since last request: 0.000021 seconds.
  path: Assets/Mirror/Transports/Telepathy/Telepathy/Telepathy.asmdef
  artifactKey: Guid(725ee7191c021de4dbf9269590ded755) Importer(2089858483,192608db42251d675da83286b1cce702)
Start importing Assets/Mirror/Transports/Telepathy/Telepathy/Telepathy.asmdef using Guid(725ee7191c021de4dbf9269590ded755) Importer(2089858483,192608db42251d675da83286b1cce702) (ScriptedImporter) -> (artifact id: '060106b247f9408d47f6b990d698aac7') in 0.007389723 seconds
Number of updated asset objects reloaded before import = 0Number of asset objects unloaded after import = 1

========================================================================
Received Import Request.
  Time since last request: 0.000025 seconds.
  path: Assets/Mirror/Examples/BenchmarkStinkySteak/Dependencies/Unity-Simulation-Timer/LICENSE.md
  artifactKey: Guid(b0c6073310113462d96a86bea89ec4ea) Importer(2089858483,192608db42251d675da83286b1cce702)
Start importing Assets/Mirror/Examples/BenchmarkStinkySteak/Dependencies/Unity-Simulation-Timer/LICENSE.md using Guid(b0c6073310113462d96a86bea89ec4ea) Importer(2089858483,192608db42251d675da83286b1cce702) (ScriptedImporter) -> (artifact id: '2bdb0ded534957677a689b77e68ab03d') in 0.014059559 seconds
Number of updated asset objects reloaded before import = 0Number of asset objects unloaded after import = 1

========================================================================
Received Import Request.
  Time since last request: 0.000041 seconds.
  path: Assets/Mirror/Transports/Telepathy/Telepathy/MagnificentReceivePipe.cs
  artifactKey: Guid(010a208972a9a4e0cb0e7c18a60b4494) Importer(2089858483,192608db42251d675da83286b1cce702)
Start importing Assets/Mirror/Transports/Telepathy/Telepathy/MagnificentReceivePipe.cs using Guid(010a208972a9a4e0cb0e7c18a60b4494) Importer(2089858483,192608db42251d675da83286b1cce702) (ScriptedImporter) -> (artifact id: 'e8d6f3a61b5d4d5395a4c085947adfc7') in 0.005232384 seconds
Number of updated asset objects reloaded before import = 0Number of asset objects unloaded after import = 0

========================================================================
Received Import Request.
  Time since last request: 0.000037 seconds.
  path: Assets/Mirror/Transports/Telepathy/Telepathy/ThreadFunctions.cs
  artifactKey: Guid(d01598bf851164dc48a24c26913460b9) Importer(2089858483,192608db42251d675da83286b1cce702)
Start importing Assets/Mirror/Transports/Telepathy/Telepathy/ThreadFunctions.cs using Guid(d01598bf851164dc48a24c26913460b9) Importer(2089858483,192608db42251d675da83286b1cce702) (ScriptedImporter) -> (artifact id: 'a84a67f73390e6fa29200fa8b7edaa81') in 0.004481391 seconds
Number of updated asset objects reloaded before import = 0Number of asset objects unloaded after import = 0

========================================================================
Received Import Request.
  Time since last request: 0.000047 seconds.
  path: Assets/Mirror/Examples/BenchmarkStinkySteak/Dependencies/Unity-Simulation-Timer/package.json
  artifactKey: Guid(eb3de65e983cc7f4caaed498f0a300ff) Importer(2089858483,192608db42251d675da83286b1cce702)
Start importing Assets/Mirror/Examples/BenchmarkStinkySteak/Dependencies/Unity-Simulation-Timer/package.json using Guid(eb3de65e983cc7f4caaed498f0a300ff) Importer(2089858483,192608db42251d675da83286b1cce702) (ScriptedImporter) -> (artifact id: 'f3a5ef9b9bd6b4c945781ccf30006022') in 0.005732861 seconds
Number of updated asset objects reloaded before import = 0Number of asset objects unloaded after import = 1

========================================================================
Received Import Request.
  Time since last request: 0.000030 seconds.
  path: Assets/Mirror/Examples/CharacterSelection/Prefabs/Characters/CharacterHeavy.prefab
  artifactKey: Guid(59ffef73ea4ec43c09cd00a5135ca8f1) Importer(2089858483,192608db42251d675da83286b1cce702)
Start importing Assets/Mirror/Examples/CharacterSelection/Prefabs/Characters/CharacterHeavy.prefab using Guid(59ffef73ea4ec43c09cd00a5135ca8f1) Importer(2089858483,192608db42251d675da83286b1cce702) (ScriptedImporter) -> (artifact id: 'b82c37e67683366bc76ba9145dbafd1c') in 0.086450541 seconds
Number of updated asset objects reloaded before import = 0Number of asset objects unloaded after import = 219

========================================================================
Received Import Request.
  Time since last request: 0.000030 seconds.
  path: Assets/Mirror/Examples/CharacterSelection/Prefabs/Characters/CharacterMedic.prefab
  artifactKey: Guid(c9bc5d2c4dbfe45698e8df60415a0b9b) Importer(2089858483,192608db42251d675da83286b1cce702)
Start importing Assets/Mirror/Examples/CharacterSelection/Prefabs/Characters/CharacterMedic.prefab using Guid(c9bc5d2c4dbfe45698e8df60415a0b9b) Importer(2089858483,192608db42251d675da83286b1cce702) (ScriptedImporter) -> (artifact id: '117f2ee6d05fdc45452302b58cf89868') in 0.060228227 seconds
Number of updated asset objects reloaded before import = 0Number of asset objects unloaded after import = 203

========================================================================
Received Import Request.
  Time since last request: 0.000052 seconds.
  path: Assets/Mirror/Examples/MultipleAdditiveScenes/Scenes/MirrorMultipleAdditiveScenesMain/LightingData.asset
  artifactKey: Guid(21b3a9f85913f2a4dbfaff18018db43a) Importer(2089858483,192608db42251d675da83286b1cce702)
Start importing Assets/Mirror/Examples/MultipleAdditiveScenes/Scenes/MirrorMultipleAdditiveScenesMain/LightingData.asset using Guid(21b3a9f85913f2a4dbfaff18018db43a) Importer(2089858483,192608db42251d675da83286b1cce702) (ScriptedImporter) -> (artifact id: '3402f6998431bd8022453097fa3f7813') in 0.008648525 seconds
Number of updated asset objects reloaded before import = 0Number of asset objects unloaded after import = 2

========================================================================
Received Import Request.
  Time since last request: 0.000022 seconds.
  path: Assets/Mirror/Examples/Room/Scenes/MirrorRoomGame/ReflectionProbe-0.exr
  artifactKey: Guid(dbb3c1c1258bdbe4e8e065a340293089) Importer(2089858483,192608db42251d675da83286b1cce702)
Start importing Assets/Mirror/Examples/Room/Scenes/MirrorRoomGame/ReflectionProbe-0.exr using Guid(dbb3c1c1258bdbe4e8e065a340293089) Importer(2089858483,192608db42251d675da83286b1cce702) (ScriptedImporter) -> (artifact id: '58698faad720bfcc83c25801f72e5964') in 0.022530252 seconds
Number of updated asset objects reloaded before import = 0Number of asset objects unloaded after import = 1

========================================================================
Received Import Request.
  Time since last request: 0.000019 seconds.
  path: Assets/Mirror/Examples/_Common/Controllers/PlayerController/PlayerControllerBase.cs
  artifactKey: Guid(22ac0cecaad969041bfd6a297fc5f2cd) Importer(2089858483,192608db42251d675da83286b1cce702)
Start importing Assets/Mirror/Examples/_Common/Controllers/PlayerController/PlayerControllerBase.cs using Guid(22ac0cecaad969041bfd6a297fc5f2cd) Importer(2089858483,192608db42251d675da83286b1cce702) (ScriptedImporter) -> (artifact id: 'b31bcaa8008a1802b5c8e48408834d09') in 0.017127854 seconds
Number of updated asset objects reloaded before import = 0Number of asset objects unloaded after import = 1

========================================================================
Received Import Request.
  Time since last request: 0.000038 seconds.
  path: Assets/Mirror/Examples/PickupsDropsChilds/Scripts/Interfaces/EquippedBox.cs
  artifactKey: Guid(5712a4d15653a184cb34b9c1e044563d) Importer(2089858483,192608db42251d675da83286b1cce702)
Start importing Assets/Mirror/Examples/PickupsDropsChilds/Scripts/Interfaces/EquippedBox.cs using Guid(5712a4d15653a184cb34b9c1e044563d) Importer(2089858483,192608db42251d675da83286b1cce702) (ScriptedImporter) -> (artifact id: '654212e74523135ab5b7f47645837000') in 0.004730409 seconds
Number of updated asset objects reloaded before import = 0Number of asset objects unloaded after import = 0

========================================================================
Received Import Request.
  Time since last request: 0.000036 seconds.
  path: Assets/Mirror/Examples/TopDownShooter/Scenes/MirrorTopDownShooter/LightingData.asset
  artifactKey: Guid(104e4838c7ef6a441a546bb94af41b1e) Importer(2089858483,192608db42251d675da83286b1cce702)
Start importing Assets/Mirror/Examples/TopDownShooter/Scenes/MirrorTopDownShooter/LightingData.asset using Guid(104e4838c7ef6a441a546bb94af41b1e) Importer(2089858483,192608db42251d675da83286b1cce702) (ScriptedImporter) -> (artifact id: '150abebbb2a945851a17e4f7ceed95d2') in 0.007833852 seconds
Number of updated asset objects reloaded before import = 0Number of asset objects unloaded after import = 2

========================================================================
Received Import Request.
  Time since last request: 0.000022 seconds.
  path: Assets/Mirror/Examples/_Common/Controllers/FlyerController/FlyerControllerUnreliable.cs
  artifactKey: Guid(acd5d4cdfcd42424d9d1fae8f79611e8) Importer(2089858483,192608db42251d675da83286b1cce702)
Start importing Assets/Mirror/Examples/_Common/Controllers/FlyerController/FlyerControllerUnreliable.cs using Guid(acd5d4cdfcd42424d9d1fae8f79611e8) Importer(2089858483,192608db42251d675da83286b1cce702) (ScriptedImporter) -> (artifact id: '3b80407a9a5b39f4592f856efd2ba56c') in 0.007292544 seconds
Number of updated asset objects reloaded before import = 0Number of asset objects unloaded after import = 1

========================================================================
Received Import Request.
  Time since last request: 0.000027 seconds.
  path: Assets/Mirror/Examples/MultipleAdditiveScenes/Materials/Render/Player.mat
  artifactKey: Guid(2089070a3452e6f4d866c53e51aae8f2) Importer(2089858483,192608db42251d675da83286b1cce702)
Start importing Assets/Mirror/Examples/MultipleAdditiveScenes/Materials/Render/Player.mat using Guid(2089070a3452e6f4d866c53e51aae8f2) Importer(2089858483,192608db42251d675da83286b1cce702) (ScriptedImporter) -> (artifact id: 'f0d2b3d232fe8dd9a785e169033a667c') in 0.007066821 seconds
Number of updated asset objects reloaded before import = 0Number of asset objects unloaded after import = 1

========================================================================
Received Import Request.
  Time since last request: 0.000062 seconds.
  path: Assets/Mirror/Examples/PickupsDropsChilds/Scripts/Interfaces/IEquipped.cs
  artifactKey: Guid(b85cf93aed753aa448c8cf58ae3bb79d) Importer(2089858483,192608db42251d675da83286b1cce702)
Start importing Assets/Mirror/Examples/PickupsDropsChilds/Scripts/Interfaces/IEquipped.cs using Guid(b85cf93aed753aa448c8cf58ae3bb79d) Importer(2089858483,192608db42251d675da83286b1cce702) (ScriptedImporter) -> (artifact id: '4919069895967b7e38e1b5fb1d31b787') in 0.005977833 seconds
Number of updated asset objects reloaded before import = 0Number of asset objects unloaded after import = 0

========================================================================
Received Import Request.
  Time since last request: 0.000021 seconds.
  path: Assets/Mirror/Examples/TopDownShooter/Scenes/MirrorTopDownShooter/NavMesh.asset
  artifactKey: Guid(26200e53649cbb64195f0b003979ac1b) Importer(2089858483,192608db42251d675da83286b1cce702)
Start importing Assets/Mirror/Examples/TopDownShooter/Scenes/MirrorTopDownShooter/NavMesh.asset using Guid(26200e53649cbb64195f0b003979ac1b) Importer(2089858483,192608db42251d675da83286b1cce702) (ScriptedImporter) -> (artifact id: '706fd969b6db77157d1776fe7c125c2c') in 0.008322377 seconds
Number of updated asset objects reloaded before import = 0Number of asset objects unloaded after import = 1

========================================================================
Received Import Request.
  Time since last request: 0.000039 seconds.
  path: Assets/Mirror/Examples/MultipleAdditiveScenes/Materials/Render/PlayArea.mat
  artifactKey: Guid(42fe0bcfbb65da3429ae2c289686e024) Importer(2089858483,192608db42251d675da83286b1cce702)
Start importing Assets/Mirror/Examples/MultipleAdditiveScenes/Materials/Render/PlayArea.mat using Guid(42fe0bcfbb65da3429ae2c289686e024) Importer(2089858483,192608db42251d675da83286b1cce702) (ScriptedImporter) -> (artifact id: '45e9a232381140834005e32ca85f5146') in 0.007596116 seconds
Number of updated asset objects reloaded before import = 0Number of asset objects unloaded after import = 3

========================================================================
Received Import Request.
  Time since last request: 0.000036 seconds.
  path: Assets/Mirror/Examples/_Common/Controllers/PlayerController/PlayerControllerHybrid.cs
  artifactKey: Guid(442f181dd98a15148978a961afda8f94) Importer(2089858483,192608db42251d675da83286b1cce702)
Start importing Assets/Mirror/Examples/_Common/Controllers/PlayerController/PlayerControllerHybrid.cs using Guid(442f181dd98a15148978a961afda8f94) Importer(2089858483,192608db42251d675da83286b1cce702) (ScriptedImporter) -> (artifact id: 'a0b587c600953073c77ea64b85cebf04') in 0.006907378 seconds
Number of updated asset objects reloaded before import = 0Number of asset objects unloaded after import = 1

========================================================================
Received Import Request.
  Time since last request: 0.000029 seconds.
  path: Assets/Mirror/Examples/PickupsDropsChilds/Scripts/Interfaces/EquippedBall.cs
  artifactKey: Guid(65881ca9607b5ea42b654a7ed2566027) Importer(2089858483,192608db42251d675da83286b1cce702)
Start importing Assets/Mirror/Examples/PickupsDropsChilds/Scripts/Interfaces/EquippedBall.cs using Guid(65881ca9607b5ea42b654a7ed2566027) Importer(2089858483,192608db42251d675da83286b1cce702) (ScriptedImporter) -> (artifact id: '1b0e3f9578f852838e72318473fb4a4a') in 0.005782196 seconds
Number of updated asset objects reloaded before import = 0Number of asset objects unloaded after import = 0

========================================================================
Received Import Request.
  Time since last request: 0.000023 seconds.
  path: Assets/Mirror/Examples/_Common/Controllers/PlayerController/PlayerControllerReliable.cs
  artifactKey: Guid(497221e839119e34b897d6c497cbc8e5) Importer(2089858483,192608db42251d675da83286b1cce702)
Start importing Assets/Mirror/Examples/_Common/Controllers/PlayerController/PlayerControllerReliable.cs using Guid(497221e839119e34b897d6c497cbc8e5) Importer(2089858483,192608db42251d675da83286b1cce702) (ScriptedImporter) -> (artifact id: '2fcd2a07de109d36d4d676b18863458b') in 0.006024463 seconds
Number of updated asset objects reloaded before import = 0Number of asset objects unloaded after import = 1

========================================================================
Received Import Request.
  Time since last request: 0.000028 seconds.
  path: Assets/Mirror/Examples/_Common/Controllers/TankController/TankControllerUI.cs
  artifactKey: Guid(55bd8eba9aaa3104d85d885bfa7f0437) Importer(2089858483,192608db42251d675da83286b1cce702)
Start importing Assets/Mirror/Examples/_Common/Controllers/TankController/TankControllerUI.cs using Guid(55bd8eba9aaa3104d85d885bfa7f0437) Importer(2089858483,192608db42251d675da83286b1cce702) (ScriptedImporter) -> (artifact id: '2e54d9601fc75664224af9201daa27d0') in 0.006285924 seconds
Number of updated asset objects reloaded before import = 0Number of asset objects unloaded after import = 1

========================================================================
Received Import Request.
  Time since last request: 0.000041 seconds.
  path: Assets/Mirror/Examples/_Common/Controllers/TankController/TankControllerUI.prefab
  artifactKey: Guid(e64b14552402f6745a7f0aca6237fae2) Importer(2089858483,192608db42251d675da83286b1cce702)
Start importing Assets/Mirror/Examples/_Common/Controllers/TankController/TankControllerUI.prefab using Guid(e64b14552402f6745a7f0aca6237fae2) Importer(2089858483,192608db42251d675da83286b1cce702) (ScriptedImporter) -> (artifact id: '613b78ca058673255bacdbff64c3ada5') in 0.041426909 seconds
Number of updated asset objects reloaded before import = 0Number of asset objects unloaded after import = 121

========================================================================
Received Import Request.
  Time since last request: 0.000024 seconds.
  path: Assets/Mirror/Examples/_Common/Controllers/TankController/TankHealth.cs
  artifactKey: Guid(a98fd0a5ae4916d48bdcdb0e8c99a5cc) Importer(2089858483,192608db42251d675da83286b1cce702)
Start importing Assets/Mirror/Examples/_Common/Controllers/TankController/TankHealth.cs using Guid(a98fd0a5ae4916d48bdcdb0e8c99a5cc) Importer(2089858483,192608db42251d675da83286b1cce702) (ScriptedImporter) -> (artifact id: '84db0dc7849b062fb5581e8967dc1604') in 0.008124237 seconds
Number of updated asset objects reloaded before import = 0Number of asset objects unloaded after import = 1

========================================================================
Received Import Request.
  Time since last request: 0.000021 seconds.
  path: Assets/Mirror/Examples/_Common/Controllers/PlayerControllerRB/PlayerControllerRBReliable.cs
  artifactKey: Guid(0336d1bd689de45418c08c76ae66e503) Importer(2089858483,192608db42251d675da83286b1cce702)
Start importing Assets/Mirror/Examples/_Common/Controllers/PlayerControllerRB/PlayerControllerRBReliable.cs using Guid(0336d1bd689de45418c08c76ae66e503) Importer(2089858483,192608db42251d675da83286b1cce702) (ScriptedImporter) -> (artifact id: '1b1702e734518f5157fa3442be060e10') in 0.006479827 seconds
Number of updated asset objects reloaded before import = 0Number of asset objects unloaded after import = 1

========================================================================
Received Import Request.
  Time since last request: 0.000031 seconds.
  path: Assets/Mirror/Examples/_Common/Controllers/PlayerController/PlayerControllerUnreliable.cs
  artifactKey: Guid(f81b59082839c2e40938767457bb91ae) Importer(2089858483,192608db42251d675da83286b1cce702)
Start importing Assets/Mirror/Examples/_Common/Controllers/PlayerController/PlayerControllerUnreliable.cs using Guid(f81b59082839c2e40938767457bb91ae) Importer(2089858483,192608db42251d675da83286b1cce702) (ScriptedImporter) -> (artifact id: '91184f30c028d45cce8024a938d292bd') in 0.007776226 seconds
Number of updated asset objects reloaded before import = 0Number of asset objects unloaded after import = 1

========================================================================
Received Import Request.
  Time since last request: 0.000024 seconds.
  path: Assets/Mirror/Examples/_Common/Controllers/TankController/TankTurretBase.cs
  artifactKey: Guid(ba67fa30a5212ed4e964609050cdc3f5) Importer(2089858483,192608db42251d675da83286b1cce702)
Start importing Assets/Mirror/Examples/_Common/Controllers/TankController/TankTurretBase.cs using Guid(ba67fa30a5212ed4e964609050cdc3f5) Importer(2089858483,192608db42251d675da83286b1cce702) (ScriptedImporter) -> (artifact id: '6f86acd8ef29d5a58c946c398e4ff5cb') in 0.00776199 seconds
Number of updated asset objects reloaded before import = 0Number of asset objects unloaded after import = 1

========================================================================
Received Import Request.
  Time since last request: 0.000050 seconds.
  path: Assets/Mirror/Examples/_Common/Controllers/PlayerControllerRB/PlayerControllerRBBase.cs
  artifactKey: Guid(0d6d426b831ca7c43a7ebc82d324dbb6) Importer(2089858483,192608db42251d675da83286b1cce702)
Start importing Assets/Mirror/Examples/_Common/Controllers/PlayerControllerRB/PlayerControllerRBBase.cs using Guid(0d6d426b831ca7c43a7ebc82d324dbb6) Importer(2089858483,192608db42251d675da83286b1cce702) (ScriptedImporter) -> (artifact id: '84c730d839216f7914af6f6fea1565e6') in 0.008479926 seconds
Number of updated asset objects reloaded before import = 0Number of asset objects unloaded after import = 1

========================================================================
Received Import Request.
  Time since last request: 0.000075 seconds.
  path: Assets/Mirror/Examples/_Common/Controllers/PlayerControllerRB/PlayerControllerRBUnreliable.cs
  artifactKey: Guid(60cbbdae6551c7b4395e1bd09e2ff3ea) Importer(2089858483,192608db42251d675da83286b1cce702)
Start importing Assets/Mirror/Examples/_Common/Controllers/PlayerControllerRB/PlayerControllerRBUnreliable.cs using Guid(60cbbdae6551c7b4395e1bd09e2ff3ea) Importer(2089858483,192608db42251d675da83286b1cce702) (ScriptedImporter) -> (artifact id: 'd37556d281d25b9e2673b6e60c7deeef') in 0.008585881 seconds
Number of updated asset objects reloaded before import = 0Number of asset objects unloaded after import = 1

========================================================================
Received Import Request.
  Time since last request: 0.000019 seconds.
  path: Assets/Mirror/Examples/_Common/Controllers/TankController/TankControllerBase.cs
  artifactKey: Guid(047024b2ae9afb74485837a482ea4175) Importer(2089858483,192608db42251d675da83286b1cce702)
Start importing Assets/Mirror/Examples/_Common/Controllers/TankController/TankControllerBase.cs using Guid(047024b2ae9afb74485837a482ea4175) Importer(2089858483,192608db42251d675da83286b1cce702) (ScriptedImporter) -> (artifact id: '7595d9d11335340e92e55dc29b12bb23') in 0.008419083 seconds
Number of updated asset objects reloaded before import = 0Number of asset objects unloaded after import = 1

========================================================================
Received Import Request.
  Time since last request: 0.000014 seconds.
  path: Assets/Mirror/Examples/_Common/Controllers/PlayerControllerRB/PlayerControllerRBUI.cs
  artifactKey: Guid(5b3ad79b59b8ecf4691d945429efae18) Importer(2089858483,192608db42251d675da83286b1cce702)
Start importing Assets/Mirror/Examples/_Common/Controllers/PlayerControllerRB/PlayerControllerRBUI.cs using Guid(5b3ad79b59b8ecf4691d945429efae18) Importer(2089858483,192608db42251d675da83286b1cce702) (ScriptedImporter) -> (artifact id: '7b4d37a715dc67c6d146956289224a04') in 0.012101311 seconds
Number of updated asset objects reloaded before import = 0Number of asset objects unloaded after import = 1

========================================================================
Received Import Request.
  Time since last request: 0.000027 seconds.
  path: Assets/Mirror/Examples/_Common/Controllers/PlayerControllerRB/PlayerControllerRBUI.prefab
  artifactKey: Guid(5caaf0d5754a64f4080f0c8b55c0b03d) Importer(2089858483,192608db42251d675da83286b1cce702)
Start importing Assets/Mirror/Examples/_Common/Controllers/PlayerControllerRB/PlayerControllerRBUI.prefab using Guid(5caaf0d5754a64f4080f0c8b55c0b03d) Importer(2089858483,192608db42251d675da83286b1cce702) (ScriptedImporter) -> (artifact id: 'fafc6883f6f7848202d486c13138ce98') in 0.030055952 seconds
Number of updated asset objects reloaded before import = 0Number of asset objects unloaded after import = 145

========================================================================
Received Import Request.
  Time since last request: 0.000021 seconds.
  path: Assets/Mirror/Examples/_Common/Controllers/PlayerControllerRB/PlayerControllerRBHybrid.cs
  artifactKey: Guid(56a0c5bf67ad39b42a0faee0585bab6a) Importer(2089858483,192608db42251d675da83286b1cce702)
Start importing Assets/Mirror/Examples/_Common/Controllers/PlayerControllerRB/PlayerControllerRBHybrid.cs using Guid(56a0c5bf67ad39b42a0faee0585bab6a) Importer(2089858483,192608db42251d675da83286b1cce702) (ScriptedImporter) -> (artifact id: '41a4e4ca035762e4f6239524d31089aa') in 0.005666132 seconds
Number of updated asset objects reloaded before import = 0Number of asset objects unloaded after import = 1

========================================================================
Received Import Request.
  Time since last request: 0.000017 seconds.
  path: Assets/Mirror/Examples/_Common/Controllers/FlyerController/FlyerControllerBase.cs
  artifactKey: Guid(d7616003f8b749c43943908c2daa4e5d) Importer(2089858483,192608db42251d675da83286b1cce702)
Start importing Assets/Mirror/Examples/_Common/Controllers/FlyerController/FlyerControllerBase.cs using Guid(d7616003f8b749c43943908c2daa4e5d) Importer(2089858483,192608db42251d675da83286b1cce702) (ScriptedImporter) -> (artifact id: '83a9d5c9bdacfd1c43a7a9768e45cec0') in 0.006117951 seconds
Number of updated asset objects reloaded before import = 0Number of asset objects unloaded after import = 1

========================================================================
Received Import Request.
  Time since last request: 0.000018 seconds.
  path: Assets/Mirror/Examples/AutoLANClientController/Scripts/NetworkSceneScript.cs
  artifactKey: Guid(a92a11730bf0a4971a014a104eaa9a11) Importer(2089858483,192608db42251d675da83286b1cce702)
Start importing Assets/Mirror/Examples/AutoLANClientController/Scripts/NetworkSceneScript.cs using Guid(a92a11730bf0a4971a014a104eaa9a11) Importer(2089858483,192608db42251d675da83286b1cce702) (ScriptedImporter) -> (artifact id: 'cc336c30981343c6a4e2df768dfdf361') in 0.005419217 seconds
Number of updated asset objects reloaded before import = 0Number of asset objects unloaded after import = 0

========================================================================
Received Import Request.
  Time since last request: 0.000038 seconds.
  path: Assets/Mirror/Examples/_Common/OpenGameArt/Sounds/The Good Fight (just intro).mp3
  artifactKey: Guid(c4c910e818f6f499a922e8ba4a20fb0f) Importer(2089858483,192608db42251d675da83286b1cce702)
Start importing Assets/Mirror/Examples/_Common/OpenGameArt/Sounds/The Good Fight (just intro).mp3 using Guid(c4c910e818f6f499a922e8ba4a20fb0f) Importer(2089858483,192608db42251d675da83286b1cce702) (ScriptedImporter) -> (artifact id: '1c10ce9a2d48a4870d06740ab11b5ec4') in 0.055870061 seconds
Number of updated asset objects reloaded before import = 0Number of asset objects unloaded after import = 1

========================================================================
Received Import Request.
  Time since last request: 0.000022 seconds.
  path: Assets/Mirror/Examples/_Common/Scripts/PhysicsSimulator/PhysicsSimulator.cs
  artifactKey: Guid(78e3051d2c03f27429276d8a55a6d15c) Importer(2089858483,192608db42251d675da83286b1cce702)
Start importing Assets/Mirror/Examples/_Common/Scripts/PhysicsSimulator/PhysicsSimulator.cs using Guid(78e3051d2c03f27429276d8a55a6d15c) Importer(2089858483,192608db42251d675da83286b1cce702) (ScriptedImporter) -> (artifact id: 'da55c628d147786b9c4688b99440de50') in 0.005141565 seconds
Number of updated asset objects reloaded before import = 0Number of asset objects unloaded after import = 1

========================================================================
Received Import Request.
  Time since last request: 0.000020 seconds.
  path: Assets/Mirror/Examples/_Common/TankModel/(Public Domain) Recon_Tank/BaseColor.png
  artifactKey: Guid(ce00d67f9368944fa8ef4de6ccc77bfa) Importer(2089858483,192608db42251d675da83286b1cce702)
Start importing Assets/Mirror/Examples/_Common/TankModel/(Public Domain) Recon_Tank/BaseColor.png using Guid(ce00d67f9368944fa8ef4de6ccc77bfa) Importer(2089858483,192608db42251d675da83286b1cce702) (ScriptedImporter) -> (artifact id: '579f3b4566af49411bcf8e555565ae97') in 0.016004322 seconds
Number of updated asset objects reloaded before import = 0Number of asset objects unloaded after import = 1

========================================================================
Received Import Request.
  Time since last request: 0.000021 seconds.
  path: Assets/Mirror/Examples/_Common/OpenGameArt/Sounds/vgmenuhighlight.mp3
  artifactKey: Guid(f58b89ea4f81e41fcb5c5bec6d134986) Importer(2089858483,192608db42251d675da83286b1cce702)
Start importing Assets/Mirror/Examples/_Common/OpenGameArt/Sounds/vgmenuhighlight.mp3 using Guid(f58b89ea4f81e41fcb5c5bec6d134986) Importer(2089858483,192608db42251d675da83286b1cce702) (ScriptedImporter) -> (artifact id: '0639c5e06846d2c518a8121a2a7490c2') in 0.047657171 seconds
Number of updated asset objects reloaded before import = 0Number of asset objects unloaded after import = 1

========================================================================
Received Import Request.
  Time since last request: 0.000150 seconds.
  path: Assets/Mirror/Examples/_Common/Projectiles/TankProjectile/TankProjectile.cs
  artifactKey: Guid(9b0798e773349420dbdf4ee305445d6b) Importer(2089858483,192608db42251d675da83286b1cce702)
Start importing Assets/Mirror/Examples/_Common/Projectiles/TankProjectile/TankProjectile.cs using Guid(9b0798e773349420dbdf4ee305445d6b) Importer(2089858483,192608db42251d675da83286b1cce702) (ScriptedImporter) -> (artifact id: 'c7d87563585d8321f824fc7987a3e797') in 0.005777647 seconds
Number of updated asset objects reloaded before import = 0Number of asset objects unloaded after import = 1

========================================================================
Received Import Request.
  Time since last request: 0.000046 seconds.
  path: Assets/Mirror/Examples/_Common/Scripts/CanvasNetworkManagerHUD/CanvasNetworkManagerHUD.prefab
  artifactKey: Guid(481ace15d5c62488e94a119ae14d62b8) Importer(2089858483,192608db42251d675da83286b1cce702)
Start importing Assets/Mirror/Examples/_Common/Scripts/CanvasNetworkManagerHUD/CanvasNetworkManagerHUD.prefab using Guid(481ace15d5c62488e94a119ae14d62b8) Importer(2089858483,192608db42251d675da83286b1cce702) (ScriptedImporter) -> (artifact id: '360009b175e600f986154c8d82cfbb0d') in 0.024774016 seconds
Number of updated asset objects reloaded before import = 0Number of asset objects unloaded after import = 89

========================================================================
Received Import Request.
  Time since last request: 0.000021 seconds.
  path: Assets/Mirror/Examples/_Common/Projectiles/TankProjectile/TankProjectile.prefab
  artifactKey: Guid(aec853915cd4f4477ba1532b5fe05488) Importer(2089858483,192608db42251d675da83286b1cce702)
Start importing Assets/Mirror/Examples/_Common/Projectiles/TankProjectile/TankProjectile.prefab using Guid(aec853915cd4f4477ba1532b5fe05488) Importer(2089858483,192608db42251d675da83286b1cce702) (ScriptedImporter) -> (artifact id: '877af06a8099e4e594b74c12b8e2ccb4') in 0.012175054 seconds
Number of updated asset objects reloaded before import = 0Number of asset objects unloaded after import = 11

========================================================================
Received Import Request.
  Time since last request: 0.000020 seconds.
  path: Assets/Mirror/Examples/_Common/TankModel/(Public Domain) Recon_Tank/Normal.png
  artifactKey: Guid(2617bfecca4d44805a3a51a7aa215d7c) Importer(2089858483,192608db42251d675da83286b1cce702)
Start importing Assets/Mirror/Examples/_Common/TankModel/(Public Domain) Recon_Tank/Normal.png using Guid(2617bfecca4d44805a3a51a7aa215d7c) Importer(2089858483,192608db42251d675da83286b1cce702) (ScriptedImporter) -> (artifact id: 'ef4afc431945459c2d569493ffb5534e') in 0.017251754 seconds
Number of updated asset objects reloaded before import = 0Number of asset objects unloaded after import = 1

========================================================================
Received Import Request.
  Time since last request: 0.000025 seconds.
  path: Assets/Mirror/Examples/_Common/Scripts/PhysicsSimulator/PhysicsSimulator.prefab
  artifactKey: Guid(99d75386017b4ba44ad1482ee7938f5a) Importer(2089858483,192608db42251d675da83286b1cce702)
Start importing Assets/Mirror/Examples/_Common/Scripts/PhysicsSimulator/PhysicsSimulator.prefab using Guid(99d75386017b4ba44ad1482ee7938f5a) Importer(2089858483,192608db42251d675da83286b1cce702) (ScriptedImporter) -> (artifact id: '84982a870d418962e86ffcc0954bfe54') in 0.022137269 seconds
Number of updated asset objects reloaded before import = 0Number of asset objects unloaded after import = 5

========================================================================
Received Import Request.
  Time since last request: 0.000047 seconds.
  path: Assets/Mirror/Examples/_Common/OpenGameArt/Sounds/wolf_monster.mp3
  artifactKey: Guid(b0ae5cdfe72e74641bf5767cb985bbbf) Importer(2089858483,192608db42251d675da83286b1cce702)
Start importing Assets/Mirror/Examples/_Common/OpenGameArt/Sounds/wolf_monster.mp3 using Guid(b0ae5cdfe72e74641bf5767cb985bbbf) Importer(2089858483,192608db42251d675da83286b1cce702) (ScriptedImporter) -> (artifact id: '8ff25cc61315442b88c017b2530b2d25') in 0.03319091 seconds
Number of updated asset objects reloaded before import = 0Number of asset objects unloaded after import = 1

========================================================================
Received Import Request.
  Time since last request: 0.000027 seconds.
  path: Assets/Mirror/Hosting/Edgegap/Editor/Images/logo_transparent_400_alpha25.png
  artifactKey: Guid(b7012da4ebf9008458abc3ef9a741f3c) Importer(2089858483,192608db42251d675da83286b1cce702)
Start importing Assets/Mirror/Hosting/Edgegap/Editor/Images/logo_transparent_400_alpha25.png using Guid(b7012da4ebf9008458abc3ef9a741f3c) Importer(2089858483,192608db42251d675da83286b1cce702) (ScriptedImporter) -> (artifact id: '312f70ba47461e956326211d74711297') in 0.017069048 seconds
Number of updated asset objects reloaded before import = 0Number of asset objects unloaded after import = 3

========================================================================
Received Import Request.
  Time since last request: 0.000034 seconds.
  path: Assets/Mirror/Hosting/Edgegap/Editor/Images/discord-brands-solid-64px.png
  artifactKey: Guid(63ea01afe23d1364780a447d738b7ebd) Importer(2089858483,192608db42251d675da83286b1cce702)
Start importing Assets/Mirror/Hosting/Edgegap/Editor/Images/discord-brands-solid-64px.png using Guid(63ea01afe23d1364780a447d738b7ebd) Importer(2089858483,192608db42251d675da83286b1cce702) (ScriptedImporter) -> (artifact id: '4582bc36c9b724f0e68c35a8d3dfb33c') in 0.014060947 seconds
Number of updated asset objects reloaded before import = 0Number of asset objects unloaded after import = 1

========================================================================
Received Import Request.
  Time since last request: 0.000079 seconds.
  path: Assets/Mirror/Hosting/Edgegap/Editor/Api/EdgegapWizardApi.cs
  artifactKey: Guid(f6986ee67361f0b45928ccd70c7ab12c) Importer(2089858483,192608db42251d675da83286b1cce702)
Start importing Assets/Mirror/Hosting/Edgegap/Editor/Api/EdgegapWizardApi.cs using Guid(f6986ee67361f0b45928ccd70c7ab12c) Importer(2089858483,192608db42251d675da83286b1cce702) (ScriptedImporter) -> (artifact id: 'f389089149c137be721d9d40b36c1f3e') in 0.004240244 seconds
Number of updated asset objects reloaded before import = 0Number of asset objects unloaded after import = 0

========================================================================
Received Import Request.
  Time since last request: 0.000015 seconds.
  path: Assets/Mirror/Hosting/Edgegap/Editor/Fonts/Spartan-SemiBold SDF.asset
  artifactKey: Guid(7b18949555c60224384ab80e57e1fd68) Importer(2089858483,192608db42251d675da83286b1cce702)
Start importing Assets/Mirror/Hosting/Edgegap/Editor/Fonts/Spartan-SemiBold SDF.asset using Guid(7b18949555c60224384ab80e57e1fd68) Importer(2089858483,192608db42251d675da83286b1cce702) (ScriptedImporter) -> (artifact id: '5179fc5290cc50ab14305b8103ed7e81') in 0.026165486 seconds
Number of updated asset objects reloaded before import = 0Number of asset objects unloaded after import = 3

========================================================================
Received Import Request.
  Time since last request: 0.000017 seconds.
  path: Assets/Mirror/Hosting/Edgegap/Editor/Api/EdgegapDeploymentsApi.cs
  artifactKey: Guid(37ecdc6abda4402419438f2284ef2d95) Importer(2089858483,192608db42251d675da83286b1cce702)
Start importing Assets/Mirror/Hosting/Edgegap/Editor/Api/EdgegapDeploymentsApi.cs using Guid(37ecdc6abda4402419438f2284ef2d95) Importer(2089858483,192608db42251d675da83286b1cce702) (ScriptedImporter) -> (artifact id: '68808db07aa8a2e69f37eee1d3830036') in 0.004266443 seconds
Number of updated asset objects reloaded before import = 0Number of asset objects unloaded after import = 0

========================================================================
Received Import Request.
  Time since last request: 0.000020 seconds.
  path: Assets/Mirror/Hosting/Edgegap/Models/SDK/ApiModelContainercrashdata.cs
  artifactKey: Guid(b888d877048876b40a346a5c2874b740) Importer(2089858483,192608db42251d675da83286b1cce702)
Start importing Assets/Mirror/Hosting/Edgegap/Models/SDK/ApiModelContainercrashdata.cs using Guid(b888d877048876b40a346a5c2874b740) Importer(2089858483,192608db42251d675da83286b1cce702) (ScriptedImporter) -> (artifact id: 'b4b3dbc0ad0a788ae5308166f7d1ef6a') in 0.004456927 seconds
Number of updated asset objects reloaded before import = 0Number of asset objects unloaded after import = 0

========================================================================
Received Import Request.
  Time since last request: 0.000016 seconds.
  path: Assets/Mirror/Examples/_Common/Textures/(Public Domain) Dirt Hand Painted Texture/Dirt Hand Painted Texture - License.txt
  artifactKey: Guid(422e9f56a29ae488e836a23d1e0f21d0) Importer(2089858483,192608db42251d675da83286b1cce702)
Start importing Assets/Mirror/Examples/_Common/Textures/(Public Domain) Dirt Hand Painted Texture/Dirt Hand Painted Texture - License.txt using Guid(422e9f56a29ae488e836a23d1e0f21d0) Importer(2089858483,192608db42251d675da83286b1cce702) (ScriptedImporter) -> (artifact id: '29dec8ad0394597ed28a5ff65ffb88bd') in 0.003839546 seconds
Number of updated asset objects reloaded before import = 0Number of asset objects unloaded after import = 1

========================================================================
Received Import Request.
  Time since last request: 0.000018 seconds.
  path: Assets/Mirror/Hosting/Edgegap/Models/SDK/AppCreation.cs
  artifactKey: Guid(6519afc2ead759f47a1384db15030792) Importer(2089858483,192608db42251d675da83286b1cce702)
Start importing Assets/Mirror/Hosting/Edgegap/Models/SDK/AppCreation.cs using Guid(6519afc2ead759f47a1384db15030792) Importer(2089858483,192608db42251d675da83286b1cce702) (ScriptedImporter) -> (artifact id: '1d4176d99ae0054f6b946bdf5a84efbb') in 0.002423616 seconds
Number of updated asset objects reloaded before import = 0Number of asset objects unloaded after import = 0

========================================================================
Received Import Request.
  Time since last request: 0.000022 seconds.
  path: Assets/Mirror/Hosting/Edgegap/Editor/Fonts/BaronNeue SDF.asset
  artifactKey: Guid(af70148bee18c584898036462be91b19) Importer(2089858483,192608db42251d675da83286b1cce702)
Start importing Assets/Mirror/Hosting/Edgegap/Editor/Fonts/BaronNeue SDF.asset using Guid(af70148bee18c584898036462be91b19) Importer(2089858483,192608db42251d675da83286b1cce702) (ScriptedImporter) -> (artifact id: '7d932aa1b193c279ef4be837bb9bdec2') in 0.021785729 seconds
Number of updated asset objects reloaded before import = 0Number of asset objects unloaded after import = 3

========================================================================
Received Import Request.
  Time since last request: 0.000018 seconds.
  path: Assets/Mirror/Hosting/Edgegap/Editor/Api/EdgegapAppApi.cs
  artifactKey: Guid(3b0b3b865abe64b49a4000294c4e9593) Importer(2089858483,192608db42251d675da83286b1cce702)
Start importing Assets/Mirror/Hosting/Edgegap/Editor/Api/EdgegapAppApi.cs using Guid(3b0b3b865abe64b49a4000294c4e9593) Importer(2089858483,192608db42251d675da83286b1cce702) (ScriptedImporter) -> (artifact id: 'f64fa61949e6101342ef7cc4bebaca87') in 0.004203835 seconds
Number of updated asset objects reloaded before import = 0Number of asset objects unloaded after import = 0

========================================================================
Received Import Request.
  Time since last request: 0.000027 seconds.
  path: Assets/Mirror/Hosting/Edgegap/Editor/Images/discord-brands-solid.svg
  artifactKey: Guid(d37be086c50d58c4b8081e09c29b82cd) Importer(2089858483,192608db42251d675da83286b1cce702)
Start importing Assets/Mirror/Hosting/Edgegap/Editor/Images/discord-brands-solid.svg using Guid(d37be086c50d58c4b8081e09c29b82cd) Importer(2089858483,192608db42251d675da83286b1cce702) (ScriptedImporter) -> (artifact id: '279498d8208a473073481d8fe8de9488') in 0.003867552 seconds
Number of updated asset objects reloaded before import = 0Number of asset objects unloaded after import = 1

========================================================================
Received Import Request.
  Time since last request: 0.000014 seconds.
  path: Assets/Mirror/Examples/_Common/RobotKyle/Textures/Robot_Normal.jpeg
  artifactKey: Guid(7bf5087089ac3424a982003c10dda35f) Importer(2089858483,192608db42251d675da83286b1cce702)
Start importing Assets/Mirror/Examples/_Common/RobotKyle/Textures/Robot_Normal.jpeg using Guid(7bf5087089ac3424a982003c10dda35f) Importer(2089858483,192608db42251d675da83286b1cce702) (ScriptedImporter) -> (artifact id: '034b8b52eccfbdfdcde52782d845fcf5') in 0.007361178 seconds
Number of updated asset objects reloaded before import = 0Number of asset objects unloaded after import = 1

========================================================================
Received Import Request.
  Time since last request: 0.000013 seconds.
  path: Assets/Mirror/Examples/_Common/OpenGameArt/Sounds/The Good Fight (no intro).mp3
  artifactKey: Guid(2a3e4950d211147bcba9d20e3689c7f6) Importer(2089858483,192608db42251d675da83286b1cce702)
Start importing Assets/Mirror/Examples/_Common/OpenGameArt/Sounds/The Good Fight (no intro).mp3 using Guid(2a3e4950d211147bcba9d20e3689c7f6) Importer(2089858483,192608db42251d675da83286b1cce702) (ScriptedImporter) -> (artifact id: 'd35c13c3443f26082a03a2523d626924') in 0.024445847 seconds
Number of updated asset objects reloaded before import = 0Number of asset objects unloaded after import = 1

========================================================================
Received Import Request.
  Time since last request: 0.000014 seconds.
  path: Assets/Mirror/Examples/_Common/OpenGameArt/Sounds/mutantdie.mp3
  artifactKey: Guid(2dca47b728a1b4471b826a66c8b19485) Importer(2089858483,192608db42251d675da83286b1cce702)
Start importing Assets/Mirror/Examples/_Common/OpenGameArt/Sounds/mutantdie.mp3 using Guid(2dca47b728a1b4471b826a66c8b19485) Importer(2089858483,192608db42251d675da83286b1cce702) (ScriptedImporter) -> (artifact id: '66fc5a089173dc02d03290ffd3d42d3d') in 0.028205818 seconds
Number of updated asset objects reloaded before import = 0Number of asset objects unloaded after import = 1

========================================================================
Received Import Request.
  Time since last request: 0.000013 seconds.
  path: Assets/Mirror/Hosting/Edgegap/Models/SDK/AppVersion.cs
  artifactKey: Guid(c93e03e03405cab49bad0e219e383d16) Importer(2089858483,192608db42251d675da83286b1cce702)
Start importing Assets/Mirror/Hosting/Edgegap/Models/SDK/AppVersion.cs using Guid(c93e03e03405cab49bad0e219e383d16) Importer(2089858483,192608db42251d675da83286b1cce702) (ScriptedImporter) -> (artifact id: '79017184727a23f42094439eda8135c0') in 0.003063842 seconds
Number of updated asset objects reloaded before import = 0Number of asset objects unloaded after import = 0

========================================================================
Received Import Request.
  Time since last request: 0.000018 seconds.
  path: Assets/Mirror/Hosting/Edgegap/Editor/Dockerfile
  artifactKey: Guid(74f140c827788b64ebde10a2197d3c0b) Importer(2089858483,192608db42251d675da83286b1cce702)
Start importing Assets/Mirror/Hosting/Edgegap/Editor/Dockerfile using Guid(74f140c827788b64ebde10a2197d3c0b) Importer(2089858483,192608db42251d675da83286b1cce702) (ScriptedImporter) -> (artifact id: '691dca084b355224564d721ec50a8141') in 0.003379325 seconds
Number of updated asset objects reloaded before import = 0Number of asset objects unloaded after import = 1

========================================================================
Received Import Request.
  Time since last request: 0.000022 seconds.
  path: Assets/Mirror/Examples/CharacterSelection/Scripts/CharacterSelection.cs
  artifactKey: Guid(e04a8cb02afdc4e778925020d233d718) Importer(2089858483,192608db42251d675da83286b1cce702)
Start importing Assets/Mirror/Examples/CharacterSelection/Scripts/CharacterSelection.cs using Guid(e04a8cb02afdc4e778925020d233d718) Importer(2089858483,192608db42251d675da83286b1cce702) (ScriptedImporter) -> (artifact id: '56feb23ed6188cfa4b637a6124ee6e11') in 0.003836369 seconds
Number of updated asset objects reloaded before import = 0Number of asset objects unloaded after import = 0

========================================================================
Received Import Request.
  Time since last request: 0.000029 seconds.
  path: Assets/Mirror/Examples/_Common/Controllers/TankController/TurretUI.cs
  artifactKey: Guid(727f1d4c7bded434bb0a729ba0dcbc51) Importer(2089858483,192608db42251d675da83286b1cce702)
Start importing Assets/Mirror/Examples/_Common/Controllers/TankController/TurretUI.cs using Guid(727f1d4c7bded434bb0a729ba0dcbc51) Importer(2089858483,192608db42251d675da83286b1cce702) (ScriptedImporter) -> (artifact id: '0775e4b02b14db33603a133ff0b472b4') in 0.004008829 seconds
Number of updated asset objects reloaded before import = 0Number of asset objects unloaded after import = 1

========================================================================
Received Import Request.
  Time since last request: 0.000051 seconds.
  path: Assets/Mirror/Hosting/Edgegap/Models/SDK/AppVersionEnv.cs
  artifactKey: Guid(2634231e11968f8408c40e97914878d9) Importer(2089858483,192608db42251d675da83286b1cce702)
Start importing Assets/Mirror/Hosting/Edgegap/Models/SDK/AppVersionEnv.cs using Guid(2634231e11968f8408c40e97914878d9) Importer(2089858483,192608db42251d675da83286b1cce702) (ScriptedImporter) -> (artifact id: 'd46fa5a6319a9048ced813c1c9c48e73') in 0.00490868 seconds
Number of updated asset objects reloaded before import = 0Number of asset objects unloaded after import = 0

========================================================================
Received Import Request.
  Time since last request: 0.000016 seconds.
  path: Assets/Mirror/Hosting/Edgegap/Models/SDK/AppVersions.cs
  artifactKey: Guid(9512253adc2b9554e92ac5746f581ce4) Importer(2089858483,192608db42251d675da83286b1cce702)
Start importing Assets/Mirror/Hosting/Edgegap/Models/SDK/AppVersions.cs using Guid(9512253adc2b9554e92ac5746f581ce4) Importer(2089858483,192608db42251d675da83286b1cce702) (ScriptedImporter) -> (artifact id: 'ee03f467ecc0f2036f572ed666f76155') in 0.003277165 seconds
Number of updated asset objects reloaded before import = 0Number of asset objects unloaded after import = 0

========================================================================
Received Import Request.
  Time since last request: 0.000015 seconds.
  path: Assets/Mirror/Hosting/Edgegap/Models/SDK/Applications.cs
  artifactKey: Guid(9806c3999b04b1f48b255f6802422747) Importer(2089858483,192608db42251d675da83286b1cce702)
Start importing Assets/Mirror/Hosting/Edgegap/Models/SDK/Applications.cs using Guid(9806c3999b04b1f48b255f6802422747) Importer(2089858483,192608db42251d675da83286b1cce702) (ScriptedImporter) -> (artifact id: '0eff289268215dd9f3094b426b25a74c') in 0.003110044 seconds
Number of updated asset objects reloaded before import = 0Number of asset objects unloaded after import = 0

========================================================================
Received Import Request.
  Time since last request: 0.000025 seconds.
  path: Assets/Mirror/Hosting/Edgegap/Models/SDK/BaseModel.cs
  artifactKey: Guid(402da57a3af5ccb4c8a39a3d236399e5) Importer(2089858483,192608db42251d675da83286b1cce702)
Start importing Assets/Mirror/Hosting/Edgegap/Models/SDK/BaseModel.cs using Guid(402da57a3af5ccb4c8a39a3d236399e5) Importer(2089858483,192608db42251d675da83286b1cce702) (ScriptedImporter) -> (artifact id: '51c0f4ffbc87f0b6013e9f246e25c514') in 0.002375096 seconds
Number of updated asset objects reloaded before import = 0Number of asset objects unloaded after import = 0

========================================================================
Received Import Request.
  Time since last request: 0.000018 seconds.
  path: Assets/Mirror/Hosting/Edgegap/Models/SDK/BulkSessionDelete.cs
  artifactKey: Guid(f05e5c21cd34f6a4481b871e1c6d4b6a) Importer(2089858483,192608db42251d675da83286b1cce702)
Start importing Assets/Mirror/Hosting/Edgegap/Models/SDK/BulkSessionDelete.cs using Guid(f05e5c21cd34f6a4481b871e1c6d4b6a) Importer(2089858483,192608db42251d675da83286b1cce702) (ScriptedImporter) -> (artifact id: 'd28f9528d918f8222d86853ead9c8280') in 0.003180942 seconds
Number of updated asset objects reloaded before import = 0Number of asset objects unloaded after import = 0

========================================================================
Received Import Request.
  Time since last request: 0.000015 seconds.
  path: Assets/Mirror/Hosting/Edgegap/Models/SDK/DeployModel.cs
  artifactKey: Guid(b5a424c4973e7e5468b5da61f4321528) Importer(2089858483,192608db42251d675da83286b1cce702)
Start importing Assets/Mirror/Hosting/Edgegap/Models/SDK/DeployModel.cs using Guid(b5a424c4973e7e5468b5da61f4321528) Importer(2089858483,192608db42251d675da83286b1cce702) (ScriptedImporter) -> (artifact id: 'ef60b6b944e587c0d1c909a78456ca97') in 0.003333851 seconds
Number of updated asset objects reloaded before import = 0Number of asset objects unloaded after import = 0

========================================================================
Received Import Request.
  Time since last request: 0.000016 seconds.
  path: Assets/Mirror/Hosting/Edgegap/Models/SDK/DeployEnvModel.cs
  artifactKey: Guid(5f4823de9a0196e40bc3e151f4f8953c) Importer(2089858483,192608db42251d675da83286b1cce702)
Start importing Assets/Mirror/Hosting/Edgegap/Models/SDK/DeployEnvModel.cs using Guid(5f4823de9a0196e40bc3e151f4f8953c) Importer(2089858483,192608db42251d675da83286b1cce702) (ScriptedImporter) -> (artifact id: 'ed2048674610f92662743f9f0ba09ec1') in 0.003128261 seconds
Number of updated asset objects reloaded before import = 0Number of asset objects unloaded after import = 0

========================================================================
Received Import Request.
  Time since last request: 0.000014 seconds.
  path: Assets/Mirror/Hosting/Edgegap/Models/SDK/DeploymentLocation.cs
  artifactKey: Guid(573aa022b98230046bb90d3e0f9e8597) Importer(2089858483,192608db42251d675da83286b1cce702)
Start importing Assets/Mirror/Hosting/Edgegap/Models/SDK/DeploymentLocation.cs using Guid(573aa022b98230046bb90d3e0f9e8597) Importer(2089858483,192608db42251d675da83286b1cce702) (ScriptedImporter) -> (artifact id: 'c193c26294313f9fb913174709c0f659') in 0.003346038 seconds
Number of updated asset objects reloaded before import = 0Number of asset objects unloaded after import = 0

========================================================================
Received Import Request.
  Time since last request: 0.000021 seconds.
  path: Assets/Mirror/Hosting/Edgegap/Models/SDK/AppVersionWhitelistEntry.cs
  artifactKey: Guid(842bcb36eece6a349be9f12052d70501) Importer(2089858483,192608db42251d675da83286b1cce702)
Start importing Assets/Mirror/Hosting/Edgegap/Models/SDK/AppVersionWhitelistEntry.cs using Guid(842bcb36eece6a349be9f12052d70501) Importer(2089858483,192608db42251d675da83286b1cce702) (ScriptedImporter) -> (artifact id: '2236829375034f9de0e0d06fbf0efae7') in 0.00346105 seconds
Number of updated asset objects reloaded before import = 0Number of asset objects unloaded after import = 0

========================================================================
Received Import Request.
  Time since last request: 0.000022 seconds.
  path: Assets/Mirror/Hosting/Edgegap/Models/SDK/ComponentCredentials.cs
  artifactKey: Guid(db129ae1efd1800498f963192357b08e) Importer(2089858483,192608db42251d675da83286b1cce702)
Start importing Assets/Mirror/Hosting/Edgegap/Models/SDK/ComponentCredentials.cs using Guid(db129ae1efd1800498f963192357b08e) Importer(2089858483,192608db42251d675da83286b1cce702) (ScriptedImporter) -> (artifact id: 'd9276e627306b3d27dee6bdfe599fcf8') in 0.003932879 seconds
Number of updated asset objects reloaded before import = 0Number of asset objects unloaded after import = 0

========================================================================
Received Import Request.
  Time since last request: 0.000019 seconds.
  path: Assets/Mirror/Hosting/Edgegap/Models/SDK/AppVersionCreateSessionConfig.cs
  artifactKey: Guid(a7e9f357c6d819947927f8157abe13db) Importer(2089858483,192608db42251d675da83286b1cce702)
Start importing Assets/Mirror/Hosting/Edgegap/Models/SDK/AppVersionCreateSessionConfig.cs using Guid(a7e9f357c6d819947927f8157abe13db) Importer(2089858483,192608db42251d675da83286b1cce702) (ScriptedImporter) -> (artifact id: '407b9b6a83ae785fb5f367d13f7b13df') in 0.003178018 seconds
Number of updated asset objects reloaded before import = 0Number of asset objects unloaded after import = 0

========================================================================
Received Import Request.
  Time since last request: 0.000044 seconds.
  path: Assets/Mirror/Hosting/Edgegap/Models/SDK/AppVersionUpdateSessionConfig.cs
  artifactKey: Guid(48101a3efe2b64c49a3aa4def2246393) Importer(2089858483,192608db42251d675da83286b1cce702)
Start importing Assets/Mirror/Hosting/Edgegap/Models/SDK/AppVersionUpdateSessionConfig.cs using Guid(48101a3efe2b64c49a3aa4def2246393) Importer(2089858483,192608db42251d675da83286b1cce702) (ScriptedImporter) -> (artifact id: '98d3ba0533cccdbabcf5fa34d088dcc8') in 0.005974793 seconds
Number of updated asset objects reloaded before import = 0Number of asset objects unloaded after import = 0

========================================================================
Received Import Request.
  Time since last request: 0.000022 seconds.
  path: Assets/Mirror/Hosting/Edgegap/Models/SDK/ApplicationPatch.cs
  artifactKey: Guid(05c69e87c7ee66e4e9985719430e264a) Importer(2089858483,192608db42251d675da83286b1cce702)
Start importing Assets/Mirror/Hosting/Edgegap/Models/SDK/ApplicationPatch.cs using Guid(05c69e87c7ee66e4e9985719430e264a) Importer(2089858483,192608db42251d675da83286b1cce702) (ScriptedImporter) -> (artifact id: 'a0f50a6e74681613e6b517288b8a66e7') in 0.010038364 seconds
Number of updated asset objects reloaded before import = 0Number of asset objects unloaded after import = 0

========================================================================
Received Import Request.
  Time since last request: 0.000013 seconds.
  path: Assets/Mirror/Hosting/Edgegap/Models/SDK/Delete.cs
  artifactKey: Guid(194e968969469794186c2983239884bb) Importer(2089858483,192608db42251d675da83286b1cce702)
Start importing Assets/Mirror/Hosting/Edgegap/Models/SDK/Delete.cs using Guid(194e968969469794186c2983239884bb) Importer(2089858483,192608db42251d675da83286b1cce702) (ScriptedImporter) -> (artifact id: 'fbbd97525ab15f4c94dc7dbc4b5bd19f') in 0.003180865 seconds
Number of updated asset objects reloaded before import = 0Number of asset objects unloaded after import = 0

========================================================================
Received Import Request.
  Time since last request: 0.000030 seconds.
  path: Assets/Mirror/Hosting/Edgegap/Models/SDK/AppVersionUpdate.cs
  artifactKey: Guid(3575ab93231caa34eb36d9fc5f9c0d87) Importer(2089858483,192608db42251d675da83286b1cce702)
Start importing Assets/Mirror/Hosting/Edgegap/Models/SDK/AppVersionUpdate.cs using Guid(3575ab93231caa34eb36d9fc5f9c0d87) Importer(2089858483,192608db42251d675da83286b1cce702) (ScriptedImporter) -> (artifact id: '439751d18559a5d79e2ab0e74d283c1d') in 0.005185103 seconds
Number of updated asset objects reloaded before import = 0Number of asset objects unloaded after import = 0

========================================================================
Received Import Request.
  Time since last request: 0.000058 seconds.
  path: Assets/Mirror/Hosting/Edgegap/Models/SDK/Deployment.cs
  artifactKey: Guid(be5c72a695bab4245b25c3547c004227) Importer(2089858483,192608db42251d675da83286b1cce702)
Start importing Assets/Mirror/Hosting/Edgegap/Models/SDK/Deployment.cs using Guid(be5c72a695bab4245b25c3547c004227) Importer(2089858483,192608db42251d675da83286b1cce702) (ScriptedImporter) -> (artifact id: '21acf647139faeb3833e86ec6dc4d5e1') in 0.004182027 seconds
Number of updated asset objects reloaded before import = 0Number of asset objects unloaded after import = 0

========================================================================
Received Import Request.
  Time since last request: 0.000014 seconds.
  path: Assets/Mirror/Examples/CCU/Red.mat
  artifactKey: Guid(7b742246ea1d249358a8a8e039bd4b17) Importer(2089858483,192608db42251d675da83286b1cce702)
Start importing Assets/Mirror/Examples/CCU/Red.mat using Guid(7b742246ea1d249358a8a8e039bd4b17) Importer(2089858483,192608db42251d675da83286b1cce702) (ScriptedImporter) -> (artifact id: '753273ad91e87ecea5ef6bb508ac508d') in 0.010129467 seconds
Number of updated asset objects reloaded before import = 0Number of asset objects unloaded after import = 1

========================================================================
Received Import Request.
  Time since last request: 0.000013 seconds.
  path: Assets/Mirror/Examples/_Common/TankModel/(Public Domain) Recon_Tank/Metallic.png
  artifactKey: Guid(a7467e18a834e4d1390091c8b1ea562c) Importer(2089858483,192608db42251d675da83286b1cce702)
Start importing Assets/Mirror/Examples/_Common/TankModel/(Public Domain) Recon_Tank/Metallic.png using Guid(a7467e18a834e4d1390091c8b1ea562c) Importer(2089858483,192608db42251d675da83286b1cce702) (ScriptedImporter) -> (artifact id: '403aeb0ff795697592ad8e682621311f') in 0.007625547 seconds
Number of updated asset objects reloaded before import = 0Number of asset objects unloaded after import = 1

========================================================================
Received Import Request.
  Time since last request: 0.000018 seconds.
  path: Assets/Mirror/Hosting/Edgegap/Dependencies/HttpUtility.cs
  artifactKey: Guid(6f83f468a8b546fd92606db56038f9e6) Importer(2089858483,192608db42251d675da83286b1cce702)
Start importing Assets/Mirror/Hosting/Edgegap/Dependencies/HttpUtility.cs using Guid(6f83f468a8b546fd92606db56038f9e6) Importer(2089858483,192608db42251d675da83286b1cce702) (ScriptedImporter) -> (artifact id: 'a5d1fc4931f2266d9bdd23c37714d8b4') in 0.003987413 seconds
Number of updated asset objects reloaded before import = 0Number of asset objects unloaded after import = 0

========================================================================
Received Import Request.
  Time since last request: 0.000023 seconds.
  path: Assets/Mirror/Examples/Chat/Scripts/LoginUI.cs
  artifactKey: Guid(7a77ca56c9d91af4b81b73a9907d6112) Importer(2089858483,192608db42251d675da83286b1cce702)
Start importing Assets/Mirror/Examples/Chat/Scripts/LoginUI.cs using Guid(7a77ca56c9d91af4b81b73a9907d6112) Importer(2089858483,192608db42251d675da83286b1cce702) (ScriptedImporter) -> (artifact id: 'eb76a52d525b4a74506662e282151542') in 0.00585353 seconds
Number of updated asset objects reloaded before import = 0Number of asset objects unloaded after import = 0

========================================================================
Received Import Request.
  Time since last request: 0.000029 seconds.
  path: Assets/Mirror/Examples/PlayerTest/TankHybrid.prefab
  artifactKey: Guid(fc412adcffebbeb4190ef3d4ea64c047) Importer(2089858483,192608db42251d675da83286b1cce702)
Start importing Assets/Mirror/Examples/PlayerTest/TankHybrid.prefab using Guid(fc412adcffebbeb4190ef3d4ea64c047) Importer(2089858483,192608db42251d675da83286b1cce702) (ScriptedImporter)SendMessage cannot be called during Awake, CheckConsistency, or OnValidate (3D Model: OnMeshFilterChanged)
UnityEngine.Debug:ExtractStackTraceNoAlloc (byte*,int,string)
UnityEngine.StackTraceUtility:ExtractStackTrace () (at /home/bokken/build/output/unity/unity/Runtime/Export/Scripting/StackTrace.cs:37)
UnityEditor.AssetDatabase:LoadAssetAtPath (string,System.Type)
UnityEditor.AssetDatabase:LoadAssetAtPath<UnityEngine.GameObject> (string) (at /home/bokken/build/output/unity/unity/Modules/AssetDatabase/Editor/ScriptBindings/AssetDatabase.bindings.cs:337)
Mirror.Examples.Common.Controllers.Tank.TankTurretBase:Reset () (at Assets/Mirror/Examples/_Common/Controllers/TankController/TankTurretBase.cs:254)
Mirror.Examples.Common.Controllers.Tank.TankTurretHybrid:Reset () (at Assets/Mirror/Examples/_Common/Controllers/TankController/TankTurretHybrid.cs:16)
Mirror.Examples.Common.Controllers.Tank.TankTurretBase:OnValidate () (at Assets/Mirror/Examples/_Common/Controllers/TankController/TankTurretBase.cs:190)
UnityEditor.AssetDatabase:LoadAssetAtPath (string,System.Type)
UnityEditor.AssetDatabase:LoadAssetAtPath<UnityEngine.GameObject> (string) (at /home/bokken/build/output/unity/unity/Modules/AssetDatabase/Editor/ScriptBindings/AssetDatabase.bindings.cs:337)
UnityEditor.Search.AssetIndexer:IndexDocument (string,bool) (at /home/bokken/build/output/unity/unity/Modules/QuickSearch/Editor/Indexing/AssetIndexer.cs:194)
UnityEditor.Search.SearchIndexEntryImporter:OnImportAsset (UnityEditor.AssetImporters.AssetImportContext) (at /home/bokken/build/output/unity/unity/Modules/QuickSearch/Editor/Indexing/SearchIndexEntryImporter.cs:64)
UnityEditor.AssetImporters.ScriptedImporter:GenerateAssetData (UnityEditor.AssetImporters.AssetImportContext) (at /home/bokken/build/output/unity/unity/Modules/AssetPipelineEditor/Public/ScriptedImporter.cs:25)

[/home/bokken/build/output/unity/unity/Modules/QuickSearch/Editor/Indexing/AssetIndexer.cs line 194]

 -> (artifact id: 'b0d01283994095b553c80c0f14c00e9a') in 0.062475796 seconds
Number of updated asset objects reloaded before import = 0Number of asset objects unloaded after import = 278

========================================================================
Received Import Request.
  Time since last request: 0.000022 seconds.
  path: Assets/Mirror/Hosting/Edgegap/Models/SDK/Deployments.cs
  artifactKey: Guid(dbb29bce48edafd44bc53d29322ea9cc) Importer(2089858483,192608db42251d675da83286b1cce702)
Start importing Assets/Mirror/Hosting/Edgegap/Models/SDK/Deployments.cs using Guid(dbb29bce48edafd44bc53d29322ea9cc) Importer(2089858483,192608db42251d675da83286b1cce702) (ScriptedImporter) -> (artifact id: 'b67262c44fc90efac30aa3979fd26791') in 0.008846644 seconds
Number of updated asset objects reloaded before import = 0Number of asset objects unloaded after import = 0

========================================================================
Received Import Request.
  Time since last request: 0.000017 seconds.
  path: Assets/Mirror/Hosting/Edgegap/Models/SDK/SelectorEnvModel.cs
  artifactKey: Guid(22e4606294ddb5249852ea135b8f7792) Importer(2089858483,192608db42251d675da83286b1cce702)
Start importing Assets/Mirror/Hosting/Edgegap/Models/SDK/SelectorEnvModel.cs using Guid(22e4606294ddb5249852ea135b8f7792) Importer(2089858483,192608db42251d675da83286b1cce702) (ScriptedImporter) -> (artifact id: '71de8de6df21a2c53f3eb63519de63c6') in 0.008489319 seconds
Number of updated asset objects reloaded before import = 0Number of asset objects unloaded after import = 0

========================================================================
Received Import Request.
  Time since last request: 0.000016 seconds.
  path: Assets/Mirror/Hosting/Edgegap/Models/SDK/MatchmakerComponentEnvsUpdate.cs
  artifactKey: Guid(6348531b7894bff4eb4a5a66fbad3ecc) Importer(2089858483,192608db42251d675da83286b1cce702)
Start importing Assets/Mirror/Hosting/Edgegap/Models/SDK/MatchmakerComponentEnvsUpdate.cs using Guid(6348531b7894bff4eb4a5a66fbad3ecc) Importer(2089858483,192608db42251d675da83286b1cce702) (ScriptedImporter) -> (artifact id: '6b8452ab832872fb51ae283684aa60c2') in 0.003548298 seconds
Number of updated asset objects reloaded before import = 0Number of asset objects unloaded after import = 0

========================================================================
Received Import Request.
  Time since last request: 0.000056 seconds.
  path: Assets/Mirror/Hosting/Edgegap/Models/SDK/LocationModel.cs
  artifactKey: Guid(23ccc7c1d174b454eb7154d2e7a67662) Importer(2089858483,192608db42251d675da83286b1cce702)
Start importing Assets/Mirror/Hosting/Edgegap/Models/SDK/LocationModel.cs using Guid(23ccc7c1d174b454eb7154d2e7a67662) Importer(2089858483,192608db42251d675da83286b1cce702) (ScriptedImporter) -> (artifact id: '5017396b79c2e4fc5387128b7a977b32') in 0.004948366 seconds
Number of updated asset objects reloaded before import = 0Number of asset objects unloaded after import = 0

========================================================================
Received Import Request.
  Time since last request: 0.000018 seconds.
  path: Assets/Mirror/Hosting/Edgegap/Models/SDK/MatchmakerManagedReleaseResponse.cs
  artifactKey: Guid(ebabc33f41765ee43af4e9b7bcbdbdab) Importer(2089858483,192608db42251d675da83286b1cce702)
Start importing Assets/Mirror/Hosting/Edgegap/Models/SDK/MatchmakerManagedReleaseResponse.cs using Guid(ebabc33f41765ee43af4e9b7bcbdbdab) Importer(2089858483,192608db42251d675da83286b1cce702) (ScriptedImporter) -> (artifact id: '0a82bab455906b66c4ea5af80380216f') in 0.003136211 seconds
Number of updated asset objects reloaded before import = 0Number of asset objects unloaded after import = 0

========================================================================
Received Import Request.
  Time since last request: 0.000034 seconds.
  path: Assets/Mirror/Hosting/Edgegap/Models/SDK/Paginator.cs
  artifactKey: Guid(3a30e09acf02a5749becec55ff0c8c63) Importer(2089858483,192608db42251d675da83286b1cce702)
Start importing Assets/Mirror/Hosting/Edgegap/Models/SDK/Paginator.cs using Guid(3a30e09acf02a5749becec55ff0c8c63) Importer(2089858483,192608db42251d675da83286b1cce702) (ScriptedImporter) -> (artifact id: '4aa59be8fb1ba5e692fcc78156c885ea') in 0.003846214 seconds
Number of updated asset objects reloaded before import = 0Number of asset objects unloaded after import = 0

========================================================================
Received Import Request.
  Time since last request: 0.000047 seconds.
  path: Assets/Mirror/Hosting/Edgegap/Models/SDK/PortMapping.cs
  artifactKey: Guid(239e4c2b2f7b05444bf1622202e9bd71) Importer(2089858483,192608db42251d675da83286b1cce702)
Start importing Assets/Mirror/Hosting/Edgegap/Models/SDK/PortMapping.cs using Guid(239e4c2b2f7b05444bf1622202e9bd71) Importer(2089858483,192608db42251d675da83286b1cce702) (ScriptedImporter) -> (artifact id: '41c6072ffc718e81c1b9875490c665b2') in 0.004329411 seconds
Number of updated asset objects reloaded before import = 0Number of asset objects unloaded after import = 0

========================================================================
Received Import Request.
  Time since last request: 0.000016 seconds.
  path: Assets/Mirror/Hosting/Edgegap/Models/SDK/MatchmakerReleaseResponseBase.cs
  artifactKey: Guid(3d4fdeecc66f23d4d89778724a02989c) Importer(2089858483,192608db42251d675da83286b1cce702)
Start importing Assets/Mirror/Hosting/Edgegap/Models/SDK/MatchmakerReleaseResponseBase.cs using Guid(3d4fdeecc66f23d4d89778724a02989c) Importer(2089858483,192608db42251d675da83286b1cce702) (ScriptedImporter) -> (artifact id: 'd91cdc960c472e27d4a535a2cbb5e2fd') in 0.002661362 seconds
Number of updated asset objects reloaded before import = 0Number of asset objects unloaded after import = 0

========================================================================
Received Import Request.
  Time since last request: 0.000018 seconds.
  path: Assets/Mirror/Hosting/Edgegap/Models/SDK/Pagination.cs
  artifactKey: Guid(4a7e6b1adc3c98749bf60c94680dbfff) Importer(2089858483,192608db42251d675da83286b1cce702)
Start importing Assets/Mirror/Hosting/Edgegap/Models/SDK/Pagination.cs using Guid(4a7e6b1adc3c98749bf60c94680dbfff) Importer(2089858483,192608db42251d675da83286b1cce702) (ScriptedImporter) -> (artifact id: 'da149436bafffcc1ff6c8d15c8b07f17') in 0.004036545 seconds
Number of updated asset objects reloaded before import = 0Number of asset objects unloaded after import = 0

========================================================================
Received Import Request.
  Time since last request: 0.000045 seconds.
  path: Assets/Mirror/Hosting/Edgegap/Models/SDK/MatchmakerResponse.cs
  artifactKey: Guid(3e4340cda5d67e44e91c65240303fd4f) Importer(2089858483,192608db42251d675da83286b1cce702)
Start importing Assets/Mirror/Hosting/Edgegap/Models/SDK/MatchmakerResponse.cs using Guid(3e4340cda5d67e44e91c65240303fd4f) Importer(2089858483,192608db42251d675da83286b1cce702) (ScriptedImporter) -> (artifact id: 'f38b6fe68e6e4244dcbc3a244dfdbe88') in 0.003366871 seconds
Number of updated asset objects reloaded before import = 0Number of asset objects unloaded after import = 0

========================================================================
Received Import Request.
  Time since last request: 0.000017 seconds.
  path: Assets/Mirror/Hosting/Edgegap/Models/SDK/MatchmakerComponentEnvListResponse.cs
  artifactKey: Guid(aa28d406e5161444b94e884c4e06c7dc) Importer(2089858483,192608db42251d675da83286b1cce702)
Start importing Assets/Mirror/Hosting/Edgegap/Models/SDK/MatchmakerComponentEnvListResponse.cs using Guid(aa28d406e5161444b94e884c4e06c7dc) Importer(2089858483,192608db42251d675da83286b1cce702) (ScriptedImporter) -> (artifact id: '8a92be14bddd1dbd7ba73b8bcd39a729') in 0.004068277 seconds
Number of updated asset objects reloaded before import = 0Number of asset objects unloaded after import = 0

========================================================================
Received Import Request.
  Time since last request: 0.000020 seconds.
  path: Assets/Mirror/Hosting/Edgegap/Models/SDK/MatchmakerReleaseUpdate.cs
  artifactKey: Guid(a4a70c06ab8388b41b81604eb18c9204) Importer(2089858483,192608db42251d675da83286b1cce702)
Start importing Assets/Mirror/Hosting/Edgegap/Models/SDK/MatchmakerReleaseUpdate.cs using Guid(a4a70c06ab8388b41b81604eb18c9204) Importer(2089858483,192608db42251d675da83286b1cce702) (ScriptedImporter) -> (artifact id: 'e1a539db616e121e76ac5553a2546188') in 0.003759179 seconds
Number of updated asset objects reloaded before import = 0Number of asset objects unloaded after import = 0

========================================================================
Received Import Request.
  Time since last request: 0.000017 seconds.
  path: Assets/Mirror/Hosting/Edgegap/Models/SDK/MatchmakerListResponse.cs
  artifactKey: Guid(87a98856b7f1cd141a83f6ab459c3fcc) Importer(2089858483,192608db42251d675da83286b1cce702)
Start importing Assets/Mirror/Hosting/Edgegap/Models/SDK/MatchmakerListResponse.cs using Guid(87a98856b7f1cd141a83f6ab459c3fcc) Importer(2089858483,192608db42251d675da83286b1cce702) (ScriptedImporter) -> (artifact id: '0bc95c5cf491309932d4ac33b842a460') in 0.002816137 seconds
Number of updated asset objects reloaded before import = 0Number of asset objects unloaded after import = 0

========================================================================
Received Import Request.
  Time since last request: 0.000014 seconds.
  path: Assets/Mirror/Hosting/Edgegap/Models/SDK/SessionContext.cs
  artifactKey: Guid(c04580c90e42bc347bd30dd1c957a03a) Importer(2089858483,192608db42251d675da83286b1cce702)
Start importing Assets/Mirror/Hosting/Edgegap/Models/SDK/SessionContext.cs using Guid(c04580c90e42bc347bd30dd1c957a03a) Importer(2089858483,192608db42251d675da83286b1cce702) (ScriptedImporter) -> (artifact id: '9aaf5b0b0819c45466dcf3dedd0039d8') in 0.00381088 seconds
Number of updated asset objects reloaded before import = 0Number of asset objects unloaded after import = 0

========================================================================
Received Import Request.
  Time since last request: 0.000066 seconds.
  path: Assets/Mirror/Hosting/Edgegap/Models/SDK/MatchmakerReleaseUpdateBase.cs
  artifactKey: Guid(b90fb9b8c6d982b45b2cdf3b2c042cfb) Importer(2089858483,192608db42251d675da83286b1cce702)
Start importing Assets/Mirror/Hosting/Edgegap/Models/SDK/MatchmakerReleaseUpdateBase.cs using Guid(b90fb9b8c6d982b45b2cdf3b2c042cfb) Importer(2089858483,192608db42251d675da83286b1cce702) (ScriptedImporter) -> (artifact id: 'ff03eae668c05495111e4a75efa463a0') in 0.002817226 seconds
Number of updated asset objects reloaded before import = 0Number of asset objects unloaded after import = 0

========================================================================
Received Import Request.
  Time since last request: 0.000020 seconds.
  path: Assets/Mirror/Hosting/Edgegap/Models/SDK/MatchmakerCreate.cs
  artifactKey: Guid(2503ca17d24577242b06815cc5bafd3d) Importer(2089858483,192608db42251d675da83286b1cce702)
Start importing Assets/Mirror/Hosting/Edgegap/Models/SDK/MatchmakerCreate.cs using Guid(2503ca17d24577242b06815cc5bafd3d) Importer(2089858483,192608db42251d675da83286b1cce702) (ScriptedImporter) -> (artifact id: '67531277f3e2ae903645d0efbc250130') in 0.00402847 seconds
Number of updated asset objects reloaded before import = 0Number of asset objects unloaded after import = 0

========================================================================
Received Import Request.
  Time since last request: 0.000025 seconds.
  path: Assets/Mirror/Hosting/Edgegap/Models/SDK/Error.cs
  artifactKey: Guid(20d59dd0013e73f4eaa719e9f2dc4c33) Importer(2089858483,192608db42251d675da83286b1cce702)
Start importing Assets/Mirror/Hosting/Edgegap/Models/SDK/Error.cs using Guid(20d59dd0013e73f4eaa719e9f2dc4c33) Importer(2089858483,192608db42251d675da83286b1cce702) (ScriptedImporter) -> (artifact id: 'bdaf51c491409349a342594b9e5f941c') in 0.005971312 seconds
Number of updated asset objects reloaded before import = 0Number of asset objects unloaded after import = 0

========================================================================
Received Import Request.
  Time since last request: 0.000014 seconds.
  path: Assets/Mirror/Hosting/Edgegap/Models/SDK/MatchmakerManagedReleaseCreate.cs
  artifactKey: Guid(bdbdbaf8d85f440488f1724dc5cbb4ba) Importer(2089858483,192608db42251d675da83286b1cce702)
Start importing Assets/Mirror/Hosting/Edgegap/Models/SDK/MatchmakerManagedReleaseCreate.cs using Guid(bdbdbaf8d85f440488f1724dc5cbb4ba) Importer(2089858483,192608db42251d675da83286b1cce702) (ScriptedImporter) -> (artifact id: '8814d7619f70601211c5474e8c734845') in 0.01200629 seconds
Number of updated asset objects reloaded before import = 0Number of asset objects unloaded after import = 0

========================================================================
Received Import Request.
  Time since last request: 0.000014 seconds.
  path: Assets/Mirror/Hosting/Edgegap/Models/SDK/Location.cs
  artifactKey: Guid(4508021f9d8200a459f27753078ffccd) Importer(2089858483,192608db42251d675da83286b1cce702)
Start importing Assets/Mirror/Hosting/Edgegap/Models/SDK/Location.cs using Guid(4508021f9d8200a459f27753078ffccd) Importer(2089858483,192608db42251d675da83286b1cce702) (ScriptedImporter) -> (artifact id: 'be27e2a6f562574fb272df7077a7b3d4') in 0.005203878 seconds
Number of updated asset objects reloaded before import = 0Number of asset objects unloaded after import = 0

========================================================================
Received Import Request.
  Time since last request: 0.000013 seconds.
  path: Assets/Mirror/Hosting/Edgegap/Models/SDK/MatchmakerReleaseCreateBase.cs
  artifactKey: Guid(3b170b5cb33caa2498eb7f0106e47297) Importer(2089858483,192608db42251d675da83286b1cce702)
Start importing Assets/Mirror/Hosting/Edgegap/Models/SDK/MatchmakerReleaseCreateBase.cs using Guid(3b170b5cb33caa2498eb7f0106e47297) Importer(2089858483,192608db42251d675da83286b1cce702) (ScriptedImporter) -> (artifact id: 'd7bd9031393f1ccc935b66db8e01d33b') in 0.003517352 seconds
Number of updated asset objects reloaded before import = 0Number of asset objects unloaded after import = 0

========================================================================
Received Import Request.
  Time since last request: 0.000016 seconds.
  path: Assets/Mirror/Core/Prediction/Prediction.cs
  artifactKey: Guid(216d494d910445ea8a7acc7c889212d5) Importer(2089858483,192608db42251d675da83286b1cce702)
Start importing Assets/Mirror/Core/Prediction/Prediction.cs using Guid(216d494d910445ea8a7acc7c889212d5) Importer(2089858483,192608db42251d675da83286b1cce702) (ScriptedImporter) -> (artifact id: '7b3fb9269b409b6853ca9ef34df8bf63') in 0.005095627 seconds
Number of updated asset objects reloaded before import = 0Number of asset objects unloaded after import = 1

========================================================================
Received Import Request.
  Time since last request: 0.000013 seconds.
  path: Assets/TextMesh Pro/Resources/Fonts & Materials/LiberationSans SDF - Outline.mat
  artifactKey: Guid(79459efec17a4d00a321bdcc27bbc385) Importer(2089858483,192608db42251d675da83286b1cce702)
Start importing Assets/TextMesh Pro/Resources/Fonts & Materials/LiberationSans SDF - Outline.mat using Guid(79459efec17a4d00a321bdcc27bbc385) Importer(2089858483,192608db42251d675da83286b1cce702) (ScriptedImporter) -> (artifact id: 'bc41283670225700a1de7b0ca38b747d') in 0.01458657 seconds
Number of updated asset objects reloaded before import = 0Number of asset objects unloaded after import = 2

========================================================================
Received Import Request.
  Time since last request: 0.000014 seconds.
  path: Assets/Mirror/Transports/KCP/kcp2k/kcp/Utils.cs
  artifactKey: Guid(ef959eb716205bd48b050f010a9a35ae) Importer(2089858483,192608db42251d675da83286b1cce702)
Start importing Assets/Mirror/Transports/KCP/kcp2k/kcp/Utils.cs using Guid(ef959eb716205bd48b050f010a9a35ae) Importer(2089858483,192608db42251d675da83286b1cce702) (ScriptedImporter) -> (artifact id: 'b6f024603aea9aca45c2010826a3400c') in 0.004014806 seconds
Number of updated asset objects reloaded before import = 0Number of asset objects unloaded after import = 0

========================================================================
Received Import Request.
  Time since last request: 0.000026 seconds.
  path: Assets/Mirror/Hosting/Edgegap/Models/SDK/SessionRequest.cs
  artifactKey: Guid(ec515d4e5da52f64dbe46cbb55d9d296) Importer(2089858483,192608db42251d675da83286b1cce702)
Start importing Assets/Mirror/Hosting/Edgegap/Models/SDK/SessionRequest.cs using Guid(ec515d4e5da52f64dbe46cbb55d9d296) Importer(2089858483,192608db42251d675da83286b1cce702) (ScriptedImporter) -> (artifact id: '52b0cf69c79314a6573e9fd0ffdb0c4b') in 0.003326845 seconds
Number of updated asset objects reloaded before import = 0Number of asset objects unloaded after import = 0

========================================================================
Received Import Request.
  Time since last request: 0.000025 seconds.
  path: Assets/Mirror/Hosting/Edgegap/Models/SDK/StaticSites.cs
  artifactKey: Guid(e75be496dcaa516468e69cc1a0ebd1ae) Importer(2089858483,192608db42251d675da83286b1cce702)
Start importing Assets/Mirror/Hosting/Edgegap/Models/SDK/StaticSites.cs using Guid(e75be496dcaa516468e69cc1a0ebd1ae) Importer(2089858483,192608db42251d675da83286b1cce702) (ScriptedImporter) -> (artifact id: 'b9f60062274d829e77edabecfd65e96d') in 0.004280545 seconds
Number of updated asset objects reloaded before import = 0Number of asset objects unloaded after import = 0

========================================================================
Received Import Request.
  Time since last request: 0.000091 seconds.
  path: Assets/Mirror/Transports/Edgegap/EdgegapLobby/Models/LobbyIdRequest.cs
  artifactKey: Guid(219c7fba8724473caf170c6254e6dc45) Importer(2089858483,192608db42251d675da83286b1cce702)
Start importing Assets/Mirror/Transports/Edgegap/EdgegapLobby/Models/LobbyIdRequest.cs using Guid(219c7fba8724473caf170c6254e6dc45) Importer(2089858483,192608db42251d675da83286b1cce702) (ScriptedImporter) -> (artifact id: 'b7027c11e2418a52918ceef50c0e05ac') in 0.007160379 seconds
Number of updated asset objects reloaded before import = 0Number of asset objects unloaded after import = 1

========================================================================
Received Import Request.
  Time since last request: 0.000020 seconds.
  path: Assets/Mirror/Transports/KCP/kcp2k/highlevel/Common.cs
  artifactKey: Guid(9ced451c2954435f88cf718bcba020cb) Importer(2089858483,192608db42251d675da83286b1cce702)
Start importing Assets/Mirror/Transports/KCP/kcp2k/highlevel/Common.cs using Guid(9ced451c2954435f88cf718bcba020cb) Importer(2089858483,192608db42251d675da83286b1cce702) (ScriptedImporter) -> (artifact id: '3554d08c5561174cbdb6a3e48262dae1') in 0.004493442 seconds
Number of updated asset objects reloaded before import = 0Number of asset objects unloaded after import = 0

========================================================================
Received Import Request.
  Time since last request: 0.000020 seconds.
  path: Assets/Mirror/Transports/Encryption/Plugins/BouncyCastle/LICENSE.md
  artifactKey: Guid(2b45a99b5583cda419e1f1ec943fec4b) Importer(2089858483,192608db42251d675da83286b1cce702)
Start importing Assets/Mirror/Transports/Encryption/Plugins/BouncyCastle/LICENSE.md using Guid(2b45a99b5583cda419e1f1ec943fec4b) Importer(2089858483,192608db42251d675da83286b1cce702) (ScriptedImporter) -> (artifact id: 'cae9614ff05b5dadc9c5a4c42fb8e2ca') in 0.003203002 seconds
Number of updated asset objects reloaded before import = 0Number of asset objects unloaded after import = 1

========================================================================
Received Import Request.
  Time since last request: 0.000026 seconds.
  path: Assets/Mirror/Transports/KCP/kcp2k/highlevel/KcpChannel.cs
  artifactKey: Guid(9e852b2532fb248d19715cfebe371db3) Importer(2089858483,192608db42251d675da83286b1cce702)
Start importing Assets/Mirror/Transports/KCP/kcp2k/highlevel/KcpChannel.cs using Guid(9e852b2532fb248d19715cfebe371db3) Importer(2089858483,192608db42251d675da83286b1cce702) (ScriptedImporter) -> (artifact id: '95b73f7e2a006e9ec1040ee700d6d8f9') in 0.002917831 seconds
Number of updated asset objects reloaded before import = 0Number of asset objects unloaded after import = 0

========================================================================
Received Import Request.
  Time since last request: 0.000027 seconds.
  path: Assets/Mirror/Hosting/Edgegap/Models/SDK/MetricsResponse.cs
  artifactKey: Guid(2ab2ca82bcea21f49a0ba0c923bf190f) Importer(2089858483,192608db42251d675da83286b1cce702)
Start importing Assets/Mirror/Hosting/Edgegap/Models/SDK/MetricsResponse.cs using Guid(2ab2ca82bcea21f49a0ba0c923bf190f) Importer(2089858483,192608db42251d675da83286b1cce702) (ScriptedImporter) -> (artifact id: '4a611248895ac6e2b7b5b7af67c3665c') in 0.00337291 seconds
Number of updated asset objects reloaded before import = 0Number of asset objects unloaded after import = 0

========================================================================
Received Import Request.
  Time since last request: 0.000028 seconds.
  path: Assets/Mirror/Hosting/Edgegap/Editor/GithubRelease.cs
  artifactKey: Guid(6ef365e2acd5a5044a4a14fa83c7d9b9) Importer(2089858483,192608db42251d675da83286b1cce702)
Start importing Assets/Mirror/Hosting/Edgegap/Editor/GithubRelease.cs using Guid(6ef365e2acd5a5044a4a14fa83c7d9b9) Importer(2089858483,192608db42251d675da83286b1cce702) (ScriptedImporter) -> (artifact id: '0ef79c49048b2d8b1054e0300485faa5') in 0.003357744 seconds
Number of updated asset objects reloaded before import = 0Number of asset objects unloaded after import = 0

========================================================================
Received Import Request.
  Time since last request: 0.000017 seconds.
  path: Assets/Mirror/Transports/Encryption/Plugins/BouncyCastle/Mirror.BouncyCastle.Cryptography.dll
  artifactKey: Guid(03a89f29994a3b44cb3015b3c5ece010) Importer(2089858483,192608db42251d675da83286b1cce702)
Start importing Assets/Mirror/Transports/Encryption/Plugins/BouncyCastle/Mirror.BouncyCastle.Cryptography.dll using Guid(03a89f29994a3b44cb3015b3c5ece010) Importer(2089858483,192608db42251d675da83286b1cce702) (ScriptedImporter) -> (artifact id: '376cf30484aa5c65af2891b1b6a86146') in 0.00491893 seconds
Number of updated asset objects reloaded before import = 0Number of asset objects unloaded after import = 0

========================================================================
Received Import Request.
  Time since last request: 0.000014 seconds.
  path: Assets/Mirror/Transports/KCP/kcp2k/highlevel/KcpHeader.cs
  artifactKey: Guid(91b5edac31224a49bd76f960ae018942) Importer(2089858483,192608db42251d675da83286b1cce702)
Start importing Assets/Mirror/Transports/KCP/kcp2k/highlevel/KcpHeader.cs using Guid(91b5edac31224a49bd76f960ae018942) Importer(2089858483,192608db42251d675da83286b1cce702) (ScriptedImporter) -> (artifact id: '0a690d6a49613564b9e2bd6d59b5379e') in 0.002384317 seconds
Number of updated asset objects reloaded before import = 0Number of asset objects unloaded after import = 0

========================================================================
Received Import Request.
  Time since last request: 0.000012 seconds.
  path: Assets/Mirror/Examples/_Common/Scripts/RandomColor.cs
  artifactKey: Guid(a91a718a70d01b347b75cb768a6f1a92) Importer(2089858483,192608db42251d675da83286b1cce702)
Start importing Assets/Mirror/Examples/_Common/Scripts/RandomColor.cs using Guid(a91a718a70d01b347b75cb768a6f1a92) Importer(2089858483,192608db42251d675da83286b1cce702) (ScriptedImporter) -> (artifact id: '46a710c820a9f90f7d6dfced504810d6') in 0.004034768 seconds
Number of updated asset objects reloaded before import = 0Number of asset objects unloaded after import = 1

========================================================================
Received Import Request.
  Time since last request: 0.000025 seconds.
  path: Assets/Mirror/Hosting/Edgegap/Models/SDK/SessionDelete.cs
  artifactKey: Guid(d49ffc8fe921fbe4bbae2e694a7d83c4) Importer(2089858483,192608db42251d675da83286b1cce702)
Start importing Assets/Mirror/Hosting/Edgegap/Models/SDK/SessionDelete.cs using Guid(d49ffc8fe921fbe4bbae2e694a7d83c4) Importer(2089858483,192608db42251d675da83286b1cce702) (ScriptedImporter) -> (artifact id: 'd02a47f9d04a1acc357f9834075250a3') in 0.002510898 seconds
Number of updated asset objects reloaded before import = 0Number of asset objects unloaded after import = 0

========================================================================
Received Import Request.
  Time since last request: 0.000042 seconds.
  path: Assets/Mirror/Transports/Edgegap/EdgegapLobby/Models/Lobby.cs
  artifactKey: Guid(64db55f096cd4ace83e1aa1c0c0588f7) Importer(2089858483,192608db42251d675da83286b1cce702)
Start importing Assets/Mirror/Transports/Edgegap/EdgegapLobby/Models/Lobby.cs using Guid(64db55f096cd4ace83e1aa1c0c0588f7) Importer(2089858483,192608db42251d675da83286b1cce702) (ScriptedImporter) -> (artifact id: '8c771b26aebe7247d493c357e201d004') in 0.009831736 seconds
Number of updated asset objects reloaded before import = 0Number of asset objects unloaded after import = 1

========================================================================
Received Import Request.
  Time since last request: 0.000039 seconds.
  path: Assets/Mirror/Transports/KCP/kcp2k/kcp/Pool.cs
  artifactKey: Guid(35c07818fc4784bb4ba472c8e5029002) Importer(2089858483,192608db42251d675da83286b1cce702)
Start importing Assets/Mirror/Transports/KCP/kcp2k/kcp/Pool.cs using Guid(35c07818fc4784bb4ba472c8e5029002) Importer(2089858483,192608db42251d675da83286b1cce702) (ScriptedImporter) -> (artifact id: '5eedb9cd0e397f59555306433926d753') in 0.005508402 seconds
Number of updated asset objects reloaded before import = 0Number of asset objects unloaded after import = 0

========================================================================
Received Import Request.
  Time since last request: 0.000019 seconds.
  path: Assets/Mirror/Transports/KCP/kcp2k/kcp/Segment.cs
  artifactKey: Guid(fc58706a05dd3442c8fde858d5266855) Importer(2089858483,192608db42251d675da83286b1cce702)
Start importing Assets/Mirror/Transports/KCP/kcp2k/kcp/Segment.cs using Guid(fc58706a05dd3442c8fde858d5266855) Importer(2089858483,192608db42251d675da83286b1cce702) (ScriptedImporter) -> (artifact id: 'f69ea7015d3dca108e39f312a254526a') in 0.008445573 seconds
Number of updated asset objects reloaded before import = 0Number of asset objects unloaded after import = 0

========================================================================
Received Import Request.
  Time since last request: 0.000019 seconds.
  path: Assets/Mirror/Transports/SimpleWeb/SimpleWeb/Client/SimpleWebClient.cs
  artifactKey: Guid(13131761a0bf5a64dadeccd700fe26e5) Importer(2089858483,192608db42251d675da83286b1cce702)
Start importing Assets/Mirror/Transports/SimpleWeb/SimpleWeb/Client/SimpleWebClient.cs using Guid(13131761a0bf5a64dadeccd700fe26e5) Importer(2089858483,192608db42251d675da83286b1cce702) (ScriptedImporter) -> (artifact id: '6c0070f36f92d61228438bfa4e4676ab') in 0.007489034 seconds
Number of updated asset objects reloaded before import = 0Number of asset objects unloaded after import = 0

========================================================================
Received Import Request.
  Time since last request: 0.000018 seconds.
  path: Assets/Mirror/Transports/Edgegap/EdgegapLobby/Models/LobbyUpdateRequest.cs
  artifactKey: Guid(ee158bc379f44cdf9904578f37a5e7a4) Importer(2089858483,192608db42251d675da83286b1cce702)
Start importing Assets/Mirror/Transports/Edgegap/EdgegapLobby/Models/LobbyUpdateRequest.cs using Guid(ee158bc379f44cdf9904578f37a5e7a4) Importer(2089858483,192608db42251d675da83286b1cce702) (ScriptedImporter) -> (artifact id: '32746c9a3143441e7fdc5690f21272f8') in 0.012658926 seconds
Number of updated asset objects reloaded before import = 0Number of asset objects unloaded after import = 1

========================================================================
Received Import Request.
  Time since last request: 0.000017 seconds.
  path: Assets/Mirror/Transports/KCP/kcp2k/kcp/Kcp.cs
  artifactKey: Guid(a59b1cae10a334faf807432ab472f212) Importer(2089858483,192608db42251d675da83286b1cce702)
Start importing Assets/Mirror/Transports/KCP/kcp2k/kcp/Kcp.cs using Guid(a59b1cae10a334faf807432ab472f212) Importer(2089858483,192608db42251d675da83286b1cce702) (ScriptedImporter) -> (artifact id: '1e6b1ad6dd15f444a3ac4fccfb10ba69') in 0.008736932 seconds
Number of updated asset objects reloaded before import = 0Number of asset objects unloaded after import = 0

========================================================================
Received Import Request.
  Time since last request: 0.000018 seconds.
  path: Assets/Mirror/Transports/SimpleWeb/SimpleWeb/Server/WebSocketServer.cs
  artifactKey: Guid(5c434db044777d2439bae5a57d4e8ee7) Importer(2089858483,192608db42251d675da83286b1cce702)
Start importing Assets/Mirror/Transports/SimpleWeb/SimpleWeb/Server/WebSocketServer.cs using Guid(5c434db044777d2439bae5a57d4e8ee7) Importer(2089858483,192608db42251d675da83286b1cce702) (ScriptedImporter) -> (artifact id: '6c9bc3845eab78ddc73526ec3f7ab9ab') in 0.0039071 seconds
Number of updated asset objects reloaded before import = 0Number of asset objects unloaded after import = 0

========================================================================
Received Import Request.
  Time since last request: 0.000036 seconds.
  path: Assets/Mirror/Transports/SimpleWeb/SimpleWeb/Common/Log.cs
  artifactKey: Guid(3cf1521098e04f74fbea0fe2aa0439f8) Importer(2089858483,192608db42251d675da83286b1cce702)
Start importing Assets/Mirror/Transports/SimpleWeb/SimpleWeb/Common/Log.cs using Guid(3cf1521098e04f74fbea0fe2aa0439f8) Importer(2089858483,192608db42251d675da83286b1cce702) (ScriptedImporter) -> (artifact id: '45363e8d5638199215839970f837d5a7') in 0.003625873 seconds
Number of updated asset objects reloaded before import = 0Number of asset objects unloaded after import = 0

========================================================================
Received Import Request.
  Time since last request: 0.000037 seconds.
  path: Assets/Mirror/Transports/SimpleWeb/SimpleWeb/Client/StandAlone/ClientSslHelper.cs
  artifactKey: Guid(46055a75559a79849a750f39a766db61) Importer(2089858483,192608db42251d675da83286b1cce702)
Start importing Assets/Mirror/Transports/SimpleWeb/SimpleWeb/Client/StandAlone/ClientSslHelper.cs using Guid(46055a75559a79849a750f39a766db61) Importer(2089858483,192608db42251d675da83286b1cce702) (ScriptedImporter) -> (artifact id: '77d7f408bbebe2d5a58fc0b51842c693') in 0.004324663 seconds
Number of updated asset objects reloaded before import = 0Number of asset objects unloaded after import = 0

========================================================================
Received Import Request.
  Time since last request: 0.000038 seconds.
  path: Assets/Mirror/Transports/SimpleWeb/SimpleWeb/Server/SimpleWebServer.cs
  artifactKey: Guid(bd51d7896f55a5e48b41a4b526562b0e) Importer(2089858483,192608db42251d675da83286b1cce702)
Start importing Assets/Mirror/Transports/SimpleWeb/SimpleWeb/Server/SimpleWebServer.cs using Guid(bd51d7896f55a5e48b41a4b526562b0e) Importer(2089858483,192608db42251d675da83286b1cce702) (ScriptedImporter) -> (artifact id: '3d2fb10cf2963c67afe7b40ce404f816') in 0.004235759 seconds
Number of updated asset objects reloaded before import = 0Number of asset objects unloaded after import = 0

========================================================================
Received Import Request.
  Time since last request: 0.000026 seconds.
  path: Assets/Mirror/Transports/SimpleWeb/SimpleWeb/Server/ServerSslHelper.cs
  artifactKey: Guid(11061fee528ebdd43817a275b1e4a317) Importer(2089858483,192608db42251d675da83286b1cce702)
Start importing Assets/Mirror/Transports/SimpleWeb/SimpleWeb/Server/ServerSslHelper.cs using Guid(11061fee528ebdd43817a275b1e4a317) Importer(2089858483,192608db42251d675da83286b1cce702) (ScriptedImporter) -> (artifact id: 'dcb1d1f8e63e718622995c0116fe339d') in 0.003817557 seconds
Number of updated asset objects reloaded before import = 0Number of asset objects unloaded after import = 0

========================================================================
Received Import Request.
  Time since last request: 0.000014 seconds.
  path: Assets/Mirror/Examples/_Common/KenneyAssets/kenney_rpg-audio/Audio/footstep09.ogg
  artifactKey: Guid(ccf7de35293e248b6a37333d49a4e3f6) Importer(2089858483,192608db42251d675da83286b1cce702)
Start importing Assets/Mirror/Examples/_Common/KenneyAssets/kenney_rpg-audio/Audio/footstep09.ogg using Guid(ccf7de35293e248b6a37333d49a4e3f6) Importer(2089858483,192608db42251d675da83286b1cce702) (ScriptedImporter) -> (artifact id: '4be0eac2306f268648852c37ccb35085') in 0.022656949 seconds
Number of updated asset objects reloaded before import = 0Number of asset objects unloaded after import = 1

========================================================================
Received Import Request.
  Time since last request: 0.000015 seconds.
  path: Assets/Mirror/Examples/BenchmarkStinkySteak/Dependencies/Unity-Simulation-Timer/Runtime/PauseableSimulationTimer.cs
  artifactKey: Guid(b1ad3772cd6fb4848a960ac3a397aaa0) Importer(2089858483,192608db42251d675da83286b1cce702)
Start importing Assets/Mirror/Examples/BenchmarkStinkySteak/Dependencies/Unity-Simulation-Timer/Runtime/PauseableSimulationTimer.cs using Guid(b1ad3772cd6fb4848a960ac3a397aaa0) Importer(2089858483,192608db42251d675da83286b1cce702) (ScriptedImporter) -> (artifact id: 'e74bf0e021c50fed556bb74bf6dc43be') in 0.008294271 seconds
Number of updated asset objects reloaded before import = 0Number of asset objects unloaded after import = 0

========================================================================
Received Import Request.
  Time since last request: 0.000024 seconds.
  path: Assets/Mirror/Transports/SimpleWeb/SimpleWeb/Common/Message.cs
  artifactKey: Guid(f5d05d71b09d2714b96ffe80bc3d2a77) Importer(2089858483,192608db42251d675da83286b1cce702)
Start importing Assets/Mirror/Transports/SimpleWeb/SimpleWeb/Common/Message.cs using Guid(f5d05d71b09d2714b96ffe80bc3d2a77) Importer(2089858483,192608db42251d675da83286b1cce702) (ScriptedImporter) -> (artifact id: 'a60d27129232ffa33a6e1bfa812a2d8d') in 0.003917968 seconds
Number of updated asset objects reloaded before import = 0Number of asset objects unloaded after import = 0

========================================================================
Received Import Request.
  Time since last request: 0.000038 seconds.
  path: Assets/Mirror/Hosting/Edgegap/Editor/Api/Models/AppPortsData.cs
  artifactKey: Guid(b6d4864ea3706574fb35920c6fab46fa) Importer(2089858483,192608db42251d675da83286b1cce702)
Start importing Assets/Mirror/Hosting/Edgegap/Editor/Api/Models/AppPortsData.cs using Guid(b6d4864ea3706574fb35920c6fab46fa) Importer(2089858483,192608db42251d675da83286b1cce702) (ScriptedImporter) -> (artifact id: '51589202672cdbeed38e4ea7df88adb5') in 0.004458084 seconds
Number of updated asset objects reloaded before import = 0Number of asset objects unloaded after import = 0

========================================================================
Received Import Request.
  Time since last request: 0.000024 seconds.
  path: Assets/Mirror/Transports/SimpleWeb/SimpleWeb/Common/Constants.cs
  artifactKey: Guid(85d110a089d6ad348abf2d073ebce7cd) Importer(2089858483,192608db42251d675da83286b1cce702)
Start importing Assets/Mirror/Transports/SimpleWeb/SimpleWeb/Common/Constants.cs using Guid(85d110a089d6ad348abf2d073ebce7cd) Importer(2089858483,192608db42251d675da83286b1cce702) (ScriptedImporter) -> (artifact id: '6b203de66b4aa5c18567ef7fadf7f20b') in 0.003219604 seconds
Number of updated asset objects reloaded before import = 0Number of asset objects unloaded after import = 0

========================================================================
Received Import Request.
  Time since last request: 0.000023 seconds.
  path: Assets/Mirror/Transports/SimpleWeb/SimpleWeb/Common/EventType.cs
  artifactKey: Guid(2d9cd7d2b5229ab42a12e82ae17d0347) Importer(2089858483,192608db42251d675da83286b1cce702)
Start importing Assets/Mirror/Transports/SimpleWeb/SimpleWeb/Common/EventType.cs using Guid(2d9cd7d2b5229ab42a12e82ae17d0347) Importer(2089858483,192608db42251d675da83286b1cce702) (ScriptedImporter) -> (artifact id: 'a56e74345106c43d87e73ae1fe11261c') in 0.003464851 seconds
Number of updated asset objects reloaded before import = 0Number of asset objects unloaded after import = 0

========================================================================
Received Import Request.
  Time since last request: 0.000020 seconds.
  path: Assets/Mirror/Hosting/Edgegap/Editor/Api/Models/SessionData.cs
  artifactKey: Guid(5f9024e4ca5438e4788e461387313531) Importer(2089858483,192608db42251d675da83286b1cce702)
Start importing Assets/Mirror/Hosting/Edgegap/Editor/Api/Models/SessionData.cs using Guid(5f9024e4ca5438e4788e461387313531) Importer(2089858483,192608db42251d675da83286b1cce702) (ScriptedImporter) -> (artifact id: 'bab5bcf996b6638f51c4d44dd954d125') in 0.003783603 seconds
Number of updated asset objects reloaded before import = 0Number of asset objects unloaded after import = 0

========================================================================
Received Import Request.
  Time since last request: 0.000034 seconds.
  path: Assets/Mirror/Transports/SimpleWeb/SimpleWeb/Common/SendLoop.cs
  artifactKey: Guid(f87dd81736d9c824db67f808ac71841d) Importer(2089858483,192608db42251d675da83286b1cce702)
Start importing Assets/Mirror/Transports/SimpleWeb/SimpleWeb/Common/SendLoop.cs using Guid(f87dd81736d9c824db67f808ac71841d) Importer(2089858483,192608db42251d675da83286b1cce702) (ScriptedImporter) -> (artifact id: '8d528b9e4e5d360d8db2a144422cbca5') in 0.004690387 seconds
Number of updated asset objects reloaded before import = 0Number of asset objects unloaded after import = 0

========================================================================
Received Import Request.
  Time since last request: 0.000036 seconds.
  path: Assets/Mirror/Hosting/Edgegap/Editor/Api/Models/ProtocolType.cs
  artifactKey: Guid(be5acd63e783b364ebdbb783639e2d32) Importer(2089858483,192608db42251d675da83286b1cce702)
Start importing Assets/Mirror/Hosting/Edgegap/Editor/Api/Models/ProtocolType.cs using Guid(be5acd63e783b364ebdbb783639e2d32) Importer(2089858483,192608db42251d675da83286b1cce702) (ScriptedImporter) -> (artifact id: '11bd687998592623748f8fa1588501c9') in 0.003167728 seconds
Number of updated asset objects reloaded before import = 0Number of asset objects unloaded after import = 0

========================================================================
Received Import Request.
  Time since last request: 0.000023 seconds.
  path: Assets/Mirror/Examples/BenchmarkStinkySteak/Dependencies/Unity-Simulation-Timer/Runtime/SimulationTimer.cs
  artifactKey: Guid(c3dc5b6ba56d2c94b8078dc70de8d5c1) Importer(2089858483,192608db42251d675da83286b1cce702)
Start importing Assets/Mirror/Examples/BenchmarkStinkySteak/Dependencies/Unity-Simulation-Timer/Runtime/SimulationTimer.cs using Guid(c3dc5b6ba56d2c94b8078dc70de8d5c1) Importer(2089858483,192608db42251d675da83286b1cce702) (ScriptedImporter) -> (artifact id: '74da9d4e07d98c3f491c3745ab4574b5') in 0.004059924 seconds
Number of updated asset objects reloaded before import = 0Number of asset objects unloaded after import = 0

========================================================================
Received Import Request.
  Time since last request: 0.000011 seconds.
  path: Assets/Mirror/Hosting/Edgegap/Editor/Api/Models/LocationData.cs
  artifactKey: Guid(57eed0dbd556e074c992cf6599a1f6bd) Importer(2089858483,192608db42251d675da83286b1cce702)
Start importing Assets/Mirror/Hosting/Edgegap/Editor/Api/Models/LocationData.cs using Guid(57eed0dbd556e074c992cf6599a1f6bd) Importer(2089858483,192608db42251d675da83286b1cce702) (ScriptedImporter) -> (artifact id: '9470a5773b3b95aa8cd3d9994359a39d') in 0.00381326 seconds
Number of updated asset objects reloaded before import = 0Number of asset objects unloaded after import = 0

========================================================================
Received Import Request.
  Time since last request: 0.000015 seconds.
  path: Assets/Mirror/Transports/SimpleWeb/SimpleWeb/Common/Utils.cs
  artifactKey: Guid(4643ffb4cb0562847b1ae925d07e15b6) Importer(2089858483,192608db42251d675da83286b1cce702)
Start importing Assets/Mirror/Transports/SimpleWeb/SimpleWeb/Common/Utils.cs using Guid(4643ffb4cb0562847b1ae925d07e15b6) Importer(2089858483,192608db42251d675da83286b1cce702) (ScriptedImporter) -> (artifact id: '9c2d9a7f29fbe8cfa35d7148d803df27') in 0.003595291 seconds
Number of updated asset objects reloaded before import = 0Number of asset objects unloaded after import = 0

========================================================================
Received Import Request.
  Time since last request: 0.000037 seconds.
  path: Assets/Mirror/Hosting/Edgegap/Editor/Fonts/Src/BaronNeue.otf
  artifactKey: Guid(fb67205c672fbb04d829783b9f771fc9) Importer(2089858483,192608db42251d675da83286b1cce702)
Start importing Assets/Mirror/Hosting/Edgegap/Editor/Fonts/Src/BaronNeue.otf using Guid(fb67205c672fbb04d829783b9f771fc9) Importer(2089858483,192608db42251d675da83286b1cce702) (ScriptedImporter) -> (artifact id: '880d360dcfdf3b9958997d5113948bcf') in 0.020916129 seconds
Number of updated asset objects reloaded before import = 0Number of asset objects unloaded after import = 3

========================================================================
Received Import Request.
  Time since last request: 0.000046 seconds.
  path: Assets/Mirror/Hosting/Edgegap/Editor/Api/Models/DeploymentPortsData.cs
  artifactKey: Guid(62d51b44b8414c9f968ca607ccb06b7e) Importer(2089858483,192608db42251d675da83286b1cce702)
Start importing Assets/Mirror/Hosting/Edgegap/Editor/Api/Models/DeploymentPortsData.cs using Guid(62d51b44b8414c9f968ca607ccb06b7e) Importer(2089858483,192608db42251d675da83286b1cce702) (ScriptedImporter) -> (artifact id: '6f53d41dc94c4a7b5487b49b0719e974') in 0.003138854 seconds
Number of updated asset objects reloaded before import = 0Number of asset objects unloaded after import = 0

========================================================================
Received Import Request.
  Time since last request: 0.000013 seconds.
  path: Assets/Mirror/Transports/SimpleWeb/SimpleWeb/Common/TcpConfig.cs
  artifactKey: Guid(81ac8d35f28fab14b9edda5cd9d4fc86) Importer(2089858483,192608db42251d675da83286b1cce702)
Start importing Assets/Mirror/Transports/SimpleWeb/SimpleWeb/Common/TcpConfig.cs using Guid(81ac8d35f28fab14b9edda5cd9d4fc86) Importer(2089858483,192608db42251d675da83286b1cce702) (ScriptedImporter) -> (artifact id: '8bf43d70b36eca8286938f607eb3eb8c') in 0.003206358 seconds
Number of updated asset objects reloaded before import = 0Number of asset objects unloaded after import = 0

========================================================================
Received Import Request.
  Time since last request: 0.000022 seconds.
  path: Assets/Mirror/Hosting/Edgegap/Editor/Api/Models/VersionData.cs
  artifactKey: Guid(7dfe72e265bef484ea78bd7e105e0e77) Importer(2089858483,192608db42251d675da83286b1cce702)
Start importing Assets/Mirror/Hosting/Edgegap/Editor/Api/Models/VersionData.cs using Guid(7dfe72e265bef484ea78bd7e105e0e77) Importer(2089858483,192608db42251d675da83286b1cce702) (ScriptedImporter) -> (artifact id: '93782dbdc82428ec5de9ac73551bbe37') in 0.003755478 seconds
Number of updated asset objects reloaded before import = 0Number of asset objects unloaded after import = 0

========================================================================
Received Import Request.
  Time since last request: 0.000022 seconds.
  path: Assets/Mirror/Transports/Edgegap/EdgegapLobby/Models/LobbyJoinOrLeaveRequest.cs
  artifactKey: Guid(4091d555e62341f0ac30479952d517aa) Importer(2089858483,192608db42251d675da83286b1cce702)
Start importing Assets/Mirror/Transports/Edgegap/EdgegapLobby/Models/LobbyJoinOrLeaveRequest.cs using Guid(4091d555e62341f0ac30479952d517aa) Importer(2089858483,192608db42251d675da83286b1cce702) (ScriptedImporter) -> (artifact id: 'ad2fcee90ad2f1440defe165302ea353') in 0.004923676 seconds
Number of updated asset objects reloaded before import = 0Number of asset objects unloaded after import = 1

========================================================================
Received Import Request.
  Time since last request: 0.000032 seconds.
  path: Assets/Mirror/Hosting/Edgegap/Editor/Api/Models/Results/GetAppVersionsResult.cs
  artifactKey: Guid(39dff8eb2a96db14581701965c2663c2) Importer(2089858483,192608db42251d675da83286b1cce702)
Start importing Assets/Mirror/Hosting/Edgegap/Editor/Api/Models/Results/GetAppVersionsResult.cs using Guid(39dff8eb2a96db14581701965c2663c2) Importer(2089858483,192608db42251d675da83286b1cce702) (ScriptedImporter) -> (artifact id: '00de1281cff1bdbb19891ab9eb6d2b93') in 0.003541501 seconds
Number of updated asset objects reloaded before import = 0Number of asset objects unloaded after import = 0

========================================================================
Received Import Request.
  Time since last request: 0.000029 seconds.
  path: Assets/Mirror/Hosting/Edgegap/Editor/Api/Models/Results/EdgegapErrorResult.cs
  artifactKey: Guid(5b29093cb10cf3040b76f4fbe77a435d) Importer(2089858483,192608db42251d675da83286b1cce702)
Start importing Assets/Mirror/Hosting/Edgegap/Editor/Api/Models/Results/EdgegapErrorResult.cs using Guid(5b29093cb10cf3040b76f4fbe77a435d) Importer(2089858483,192608db42251d675da83286b1cce702) (ScriptedImporter) -> (artifact id: 'acd56d38f7543b2f5a75bdac118dcd9b') in 0.004182679 seconds
Number of updated asset objects reloaded before import = 0Number of asset objects unloaded after import = 0

========================================================================
Received Import Request.
  Time since last request: 0.000013 seconds.
  path: Assets/Mirror/Hosting/Edgegap/Editor/Api/Models/Results/GetDeploymentResult.cs
  artifactKey: Guid(87df84c48a738aa48b66d0c42aacb3db) Importer(2089858483,192608db42251d675da83286b1cce702)
Start importing Assets/Mirror/Hosting/Edgegap/Editor/Api/Models/Results/GetDeploymentResult.cs using Guid(87df84c48a738aa48b66d0c42aacb3db) Importer(2089858483,192608db42251d675da83286b1cce702) (ScriptedImporter) -> (artifact id: 'eb100fbd3dead037982e8954a96020da') in 0.002947502 seconds
Number of updated asset objects reloaded before import = 0Number of asset objects unloaded after import = 0

========================================================================
Received Import Request.
  Time since last request: 0.000019 seconds.
  path: Assets/Mirror/Hosting/Edgegap/Editor/Api/Models/Results/GetRegistryCredentialsResult.cs
  artifactKey: Guid(8e6af130c329d2b43b2f4b0dc8639477) Importer(2089858483,192608db42251d675da83286b1cce702)
Start importing Assets/Mirror/Hosting/Edgegap/Editor/Api/Models/Results/GetRegistryCredentialsResult.cs using Guid(8e6af130c329d2b43b2f4b0dc8639477) Importer(2089858483,192608db42251d675da83286b1cce702) (ScriptedImporter) -> (artifact id: '31647dd53c382cccc5732a23b8cd82e9') in 0.004733622 seconds
Number of updated asset objects reloaded before import = 0Number of asset objects unloaded after import = 0

========================================================================
Received Import Request.
  Time since last request: 0.000019 seconds.
  path: Assets/Mirror/Hosting/Edgegap/Editor/Api/Models/Requests/CreateAppRequest.cs
  artifactKey: Guid(0a492d7c515b8894ea30b37db6b7efe4) Importer(2089858483,192608db42251d675da83286b1cce702)
Start importing Assets/Mirror/Hosting/Edgegap/Editor/Api/Models/Requests/CreateAppRequest.cs using Guid(0a492d7c515b8894ea30b37db6b7efe4) Importer(2089858483,192608db42251d675da83286b1cce702) (ScriptedImporter) -> (artifact id: '328c48435836801c5d813a1a86f8b679') in 0.003512823 seconds
Number of updated asset objects reloaded before import = 0Number of asset objects unloaded after import = 0

========================================================================
Received Import Request.
  Time since last request: 0.000013 seconds.
  path: Assets/Mirror/Hosting/Edgegap/Editor/Api/Models/Results/GetCreateAppResult.cs
  artifactKey: Guid(a66c935238edd8846b1e9e9e19cfab70) Importer(2089858483,192608db42251d675da83286b1cce702)
Start importing Assets/Mirror/Hosting/Edgegap/Editor/Api/Models/Results/GetCreateAppResult.cs using Guid(a66c935238edd8846b1e9e9e19cfab70) Importer(2089858483,192608db42251d675da83286b1cce702) (ScriptedImporter) -> (artifact id: 'a69171aa05d1ab01322ce2b15dda9c87') in 0.0032231 seconds
Number of updated asset objects reloaded before import = 0Number of asset objects unloaded after import = 0

========================================================================
Received Import Request.
  Time since last request: 0.000058 seconds.
  path: Assets/Mirror/Examples/BenchmarkStinkySteak/Dependencies/netcode-benchmarker-util/Runtime/Scripts/BehaviourWrapper/IMoveWrapper.cs
  artifactKey: Guid(62941d180260d4743b36d0b3214ca3b4) Importer(2089858483,192608db42251d675da83286b1cce702)
Start importing Assets/Mirror/Examples/BenchmarkStinkySteak/Dependencies/netcode-benchmarker-util/Runtime/Scripts/BehaviourWrapper/IMoveWrapper.cs using Guid(62941d180260d4743b36d0b3214ca3b4) Importer(2089858483,192608db42251d675da83286b1cce702) (ScriptedImporter) -> (artifact id: '35fe60d2bb6b2dc36fc70c7598bbf287') in 0.005258997 seconds
Number of updated asset objects reloaded before import = 0Number of asset objects unloaded after import = 0

========================================================================
Received Import Request.
  Time since last request: 0.000019 seconds.
  path: Assets/Mirror/Hosting/Edgegap/Editor/Fonts/Src/Spartan/Spartan-Regular.ttf
  artifactKey: Guid(3445f8970e8fa734c96cef5ab98ddd61) Importer(2089858483,192608db42251d675da83286b1cce702)
Start importing Assets/Mirror/Hosting/Edgegap/Editor/Fonts/Src/Spartan/Spartan-Regular.ttf using Guid(3445f8970e8fa734c96cef5ab98ddd61) Importer(2089858483,192608db42251d675da83286b1cce702) (ScriptedImporter) -> (artifact id: '05b89a73c71361a365d75749ee04fdfd') in 0.016222346 seconds
Number of updated asset objects reloaded before import = 0Number of asset objects unloaded after import = 3

========================================================================
Received Import Request.
  Time since last request: 0.000048 seconds.
  path: Assets/Mirror/Examples/BenchmarkStinkySteak/Dependencies/netcode-benchmarker-util/Runtime/Shaders/Unlit.shader
  artifactKey: Guid(2126a83145dd7bc48959270850637c77) Importer(2089858483,192608db42251d675da83286b1cce702)
Start importing Assets/Mirror/Examples/BenchmarkStinkySteak/Dependencies/netcode-benchmarker-util/Runtime/Shaders/Unlit.shader using Guid(2126a83145dd7bc48959270850637c77) Importer(2089858483,192608db42251d675da83286b1cce702) (ScriptedImporter) -> (artifact id: '3beba72712737c00355c83bad2ded830') in 0.005059184 seconds
Number of updated asset objects reloaded before import = 0Number of asset objects unloaded after import = 1

========================================================================
Received Import Request.
  Time since last request: 0.000019 seconds.
  path: Assets/Mirror/Hosting/Edgegap/Editor/Api/Models/Results/UpsertAppVersionResult.cs
  artifactKey: Guid(a7dde7d59c66d8c44b86af35e853f9f5) Importer(2089858483,192608db42251d675da83286b1cce702)
Start importing Assets/Mirror/Hosting/Edgegap/Editor/Api/Models/Results/UpsertAppVersionResult.cs using Guid(a7dde7d59c66d8c44b86af35e853f9f5) Importer(2089858483,192608db42251d675da83286b1cce702) (ScriptedImporter) -> (artifact id: '027f826194b9d2dea7d0c8b05b5c8c64') in 0.003848605 seconds
Number of updated asset objects reloaded before import = 0Number of asset objects unloaded after import = 0

========================================================================
Received Import Request.
  Time since last request: 0.000065 seconds.
  path: Assets/Mirror/Hosting/Edgegap/Editor/Api/Models/Results/GetYourPublicIpResult.cs
  artifactKey: Guid(73c9651ef0fdfcb449ec0120016963a0) Importer(2089858483,192608db42251d675da83286b1cce702)
Start importing Assets/Mirror/Hosting/Edgegap/Editor/Api/Models/Results/GetYourPublicIpResult.cs using Guid(73c9651ef0fdfcb449ec0120016963a0) Importer(2089858483,192608db42251d675da83286b1cce702) (ScriptedImporter) -> (artifact id: '0ef5f77d64e3bc39381172e9efecdbf7') in 0.003526001 seconds
Number of updated asset objects reloaded before import = 0Number of asset objects unloaded after import = 0

========================================================================
Received Import Request.
  Time since last request: 0.000017 seconds.
  path: Assets/Mirror/Examples/BenchmarkStinkySteak/Dependencies/netcode-benchmarker-util/Runtime/Scripts/BehaviourWrapper/SinRandomMoveWrapper.cs
  artifactKey: Guid(3584eba3ddc985c409f283d204fea105) Importer(2089858483,192608db42251d675da83286b1cce702)
Start importing Assets/Mirror/Examples/BenchmarkStinkySteak/Dependencies/netcode-benchmarker-util/Runtime/Scripts/BehaviourWrapper/SinRandomMoveWrapper.cs using Guid(3584eba3ddc985c409f283d204fea105) Importer(2089858483,192608db42251d675da83286b1cce702) (ScriptedImporter) -> (artifact id: '76c7de19019dae2f51f24e81a5138197') in 0.004577228 seconds
Number of updated asset objects reloaded before import = 0Number of asset objects unloaded after import = 0

========================================================================
Received Import Request.
  Time since last request: 0.000018 seconds.
  path: Assets/Mirror/Hosting/Edgegap/Editor/Api/Models/Requests/UpdateAppVersionRequest.cs
  artifactKey: Guid(8da9712633ee1e64faca0b960d4bed31) Importer(2089858483,192608db42251d675da83286b1cce702)
Start importing Assets/Mirror/Hosting/Edgegap/Editor/Api/Models/Requests/UpdateAppVersionRequest.cs using Guid(8da9712633ee1e64faca0b960d4bed31) Importer(2089858483,192608db42251d675da83286b1cce702) (ScriptedImporter) -> (artifact id: '85295b35433a581e030f6090c040578e') in 0.003696693 seconds
Number of updated asset objects reloaded before import = 0Number of asset objects unloaded after import = 0

========================================================================
Received Import Request.
  Time since last request: 0.000022 seconds.
  path: Assets/Mirror/Examples/BenchmarkStinkySteak/Dependencies/netcode-benchmarker-util/Runtime/Shaders/Unlit.mat
  artifactKey: Guid(aa7b0f2a00af4ef4bac3c70fb2c798eb) Importer(2089858483,192608db42251d675da83286b1cce702)
Start importing Assets/Mirror/Examples/BenchmarkStinkySteak/Dependencies/netcode-benchmarker-util/Runtime/Shaders/Unlit.mat using Guid(aa7b0f2a00af4ef4bac3c70fb2c798eb) Importer(2089858483,192608db42251d675da83286b1cce702) (ScriptedImporter) -> (artifact id: '11172805264341fb48a3a14c7961f922') in 0.009128564 seconds
Number of updated asset objects reloaded before import = 0Number of asset objects unloaded after import = 1

========================================================================
Received Import Request.
  Time since last request: 0.000012 seconds.
  path: Assets/Mirror/Examples/BenchmarkStinkySteak/Main.unity
  artifactKey: Guid(9fc0d4010bbf28b4594072e72b8655ab) Importer(2089858483,192608db42251d675da83286b1cce702)
Start importing Assets/Mirror/Examples/BenchmarkStinkySteak/Main.unity using Guid(9fc0d4010bbf28b4594072e72b8655ab) Importer(2089858483,192608db42251d675da83286b1cce702) (ScriptedImporter) -> (artifact id: '960945e4a5874692f1544b3649a13db7') in 0.004092634 seconds
Number of updated asset objects reloaded before import = 0Number of asset objects unloaded after import = 1

========================================================================
Received Import Request.
  Time since last request: 0.000023 seconds.
  path: Assets/Mirror/Examples/CharacterSelection/MirrorCharacterSelectionPreScene.unity
  artifactKey: Guid(7d4f83306961f4c03ab43038a1801ab2) Importer(2089858483,192608db42251d675da83286b1cce702)
Start importing Assets/Mirror/Examples/CharacterSelection/MirrorCharacterSelectionPreScene.unity using Guid(7d4f83306961f4c03ab43038a1801ab2) Importer(2089858483,192608db42251d675da83286b1cce702) (ScriptedImporter) -> (artifact id: 'b55e04b40583f775b08df1af6a0bc51b') in 0.004335461 seconds
Number of updated asset objects reloaded before import = 0Number of asset objects unloaded after import = 1

========================================================================
Received Import Request.
  Time since last request: 0.000023 seconds.
  path: Assets/Mirror/Hosting/Edgegap/Models/SDK/StaticSitesList.cs
  artifactKey: Guid(628328aae2b318d42ae119daa9d29380) Importer(2089858483,192608db42251d675da83286b1cce702)
Start importing Assets/Mirror/Hosting/Edgegap/Models/SDK/StaticSitesList.cs using Guid(628328aae2b318d42ae119daa9d29380) Importer(2089858483,192608db42251d675da83286b1cce702) (ScriptedImporter) -> (artifact id: '486f55875514c11be1857e1f1b0a3555') in 0.004007933 seconds
Number of updated asset objects reloaded before import = 0Number of asset objects unloaded after import = 0

========================================================================
Received Import Request.
  Time since last request: 0.000018 seconds.
  path: Assets/Mirror/Examples/TankTheftAuto/Prefabs/PlayerUnreliable.prefab
  artifactKey: Guid(eb1c655bdd46c2f4d9a6c48490fa1a5f) Importer(2089858483,192608db42251d675da83286b1cce702)
Start importing Assets/Mirror/Examples/TankTheftAuto/Prefabs/PlayerUnreliable.prefab using Guid(eb1c655bdd46c2f4d9a6c48490fa1a5f) Importer(2089858483,192608db42251d675da83286b1cce702) (ScriptedImporter) -> (artifact id: '392a36f4cac513201a171ea639355c58') in 0.047028597 seconds
Number of updated asset objects reloaded before import = 0Number of asset objects unloaded after import = 164

========================================================================
Received Import Request.
  Time since last request: 0.000030 seconds.
  path: Assets/Mirror/Examples/Snapshot Interpolation/ClientMaterial.mat
  artifactKey: Guid(f17cbcb3229954975ab0818845a2c17f) Importer(2089858483,192608db42251d675da83286b1cce702)
Start importing Assets/Mirror/Examples/Snapshot Interpolation/ClientMaterial.mat using Guid(f17cbcb3229954975ab0818845a2c17f) Importer(2089858483,192608db42251d675da83286b1cce702) (ScriptedImporter) -> (artifact id: 'de164f985a156f9a6a1749e967c40bd0') in 0.005060051 seconds
Number of updated asset objects reloaded before import = 0Number of asset objects unloaded after import = 1

========================================================================
Received Import Request.
  Time since last request: 0.000028 seconds.
  path: Assets/Mirror/Editor/Weaver/EntryPointILPostProcessor/ILPostProcessorReflectionImporterProvider.cs
  artifactKey: Guid(a1003b568bad4e69b961c4c81d5afd96) Importer(2089858483,192608db42251d675da83286b1cce702)
Start importing Assets/Mirror/Editor/Weaver/EntryPointILPostProcessor/ILPostProcessorReflectionImporterProvider.cs using Guid(a1003b568bad4e69b961c4c81d5afd96) Importer(2089858483,192608db42251d675da83286b1cce702) (ScriptedImporter) -> (artifact id: 'f3177ee11bb4ac86aa534094b80bd7f5') in 0.003289347 seconds
Number of updated asset objects reloaded before import = 0Number of asset objects unloaded after import = 0

========================================================================
Received Import Request.
  Time since last request: 0.000027 seconds.
  path: Assets/Mirror/Examples/Billiards/_Readme.txt
  artifactKey: Guid(36025784d9cce45349813205c53f1153) Importer(2089858483,192608db42251d675da83286b1cce702)
Start importing Assets/Mirror/Examples/Billiards/_Readme.txt using Guid(36025784d9cce45349813205c53f1153) Importer(2089858483,192608db42251d675da83286b1cce702) (ScriptedImporter) -> (artifact id: 'ff37156cef00dc7e6ae3dcf44583cd7a') in 0.003254056 seconds
Number of updated asset objects reloaded before import = 0Number of asset objects unloaded after import = 1

========================================================================
Received Import Request.
  Time since last request: 0.000022 seconds.
  path: Assets/Mirror/Hosting/Edgegap/Dependencies/HttpEncoder.cs
  artifactKey: Guid(3c9f699c227f48e381db521abe59c2e1) Importer(2089858483,192608db42251d675da83286b1cce702)
Start importing Assets/Mirror/Hosting/Edgegap/Dependencies/HttpEncoder.cs using Guid(3c9f699c227f48e381db521abe59c2e1) Importer(2089858483,192608db42251d675da83286b1cce702) (ScriptedImporter) -> (artifact id: '6b905ed42609a065179b4bd21717393c') in 0.004681144 seconds
Number of updated asset objects reloaded before import = 0Number of asset objects unloaded after import = 0

========================================================================
Received Import Request.
  Time since last request: 0.000020 seconds.
  path: Assets/Mirror/Examples/Billiards/Ball/Ball.physicMaterial
  artifactKey: Guid(b70c4b1c659c647859a8491848d4b145) Importer(2089858483,192608db42251d675da83286b1cce702)
Start importing Assets/Mirror/Examples/Billiards/Ball/Ball.physicMaterial using Guid(b70c4b1c659c647859a8491848d4b145) Importer(2089858483,192608db42251d675da83286b1cce702) (ScriptedImporter) -> (artifact id: '0e61e306f7e6dda2078d9be9a0bf018c') in 0.003104922 seconds
Number of updated asset objects reloaded before import = 0Number of asset objects unloaded after import = 1

========================================================================
Received Import Request.
  Time since last request: 0.000011 seconds.
  path: Assets/Mirror/Examples/AdditiveLevels/Materials/Ground.mat
  artifactKey: Guid(20d755ab53045e545ab0b6e59c710ed9) Importer(2089858483,192608db42251d675da83286b1cce702)
Start importing Assets/Mirror/Examples/AdditiveLevels/Materials/Ground.mat using Guid(20d755ab53045e545ab0b6e59c710ed9) Importer(2089858483,192608db42251d675da83286b1cce702) (ScriptedImporter) -> (artifact id: '805e435a5e698f20fe14934c2222d189') in 0.004750046 seconds
Number of updated asset objects reloaded before import = 0Number of asset objects unloaded after import = 1

========================================================================
Received Import Request.
  Time since last request: 0.000016 seconds.
  path: Assets/Mirror/Transports/KCP/kcp2k/highlevel/KcpConfig.cs
  artifactKey: Guid(99692f99c45c4b47b0500e7abbfd12da) Importer(2089858483,192608db42251d675da83286b1cce702)
Start importing Assets/Mirror/Transports/KCP/kcp2k/highlevel/KcpConfig.cs using Guid(99692f99c45c4b47b0500e7abbfd12da) Importer(2089858483,192608db42251d675da83286b1cce702) (ScriptedImporter) -> (artifact id: '914d59726d340d18e2caf03c23562fce') in 0.004464794 seconds
Number of updated asset objects reloaded before import = 0Number of asset objects unloaded after import = 0

========================================================================
Received Import Request.
  Time since last request: 0.000017 seconds.
  path: Assets/Mirror/Examples/BenchmarkIdle/Npc.prefab
  artifactKey: Guid(0ea79775d59804682a8cdd46b3811344) Importer(2089858483,192608db42251d675da83286b1cce702)
Start importing Assets/Mirror/Examples/BenchmarkIdle/Npc.prefab using Guid(0ea79775d59804682a8cdd46b3811344) Importer(2089858483,192608db42251d675da83286b1cce702) (ScriptedImporter) -> (artifact id: '292c5a8bf25c5e44d1910bd556cb0774') in 0.01138551 seconds
Number of updated asset objects reloaded before import = 0Number of asset objects unloaded after import = 8

========================================================================
Received Import Request.
  Time since last request: 0.000019 seconds.
  path: Assets/Mirror/Examples/CharacterSelection/MirrorCharacterSelectionNoCharacter.unity
  artifactKey: Guid(a8a73128beb4248aca152ab0364c5abc) Importer(2089858483,192608db42251d675da83286b1cce702)
Start importing Assets/Mirror/Examples/CharacterSelection/MirrorCharacterSelectionNoCharacter.unity using Guid(a8a73128beb4248aca152ab0364c5abc) Importer(2089858483,192608db42251d675da83286b1cce702) (ScriptedImporter) -> (artifact id: '20ce4e3dae954d47f47a02eecc154391') in 0.016957172 seconds
Number of updated asset objects reloaded before import = 0Number of asset objects unloaded after import = 1

========================================================================
Received Import Request.
  Time since last request: 0.000022 seconds.
  path: Assets/Mirror/Core/NetworkDiagnostics.cs
  artifactKey: Guid(c3754b39e5f8740fd93f3337b2c4274e) Importer(2089858483,192608db42251d675da83286b1cce702)
Start importing Assets/Mirror/Core/NetworkDiagnostics.cs using Guid(c3754b39e5f8740fd93f3337b2c4274e) Importer(2089858483,192608db42251d675da83286b1cce702) (ScriptedImporter) -> (artifact id: '32b398f139753c0c24f0a168ce61ff3b') in 0.00406204 seconds
Number of updated asset objects reloaded before import = 0Number of asset objects unloaded after import = 1

========================================================================
Received Import Request.
  Time since last request: 0.000022 seconds.
  path: Assets/Mirror/Examples/StackedPrediction/NetworkManagerStackedPrediction.cs
  artifactKey: Guid(fe94388660a5e45688a685723da14b57) Importer(2089858483,192608db42251d675da83286b1cce702)
Start importing Assets/Mirror/Examples/StackedPrediction/NetworkManagerStackedPrediction.cs using Guid(fe94388660a5e45688a685723da14b57) Importer(2089858483,192608db42251d675da83286b1cce702) (ScriptedImporter) -> (artifact id: '465f7664ec60766771149c9b58ac367e') in 0.003553395 seconds
Number of updated asset objects reloaded before import = 0Number of asset objects unloaded after import = 0

========================================================================
Received Import Request.
  Time since last request: 0.000014 seconds.
  path: Assets/Mirror/Examples/CCU/Monster.prefab
  artifactKey: Guid(d0f3b049f6bef4cc6930c57a2146ca52) Importer(2089858483,192608db42251d675da83286b1cce702)
Start importing Assets/Mirror/Examples/CCU/Monster.prefab using Guid(d0f3b049f6bef4cc6930c57a2146ca52) Importer(2089858483,192608db42251d675da83286b1cce702) (ScriptedImporter) -> (artifact id: '640516b7e3a4b9db78e6a69fcab8e806') in 0.013178546 seconds
Number of updated asset objects reloaded before import = 0Number of asset objects unloaded after import = 9

========================================================================
Received Import Request.
  Time since last request: 0.000062 seconds.
  path: Assets/Mirror/Examples/CouchCoop/Materials/MaterialColliders.mat
  artifactKey: Guid(ff8e460bc150b4fd2a6a41c94d7ef532) Importer(2089858483,192608db42251d675da83286b1cce702)
Start importing Assets/Mirror/Examples/CouchCoop/Materials/MaterialColliders.mat using Guid(ff8e460bc150b4fd2a6a41c94d7ef532) Importer(2089858483,192608db42251d675da83286b1cce702) (ScriptedImporter) -> (artifact id: 'ae582181c2168826d7b3079edd2b32d6') in 0.004917012 seconds
Number of updated asset objects reloaded before import = 0Number of asset objects unloaded after import = 1

========================================================================
Received Import Request.
  Time since last request: 0.000021 seconds.
  path: Assets/Mirror/Examples/AdditiveScenes/Materials/Shelter.mat
  artifactKey: Guid(aef230244d219314fb8453f0365b8176) Importer(2089858483,192608db42251d675da83286b1cce702)
Start importing Assets/Mirror/Examples/AdditiveScenes/Materials/Shelter.mat using Guid(aef230244d219314fb8453f0365b8176) Importer(2089858483,192608db42251d675da83286b1cce702) (ScriptedImporter) -> (artifact id: '07d5343b8f7919605382d04e30fea6ec') in 0.004092048 seconds
Number of updated asset objects reloaded before import = 0Number of asset objects unloaded after import = 1

========================================================================
Received Import Request.
  Time since last request: 0.000017 seconds.
  path: Assets/Mirror/Examples/AdditiveScenes/Prefabs/Zone.prefab
  artifactKey: Guid(de939020b5e2aa5489ebcc4002d75d54) Importer(2089858483,192608db42251d675da83286b1cce702)
Start importing Assets/Mirror/Examples/AdditiveScenes/Prefabs/Zone.prefab using Guid(de939020b5e2aa5489ebcc4002d75d54) Importer(2089858483,192608db42251d675da83286b1cce702) (ScriptedImporter) -> (artifact id: 'aac89a6604bf193493576fb0fe66bc29') in 0.005880312 seconds
Number of updated asset objects reloaded before import = 0Number of asset objects unloaded after import = 6

========================================================================
Received Import Request.
  Time since last request: 0.000042 seconds.
  path: Assets/Mirror/Examples/BenchmarkIdle/Npc.cs
  artifactKey: Guid(112eda4d75f3840238a75926c4d465bf) Importer(2089858483,192608db42251d675da83286b1cce702)
Start importing Assets/Mirror/Examples/BenchmarkIdle/Npc.cs using Guid(112eda4d75f3840238a75926c4d465bf) Importer(2089858483,192608db42251d675da83286b1cce702) (ScriptedImporter) -> (artifact id: '265b449591b7713b16c28bc97459a64d') in 0.006430141 seconds
Number of updated asset objects reloaded before import = 0Number of asset objects unloaded after import = 0

========================================================================
Received Import Request.
  Time since last request: 0.000022 seconds.
  path: Assets/TextMesh Pro/Sprites/EmojiOne Attribution.txt
  artifactKey: Guid(381dcb09d5029d14897e55f98031fca5) Importer(2089858483,192608db42251d675da83286b1cce702)
Start importing Assets/TextMesh Pro/Sprites/EmojiOne Attribution.txt using Guid(381dcb09d5029d14897e55f98031fca5) Importer(2089858483,192608db42251d675da83286b1cce702) (ScriptedImporter) -> (artifact id: '022e4555957d492b460c9b1909c0336a') in 0.004457409 seconds
Number of updated asset objects reloaded before import = 0Number of asset objects unloaded after import = 1

========================================================================
Received Import Request.
  Time since last request: 0.000014 seconds.
  path: Assets/Mirror/Examples/PlayerTest/PlayerTestScene.unity
  artifactKey: Guid(2eee477bd391ecc4ba9ca46b6f8b86e3) Importer(2089858483,192608db42251d675da83286b1cce702)
Start importing Assets/Mirror/Examples/PlayerTest/PlayerTestScene.unity using Guid(2eee477bd391ecc4ba9ca46b6f8b86e3) Importer(2089858483,192608db42251d675da83286b1cce702) (ScriptedImporter) -> (artifact id: '411120ac78e2b466764142af52ac76ff') in 0.013723839 seconds
Number of updated asset objects reloaded before import = 0Number of asset objects unloaded after import = 1

========================================================================
Received Import Request.
  Time since last request: 0.000018 seconds.
  path: Assets/Mirror/Presets/Network Transform (Unreliable)/ClientAuth-Casual.preset
  artifactKey: Guid(11dbda2b964884128b2bd209f9e5cead) Importer(2089858483,192608db42251d675da83286b1cce702)
Start importing Assets/Mirror/Presets/Network Transform (Unreliable)/ClientAuth-Casual.preset using Guid(11dbda2b964884128b2bd209f9e5cead) Importer(2089858483,192608db42251d675da83286b1cce702) (ScriptedImporter) -> (artifact id: '62e03f16e306402ead92fa209815aa68') in 0.006078082 seconds
Number of updated asset objects reloaded before import = 0Number of asset objects unloaded after import = 1

========================================================================
Received Import Request.
  Time since last request: 0.000043 seconds.
  path: Assets/Mirror/Examples/CouchCoop/Prefabs/CouchPlayer.prefab
  artifactKey: Guid(c5eb745ce31f9439f9bb3fe7c091ad27) Importer(2089858483,192608db42251d675da83286b1cce702)
Start importing Assets/Mirror/Examples/CouchCoop/Prefabs/CouchPlayer.prefab using Guid(c5eb745ce31f9439f9bb3fe7c091ad27) Importer(2089858483,192608db42251d675da83286b1cce702) (ScriptedImporter) -> (artifact id: '4aa06e42a6e65a18bc3934eae49c2de0') in 0.033234633 seconds
Number of updated asset objects reloaded before import = 0Number of asset objects unloaded after import = 29

========================================================================
Received Import Request.
  Time since last request: 0.000023 seconds.
  path: Assets/Mirror/Core/SnapshotInterpolation/SnapshotInterpolationSettings.cs
  artifactKey: Guid(f955b76b7956417088c03992b3622dc9) Importer(2089858483,192608db42251d675da83286b1cce702)
Start importing Assets/Mirror/Core/SnapshotInterpolation/SnapshotInterpolationSettings.cs using Guid(f955b76b7956417088c03992b3622dc9) Importer(2089858483,192608db42251d675da83286b1cce702) (ScriptedImporter) -> (artifact id: 'cd802ad7fb82482c8241532d48457ee2') in 0.005840854 seconds
Number of updated asset objects reloaded before import = 0Number of asset objects unloaded after import = 0

========================================================================
Received Import Request.
  Time since last request: 0.000017 seconds.
  path: Assets/Mirror/Editor/Weaver/EntryPointILPostProcessor/ILPostProcessorAssemblyResolver.cs
  artifactKey: Guid(0b3e94696e22440ead0b3a42411bbe14) Importer(2089858483,192608db42251d675da83286b1cce702)
Start importing Assets/Mirror/Editor/Weaver/EntryPointILPostProcessor/ILPostProcessorAssemblyResolver.cs using Guid(0b3e94696e22440ead0b3a42411bbe14) Importer(2089858483,192608db42251d675da83286b1cce702) (ScriptedImporter) -> (artifact id: 'bb2b13858d7703e4c3535f28b39da60d') in 0.00478796 seconds
Number of updated asset objects reloaded before import = 0Number of asset objects unloaded after import = 0

========================================================================
Received Import Request.
  Time since last request: 0.000089 seconds.
  path: Assets/Mirror/Transports/KCP/kcp2k/highlevel/KcpPeer.cs
  artifactKey: Guid(3915c7c62b72d4dc2a9e4e76c94fc484) Importer(2089858483,192608db42251d675da83286b1cce702)
Start importing Assets/Mirror/Transports/KCP/kcp2k/highlevel/KcpPeer.cs using Guid(3915c7c62b72d4dc2a9e4e76c94fc484) Importer(2089858483,192608db42251d675da83286b1cce702) (ScriptedImporter) -> (artifact id: '951e4ba96fc6b1af3828f6d01f056a5e') in 0.003720837 seconds
Number of updated asset objects reloaded before import = 0Number of asset objects unloaded after import = 0

========================================================================
Received Prepare
Begin MonoManager ReloadAssembly
- Loaded All Assemblies, in  0.733 seconds
Refreshing native plugins compatible for Editor in 0.50 ms, found 1 plugins.
Native extension for LinuxStandalone target not found
Edgegap requires Json.NET to be imported to function. To import Json.NET navigate to Window -> Package Manager -> Click the + symbol and choose 'Add package by name' -> com.unity.nuget.newtonsoft-json -> Leave version blank and click Add. If you are not currently using Edgegap you may ignore this message.
UnityEngine.Debug:ExtractStackTraceNoAlloc (byte*,int,string)
UnityEngine.StackTraceUtility:ExtractStackTrace () (at /home/bokken/build/output/unity/unity/Runtime/Export/Scripting/StackTrace.cs:37)
UnityEngine.DebugLogHandler:Internal_Log (UnityEngine.LogType,UnityEngine.LogOption,string,UnityEngine.Object)
UnityEngine.DebugLogHandler:LogFormat (UnityEngine.LogType,UnityEngine.Object,string,object[])
UnityEngine.Logger:Log (UnityEngine.LogType,object)
UnityEngine.Debug:LogWarning (object)
Newtonsoft.Json.FallbackDisplayer:Initialize () (at Assets/Mirror/Hosting/Edgegap/Newtonsoft_Package_Patch.cs:47)
System.Reflection.RuntimeMethodInfo:Invoke (object,System.Reflection.BindingFlags,System.Reflection.Binder,object[],System.Globalization.CultureInfo)
System.Reflection.MethodBase:Invoke (object,object[])
UnityEditor.EditorAssemblies:ProcessInitializeOnLoadMethodAttributes () (at /home/bokken/build/output/unity/unity/Editor/Mono/EditorAssemblies.cs:142)

(Filename: Assets/Mirror/Hosting/Edgegap/Newtonsoft_Package_Patch.cs Line: 47)

Mono: successfully reloaded assembly
- Finished resetting the current domain, in  1.197 seconds
Domain Reload Profiling: 1933ms
	BeginReloadAssembly (201ms)
		ExecutionOrderSort (0ms)
		DisableScriptedObjects (13ms)
		BackupInstance (0ms)
		ReleaseScriptingObjects (0ms)
		CreateAndSetChildDomain (101ms)
	RebuildCommonClasses (39ms)
	RebuildNativeTypeToScriptingClass (9ms)
	initialDomainReloadingComplete (25ms)
	LoadAllAssembliesAndSetupDomain (461ms)
		LoadAssemblies (270ms)
		RebuildTransferFunctionScriptingTraits (0ms)
		AnalyzeDomain (238ms)
			TypeCache.Refresh (8ms)
				TypeCache.ScanAssembly (0ms)
			BuildScriptInfoCaches (213ms)
			ResolveRequiredComponents (14ms)
	FinalizeReload (1198ms)
		ReleaseScriptCaches (0ms)
		RebuildScriptCaches (0ms)
		SetupLoadedEditorAssemblies (846ms)
			LogAssemblyErrors (0ms)
			InitializePlatformSupportModulesInManaged (3ms)
			SetLoadedEditorAssemblies (4ms)
			BeforeProcessingInitializeOnLoad (70ms)
			ProcessInitializeOnLoadAttributes (670ms)
			ProcessInitializeOnLoadMethodAttributes (93ms)
			AfterProcessingInitializeOnLoad (6ms)
			EditorAssembliesLoaded (0ms)
		ExecutionOrderSort2 (0ms)
		AwakeInstancesAfterBackupRestoration (12ms)
Shader Hidden/ProbeVolume/VoxelizeScene is not supported: GPU does not support conservative rasterization
Refreshing native plugins compatible for Editor in 0.69 ms, found 1 plugins.
Preloading 0 native plugins for Editor in 0.00 ms.
Unloading 14 Unused Serialized files (Serialized files now loaded: 0)
Unloading 7245 unused Assets / (5.5 MB). Loaded Objects now: 8229.
Memory consumption went from 169.3 MB to 163.8 MB.
Total: 16.430062 ms (FindLiveObjects: 0.853568 ms CreateObjectMapping: 0.792008 ms MarkObjects: 9.545666 ms  DeleteObjects: 5.236603 ms)

Prepare: number of updated asset objects reloaded= 0
========================================================================
Received Import Request.
  Time since last request: 49.865618 seconds.
  path: Assets/Prefabs/GameNode.prefab
  artifactKey: Guid(050b4b194631cbdb094db1ba4ccc2720) Importer(815301076,1909f56bfc062723c751e8b465ee728b)
Start importing Assets/Prefabs/GameNode.prefab using Guid(050b4b194631cbdb094db1ba4ccc2720) Importer(815301076,1909f56bfc062723c751e8b465ee728b) (PreviewImporter) -> (artifact id: 'ca33963ccabbde8e3da482028b8acb7a') in 0.499921962 seconds
Number of updated asset objects reloaded before import = 0Number of asset objects unloaded after import = 9

========================================================================
Received Prepare
Begin MonoManager ReloadAssembly
- Loaded All Assemblies, in  0.740 seconds
Refreshing native plugins compatible for Editor in 0.47 ms, found 1 plugins.
Native extension for LinuxStandalone target not found
Mono: successfully reloaded assembly
- Finished resetting the current domain, in  1.132 seconds
Domain Reload Profiling: 1874ms
	BeginReloadAssembly (203ms)
		ExecutionOrderSort (0ms)
		DisableScriptedObjects (26ms)
		BackupInstance (0ms)
		ReleaseScriptingObjects (0ms)
		CreateAndSetChildDomain (83ms)
	RebuildCommonClasses (38ms)
	RebuildNativeTypeToScriptingClass (9ms)
	initialDomainReloadingComplete (25ms)
	LoadAllAssembliesAndSetupDomain (467ms)
		LoadAssemblies (283ms)
		RebuildTransferFunctionScriptingTraits (0ms)
		AnalyzeDomain (238ms)
			TypeCache.Refresh (9ms)
				TypeCache.ScanAssembly (0ms)
			BuildScriptInfoCaches (214ms)
			ResolveRequiredComponents (12ms)
	FinalizeReload (1132ms)
		ReleaseScriptCaches (0ms)
		RebuildScriptCaches (0ms)
		SetupLoadedEditorAssemblies (803ms)
			LogAssemblyErrors (0ms)
			InitializePlatformSupportModulesInManaged (3ms)
			SetLoadedEditorAssemblies (4ms)
			BeforeProcessingInitializeOnLoad (70ms)
			ProcessInitializeOnLoadAttributes (628ms)
			ProcessInitializeOnLoadMethodAttributes (91ms)
			AfterProcessingInitializeOnLoad (6ms)
			EditorAssembliesLoaded (0ms)
		ExecutionOrderSort2 (0ms)
		AwakeInstancesAfterBackupRestoration (13ms)
Shader Hidden/ProbeVolume/VoxelizeScene is not supported: GPU does not support conservative rasterization
Refreshing native plugins compatible for Editor in 0.56 ms, found 1 plugins.
Preloading 0 native plugins for Editor in 0.00 ms.
Unloading 13 Unused Serialized files (Serialized files now loaded: 0)
Unloading 7243 unused Assets / (4.4 MB). Loaded Objects now: 8253.
Memory consumption went from 170.8 MB to 166.4 MB.
Total: 17.025349 ms (FindLiveObjects: 1.389182 ms CreateObjectMapping: 1.277967 ms MarkObjects: 10.011090 ms  DeleteObjects: 4.344351 ms)

Prepare: number of updated asset objects reloaded= 1
========================================================================
Received Import Request.
  Time since last request: 60.121764 seconds.
  path: Assets/Prefabs/GameNode.prefab
  artifactKey: Guid(050b4b194631cbdb094db1ba4ccc2720) Importer(815301076,1909f56bfc062723c751e8b465ee728b)
Start importing Assets/Prefabs/GameNode.prefab using Guid(050b4b194631cbdb094db1ba4ccc2720) Importer(815301076,1909f56bfc062723c751e8b465ee728b) (PreviewImporter) -> (artifact id: 'ca33963ccabbde8e3da482028b8acb7a') in 0.552316823 seconds
Number of updated asset objects reloaded before import = 0Number of asset objects unloaded after import = 9

========================================================================
Received Prepare
Begin MonoManager ReloadAssembly
- Loaded All Assemblies, in  1.050 seconds
Refreshing native plugins compatible for Editor in 0.90 ms, found 1 plugins.
Native extension for LinuxStandalone target not found
Mono: successfully reloaded assembly
- Finished resetting the current domain, in  1.849 seconds
Domain Reload Profiling: 2904ms
	BeginReloadAssembly (256ms)
		ExecutionOrderSort (0ms)
		DisableScriptedObjects (26ms)
		BackupInstance (0ms)
		ReleaseScriptingObjects (0ms)
		CreateAndSetChildDomain (133ms)
	RebuildCommonClasses (48ms)
	RebuildNativeTypeToScriptingClass (11ms)
	initialDomainReloadingComplete (29ms)
	LoadAllAssembliesAndSetupDomain (711ms)
		LoadAssemblies (324ms)
		RebuildTransferFunctionScriptingTraits (0ms)
		AnalyzeDomain (432ms)
			TypeCache.Refresh (11ms)
				TypeCache.ScanAssembly (0ms)
			BuildScriptInfoCaches (391ms)
			ResolveRequiredComponents (24ms)
	FinalizeReload (1850ms)
		ReleaseScriptCaches (0ms)
		RebuildScriptCaches (0ms)
		SetupLoadedEditorAssemblies (1318ms)
			LogAssemblyErrors (0ms)
			InitializePlatformSupportModulesInManaged (5ms)
			SetLoadedEditorAssemblies (7ms)
			BeforeProcessingInitializeOnLoad (150ms)
			ProcessInitializeOnLoadAttributes (1044ms)
			ProcessInitializeOnLoadMethodAttributes (105ms)
			AfterProcessingInitializeOnLoad (7ms)
			EditorAssembliesLoaded (1ms)
		ExecutionOrderSort2 (0ms)
		AwakeInstancesAfterBackupRestoration (15ms)
Shader Hidden/ProbeVolume/VoxelizeScene is not supported: GPU does not support conservative rasterization
Refreshing native plugins compatible for Editor in 0.76 ms, found 1 plugins.
Preloading 0 native plugins for Editor in 0.00 ms.
Unloading 13 Unused Serialized files (Serialized files now loaded: 0)
Unloading 7243 unused Assets / (5.1 MB). Loaded Objects now: 8277.
Memory consumption went from 172.3 MB to 167.3 MB.
Total: 17.910263 ms (FindLiveObjects: 1.233929 ms CreateObjectMapping: 1.989539 ms MarkObjects: 10.772253 ms  DeleteObjects: 3.911450 ms)

Prepare: number of updated asset objects reloaded= 0
========================================================================
Received Prepare
Begin MonoManager ReloadAssembly
- Loaded All Assemblies, in  0.762 seconds
Refreshing native plugins compatible for Editor in 0.45 ms, found 1 plugins.
Native extension for LinuxStandalone target not found
Mono: successfully reloaded assembly
- Finished resetting the current domain, in  1.046 seconds
Domain Reload Profiling: 1810ms
	BeginReloadAssembly (198ms)
		ExecutionOrderSort (0ms)
		DisableScriptedObjects (16ms)
		BackupInstance (0ms)
		ReleaseScriptingObjects (0ms)
		CreateAndSetChildDomain (75ms)
	RebuildCommonClasses (39ms)
	RebuildNativeTypeToScriptingClass (9ms)
	initialDomainReloadingComplete (27ms)
	LoadAllAssembliesAndSetupDomain (490ms)
		LoadAssemblies (314ms)
		RebuildTransferFunctionScriptingTraits (0ms)
		AnalyzeDomain (240ms)
			TypeCache.Refresh (9ms)
				TypeCache.ScanAssembly (0ms)
			BuildScriptInfoCaches (214ms)
			ResolveRequiredComponents (13ms)
	FinalizeReload (1046ms)
		ReleaseScriptCaches (0ms)
		RebuildScriptCaches (0ms)
		SetupLoadedEditorAssemblies (733ms)
			LogAssemblyErrors (0ms)
			InitializePlatformSupportModulesInManaged (3ms)
			SetLoadedEditorAssemblies (4ms)
			BeforeProcessingInitializeOnLoad (80ms)
			ProcessInitializeOnLoadAttributes (552ms)
			ProcessInitializeOnLoadMethodAttributes (88ms)
			AfterProcessingInitializeOnLoad (6ms)
			EditorAssembliesLoaded (0ms)
		ExecutionOrderSort2 (0ms)
		AwakeInstancesAfterBackupRestoration (12ms)
Shader Hidden/ProbeVolume/VoxelizeScene is not supported: GPU does not support conservative rasterization
Refreshing native plugins compatible for Editor in 0.76 ms, found 1 plugins.
Preloading 0 native plugins for Editor in 0.00 ms.
Unloading 13 Unused Serialized files (Serialized files now loaded: 0)
Unloading 7241 unused Assets / (4.8 MB). Loaded Objects now: 8280.
Memory consumption went from 172.2 MB to 167.4 MB.
Total: 16.836430 ms (FindLiveObjects: 1.319388 ms CreateObjectMapping: 1.255294 ms MarkObjects: 9.567954 ms  DeleteObjects: 4.691538 ms)

Prepare: number of updated asset objects reloaded= 0
========================================================================
Received Import Request.
  Time since last request: 214.221275 seconds.
  path: Assets/Prefabs/GameNode.prefab
  artifactKey: Guid(050b4b194631cbdb094db1ba4ccc2720) Importer(815301076,1909f56bfc062723c751e8b465ee728b)
Start importing Assets/Prefabs/GameNode.prefab using Guid(050b4b194631cbdb094db1ba4ccc2720) Importer(815301076,1909f56bfc062723c751e8b465ee728b) (PreviewImporter) -> (artifact id: 'ca33963ccabbde8e3da482028b8acb7a') in 0.459147392 seconds
Number of updated asset objects reloaded before import = 0Number of asset objects unloaded after import = 9

========================================================================
Received Prepare
Shader Hidden/ProbeVolume/VoxelizeScene is not supported: GPU does not support conservative rasterization
Refreshing native plugins compatible for Editor in 0.52 ms, found 1 plugins.
Preloading 0 native plugins for Editor in 0.00 ms.
Unloading 13 Unused Serialized files (Serialized files now loaded: 0)
Unloading 7231 unused Assets / (6.4 MB). Loaded Objects now: 8401.
Memory consumption went from 177.8 MB to 171.4 MB.
Total: 16.068427 ms (FindLiveObjects: 0.973513 ms CreateObjectMapping: 0.853481 ms MarkObjects: 9.477307 ms  DeleteObjects: 4.762166 ms)

Prepare: number of updated asset objects reloaded= 0
========================================================================
Received Prepare
Begin MonoManager ReloadAssembly
- Loaded All Assemblies, in  0.927 seconds
Refreshing native plugins compatible for Editor in 0.92 ms, found 1 plugins.
Native extension for LinuxStandalone target not found
Mono: successfully reloaded assembly
- Finished resetting the current domain, in  1.836 seconds
Domain Reload Profiling: 2766ms
	BeginReloadAssembly (287ms)
		ExecutionOrderSort (0ms)
		DisableScriptedObjects (26ms)
		BackupInstance (0ms)
		ReleaseScriptingObjects (0ms)
		CreateAndSetChildDomain (166ms)
	RebuildCommonClasses (40ms)
	RebuildNativeTypeToScriptingClass (9ms)
	initialDomainReloadingComplete (25ms)
	LoadAllAssembliesAndSetupDomain (568ms)
		LoadAssemblies (321ms)
		RebuildTransferFunctionScriptingTraits (0ms)
		AnalyzeDomain (296ms)
			TypeCache.Refresh (9ms)
				TypeCache.ScanAssembly (0ms)
			BuildScriptInfoCaches (269ms)
			ResolveRequiredComponents (14ms)
	FinalizeReload (1837ms)
		ReleaseScriptCaches (0ms)
		RebuildScriptCaches (0ms)
		SetupLoadedEditorAssemblies (1323ms)
			LogAssemblyErrors (0ms)
			InitializePlatformSupportModulesInManaged (6ms)
			SetLoadedEditorAssemblies (6ms)
			BeforeProcessingInitializeOnLoad (138ms)
			ProcessInitializeOnLoadAttributes (1044ms)
			ProcessInitializeOnLoadMethodAttributes (119ms)
			AfterProcessingInitializeOnLoad (9ms)
			EditorAssembliesLoaded (1ms)
		ExecutionOrderSort2 (0ms)
		AwakeInstancesAfterBackupRestoration (20ms)
Shader Hidden/ProbeVolume/VoxelizeScene is not supported: GPU does not support conservative rasterization
Refreshing native plugins compatible for Editor in 0.56 ms, found 1 plugins.
Preloading 0 native plugins for Editor in 0.00 ms.
Unloading 13 Unused Serialized files (Serialized files now loaded: 0)
Unloading 7241 unused Assets / (4.9 MB). Loaded Objects now: 8304.
Memory consumption went from 173.9 MB to 169.0 MB.
Total: 13.542803 ms (FindLiveObjects: 0.887345 ms CreateObjectMapping: 0.802395 ms MarkObjects: 7.445235 ms  DeleteObjects: 4.406336 ms)

Prepare: number of updated asset objects reloaded= 0
========================================================================
Received Import Request.
  Time since last request: 471.438505 seconds.
  path: Assets/Prefabs/GameNode.prefab
  artifactKey: Guid(050b4b194631cbdb094db1ba4ccc2720) Importer(815301076,1909f56bfc062723c751e8b465ee728b)
Start importing Assets/Prefabs/GameNode.prefab using Guid(050b4b194631cbdb094db1ba4ccc2720) Importer(815301076,1909f56bfc062723c751e8b465ee728b) (PreviewImporter) -> (artifact id: 'ca33963ccabbde8e3da482028b8acb7a') in 0.645454114 seconds
Number of updated asset objects reloaded before import = 0Number of asset objects unloaded after import = 9

========================================================================
Received Prepare
Shader Hidden/ProbeVolume/VoxelizeScene is not supported: GPU does not support conservative rasterization
Refreshing native plugins compatible for Editor in 0.82 ms, found 1 plugins.
Preloading 0 native plugins for Editor in 0.00 ms.
Unloading 13 Unused Serialized files (Serialized files now loaded: 0)
Unloading 7231 unused Assets / (6.3 MB). Loaded Objects now: 8425.
Memory consumption went from 179.4 MB to 173.1 MB.
Total: 18.687416 ms (FindLiveObjects: 0.967217 ms CreateObjectMapping: 1.231826 ms MarkObjects: 11.967014 ms  DeleteObjects: 4.519466 ms)

Prepare: number of updated asset objects reloaded= 0
========================================================================
Received Import Request.
  Time since last request: 8.112950 seconds.
  path: Assets/Prefabs/GameNode.prefab
  artifactKey: Guid(050b4b194631cbdb094db1ba4ccc2720) Importer(815301076,1909f56bfc062723c751e8b465ee728b)
Start importing Assets/Prefabs/GameNode.prefab using Guid(050b4b194631cbdb094db1ba4ccc2720) Importer(815301076,1909f56bfc062723c751e8b465ee728b) (PreviewImporter) -> (artifact id: 'ca33963ccabbde8e3da482028b8acb7a') in 0.019848406 seconds
Number of updated asset objects reloaded before import = 0Number of asset objects unloaded after import = 9

========================================================================
Received Prepare
Begin MonoManager ReloadAssembly
- Loaded All Assemblies, in  0.742 seconds
Refreshing native plugins compatible for Editor in 0.46 ms, found 1 plugins.
Native extension for LinuxStandalone target not found
Mono: successfully reloaded assembly
- Finished resetting the current domain, in  0.993 seconds
Domain Reload Profiling: 1736ms
	BeginReloadAssembly (211ms)
		ExecutionOrderSort (0ms)
		DisableScriptedObjects (25ms)
		BackupInstance (0ms)
		ReleaseScriptingObjects (0ms)
		CreateAndSetChildDomain (95ms)
	RebuildCommonClasses (38ms)
	RebuildNativeTypeToScriptingClass (8ms)
	initialDomainReloadingComplete (24ms)
	LoadAllAssembliesAndSetupDomain (463ms)
		LoadAssemblies (270ms)
		RebuildTransferFunctionScriptingTraits (0ms)
		AnalyzeDomain (240ms)
			TypeCache.Refresh (11ms)
				TypeCache.ScanAssembly (0ms)
			BuildScriptInfoCaches (213ms)
			ResolveRequiredComponents (13ms)
	FinalizeReload (993ms)
		ReleaseScriptCaches (0ms)
		RebuildScriptCaches (0ms)
		SetupLoadedEditorAssemblies (670ms)
			LogAssemblyErrors (0ms)
			InitializePlatformSupportModulesInManaged (4ms)
			SetLoadedEditorAssemblies (6ms)
			BeforeProcessingInitializeOnLoad (79ms)
			ProcessInitializeOnLoadAttributes (489ms)
			ProcessInitializeOnLoadMethodAttributes (87ms)
			AfterProcessingInitializeOnLoad (6ms)
			EditorAssembliesLoaded (1ms)
		ExecutionOrderSort2 (0ms)
		AwakeInstancesAfterBackupRestoration (14ms)
Shader Hidden/ProbeVolume/VoxelizeScene is not supported: GPU does not support conservative rasterization
Refreshing native plugins compatible for Editor in 0.72 ms, found 1 plugins.
Preloading 0 native plugins for Editor in 0.00 ms.
Unloading 13 Unused Serialized files (Serialized files now loaded: 0)
Unloading 7243 unused Assets / (4.8 MB). Loaded Objects now: 8328.
Memory consumption went from 175.5 MB to 170.7 MB.
Total: 11.983769 ms (FindLiveObjects: 1.114943 ms CreateObjectMapping: 0.903935 ms MarkObjects: 6.116087 ms  DeleteObjects: 3.847618 ms)

Prepare: number of updated asset objects reloaded= 0
========================================================================
Received Prepare
Begin MonoManager ReloadAssembly
- Loaded All Assemblies, in  0.720 seconds
Refreshing native plugins compatible for Editor in 0.52 ms, found 1 plugins.
Native extension for LinuxStandalone target not found
Mono: successfully reloaded assembly
- Finished resetting the current domain, in  1.508 seconds
Domain Reload Profiling: 2230ms
	BeginReloadAssembly (177ms)
		ExecutionOrderSort (0ms)
		DisableScriptedObjects (13ms)
		BackupInstance (0ms)
		ReleaseScriptingObjects (0ms)
		CreateAndSetChildDomain (75ms)
	RebuildCommonClasses (38ms)
	RebuildNativeTypeToScriptingClass (9ms)
	initialDomainReloadingComplete (25ms)
	LoadAllAssembliesAndSetupDomain (473ms)
		LoadAssemblies (276ms)
		RebuildTransferFunctionScriptingTraits (0ms)
		AnalyzeDomain (243ms)
			TypeCache.Refresh (9ms)
				TypeCache.ScanAssembly (0ms)
			BuildScriptInfoCaches (217ms)
			ResolveRequiredComponents (13ms)
	FinalizeReload (1509ms)
		ReleaseScriptCaches (0ms)
		RebuildScriptCaches (0ms)
		SetupLoadedEditorAssemblies (1113ms)
			LogAssemblyErrors (0ms)
			InitializePlatformSupportModulesInManaged (3ms)
			SetLoadedEditorAssemblies (4ms)
			BeforeProcessingInitializeOnLoad (72ms)
			ProcessInitializeOnLoadAttributes (896ms)
			ProcessInitializeOnLoadMethodAttributes (131ms)
			AfterProcessingInitializeOnLoad (7ms)
			EditorAssembliesLoaded (0ms)
		ExecutionOrderSort2 (0ms)
		AwakeInstancesAfterBackupRestoration (15ms)
Shader Hidden/ProbeVolume/VoxelizeScene is not supported: GPU does not support conservative rasterization
Refreshing native plugins compatible for Editor in 1.87 ms, found 1 plugins.
Preloading 0 native plugins for Editor in 0.00 ms.
Unloading 13 Unused Serialized files (Serialized files now loaded: 0)
Unloading 7241 unused Assets / (6.8 MB). Loaded Objects now: 8331.
Memory consumption went from 175.3 MB to 168.5 MB.
Total: 27.228926 ms (FindLiveObjects: 1.163018 ms CreateObjectMapping: 1.404613 ms MarkObjects: 14.769383 ms  DeleteObjects: 9.890182 ms)

Prepare: number of updated asset objects reloaded= 0
========================================================================
Received Prepare
Begin MonoManager ReloadAssembly
- Loaded All Assemblies, in  0.733 seconds
Refreshing native plugins compatible for Editor in 0.46 ms, found 1 plugins.
Native extension for LinuxStandalone target not found
Mono: successfully reloaded assembly
- Finished resetting the current domain, in  1.012 seconds
Domain Reload Profiling: 1746ms
	BeginReloadAssembly (185ms)
		ExecutionOrderSort (0ms)
		DisableScriptedObjects (14ms)
		BackupInstance (0ms)
		ReleaseScriptingObjects (0ms)
		CreateAndSetChildDomain (80ms)
	RebuildCommonClasses (38ms)
	RebuildNativeTypeToScriptingClass (9ms)
	initialDomainReloadingComplete (26ms)
	LoadAllAssembliesAndSetupDomain (476ms)
		LoadAssemblies (277ms)
		RebuildTransferFunctionScriptingTraits (0ms)
		AnalyzeDomain (246ms)
			TypeCache.Refresh (9ms)
				TypeCache.ScanAssembly (0ms)
			BuildScriptInfoCaches (220ms)
			ResolveRequiredComponents (13ms)
	FinalizeReload (1012ms)
		ReleaseScriptCaches (0ms)
		RebuildScriptCaches (0ms)
		SetupLoadedEditorAssemblies (701ms)
			LogAssemblyErrors (0ms)
			InitializePlatformSupportModulesInManaged (3ms)
			SetLoadedEditorAssemblies (4ms)
			BeforeProcessingInitializeOnLoad (70ms)
			ProcessInitializeOnLoadAttributes (541ms)
			ProcessInitializeOnLoadMethodAttributes (76ms)
			AfterProcessingInitializeOnLoad (7ms)
			EditorAssembliesLoaded (0ms)
		ExecutionOrderSort2 (0ms)
		AwakeInstancesAfterBackupRestoration (12ms)
Shader Hidden/ProbeVolume/VoxelizeScene is not supported: GPU does not support conservative rasterization
Refreshing native plugins compatible for Editor in 0.61 ms, found 1 plugins.
Preloading 0 native plugins for Editor in 0.00 ms.
Unloading 13 Unused Serialized files (Serialized files now loaded: 0)
Unloading 7241 unused Assets / (4.7 MB). Loaded Objects now: 8334.
Memory consumption went from 175.3 MB to 170.7 MB.
Total: 12.063652 ms (FindLiveObjects: 0.797200 ms CreateObjectMapping: 0.703573 ms MarkObjects: 6.226926 ms  DeleteObjects: 4.334873 ms)

Prepare: number of updated asset objects reloaded= 0
========================================================================
Received Prepare
Begin MonoManager ReloadAssembly
- Loaded All Assemblies, in  0.736 seconds
Refreshing native plugins compatible for Editor in 0.47 ms, found 1 plugins.
Native extension for LinuxStandalone target not found
Mono: successfully reloaded assembly
- Finished resetting the current domain, in  1.060 seconds
Domain Reload Profiling: 1798ms
	BeginReloadAssembly (184ms)
		ExecutionOrderSort (0ms)
		DisableScriptedObjects (13ms)
		BackupInstance (0ms)
		ReleaseScriptingObjects (0ms)
		CreateAndSetChildDomain (82ms)
	RebuildCommonClasses (39ms)
	RebuildNativeTypeToScriptingClass (9ms)
	initialDomainReloadingComplete (25ms)
	LoadAllAssembliesAndSetupDomain (481ms)
		LoadAssemblies (289ms)
		RebuildTransferFunctionScriptingTraits (0ms)
		AnalyzeDomain (239ms)
			TypeCache.Refresh (8ms)
				TypeCache.ScanAssembly (0ms)
			BuildScriptInfoCaches (214ms)
			ResolveRequiredComponents (13ms)
	FinalizeReload (1061ms)
		ReleaseScriptCaches (0ms)
		RebuildScriptCaches (0ms)
		SetupLoadedEditorAssemblies (736ms)
			LogAssemblyErrors (0ms)
			InitializePlatformSupportModulesInManaged (3ms)
			SetLoadedEditorAssemblies (4ms)
			BeforeProcessingInitializeOnLoad (85ms)
			ProcessInitializeOnLoadAttributes (559ms)
			ProcessInitializeOnLoadMethodAttributes (79ms)
			AfterProcessingInitializeOnLoad (5ms)
			EditorAssembliesLoaded (0ms)
		ExecutionOrderSort2 (0ms)
		AwakeInstancesAfterBackupRestoration (14ms)
Shader Hidden/ProbeVolume/VoxelizeScene is not supported: GPU does not support conservative rasterization
Refreshing native plugins compatible for Editor in 0.49 ms, found 1 plugins.
Preloading 0 native plugins for Editor in 0.00 ms.
Unloading 13 Unused Serialized files (Serialized files now loaded: 0)
Unloading 7241 unused Assets / (4.7 MB). Loaded Objects now: 8337.
Memory consumption went from 175.3 MB to 170.6 MB.
Total: 13.288925 ms (FindLiveObjects: 0.786052 ms CreateObjectMapping: 0.872690 ms MarkObjects: 7.669812 ms  DeleteObjects: 3.958699 ms)

Prepare: number of updated asset objects reloaded= 1
========================================================================
Received Prepare
Begin MonoManager ReloadAssembly
- Loaded All Assemblies, in  0.737 seconds
Refreshing native plugins compatible for Editor in 0.51 ms, found 1 plugins.
Native extension for LinuxStandalone target not found
Mono: successfully reloaded assembly
- Finished resetting the current domain, in  1.044 seconds
Domain Reload Profiling: 1783ms
	BeginReloadAssembly (190ms)
		ExecutionOrderSort (0ms)
		DisableScriptedObjects (14ms)
		BackupInstance (0ms)
		ReleaseScriptingObjects (0ms)
		CreateAndSetChildDomain (87ms)
	RebuildCommonClasses (39ms)
	RebuildNativeTypeToScriptingClass (9ms)
	initialDomainReloadingComplete (25ms)
	LoadAllAssembliesAndSetupDomain (475ms)
		LoadAssemblies (266ms)
		RebuildTransferFunctionScriptingTraits (0ms)
		AnalyzeDomain (256ms)
			TypeCache.Refresh (9ms)
				TypeCache.ScanAssembly (0ms)
			BuildScriptInfoCaches (230ms)
			ResolveRequiredComponents (14ms)
	FinalizeReload (1045ms)
		ReleaseScriptCaches (0ms)
		RebuildScriptCaches (0ms)
		SetupLoadedEditorAssemblies (729ms)
			LogAssemblyErrors (0ms)
			InitializePlatformSupportModulesInManaged (4ms)
			SetLoadedEditorAssemblies (6ms)
			BeforeProcessingInitializeOnLoad (90ms)
			ProcessInitializeOnLoadAttributes (544ms)
			ProcessInitializeOnLoadMethodAttributes (80ms)
			AfterProcessingInitializeOnLoad (5ms)
			EditorAssembliesLoaded (1ms)
		ExecutionOrderSort2 (0ms)
		AwakeInstancesAfterBackupRestoration (12ms)
Shader Hidden/ProbeVolume/VoxelizeScene is not supported: GPU does not support conservative rasterization
Refreshing native plugins compatible for Editor in 0.51 ms, found 1 plugins.
Preloading 0 native plugins for Editor in 0.00 ms.
Unloading 13 Unused Serialized files (Serialized files now loaded: 0)
Unloading 7241 unused Assets / (5.1 MB). Loaded Objects now: 8340.
Memory consumption went from 175.4 MB to 170.3 MB.
Total: 11.653446 ms (FindLiveObjects: 0.790179 ms CreateObjectMapping: 0.699923 ms MarkObjects: 6.616987 ms  DeleteObjects: 3.544903 ms)

Prepare: number of updated asset objects reloaded= 0
========================================================================
Received Prepare
Begin MonoManager ReloadAssembly
- Loaded All Assemblies, in  0.865 seconds
Refreshing native plugins compatible for Editor in 0.46 ms, found 1 plugins.
Native extension for LinuxStandalone target not found
Mono: successfully reloaded assembly
- Finished resetting the current domain, in  1.388 seconds
Domain Reload Profiling: 2256ms
	BeginReloadAssembly (230ms)
		ExecutionOrderSort (0ms)
		DisableScriptedObjects (22ms)
		BackupInstance (0ms)
		ReleaseScriptingObjects (0ms)
		CreateAndSetChildDomain (94ms)
	RebuildCommonClasses (63ms)
	RebuildNativeTypeToScriptingClass (9ms)
	initialDomainReloadingComplete (27ms)
	LoadAllAssembliesAndSetupDomain (538ms)
		LoadAssemblies (356ms)
		RebuildTransferFunctionScriptingTraits (0ms)
		AnalyzeDomain (235ms)
			TypeCache.Refresh (8ms)
				TypeCache.ScanAssembly (0ms)
			BuildScriptInfoCaches (210ms)
			ResolveRequiredComponents (13ms)
	FinalizeReload (1390ms)
		ReleaseScriptCaches (0ms)
		RebuildScriptCaches (0ms)
		SetupLoadedEditorAssemblies (939ms)
			LogAssemblyErrors (0ms)
			InitializePlatformSupportModulesInManaged (4ms)
			SetLoadedEditorAssemblies (5ms)
			BeforeProcessingInitializeOnLoad (79ms)
			ProcessInitializeOnLoadAttributes (709ms)
			ProcessInitializeOnLoadMethodAttributes (132ms)
			AfterProcessingInitializeOnLoad (10ms)
			EditorAssembliesLoaded (1ms)
		ExecutionOrderSort2 (0ms)
		AwakeInstancesAfterBackupRestoration (23ms)
Shader Hidden/ProbeVolume/VoxelizeScene is not supported: GPU does not support conservative rasterization
Refreshing native plugins compatible for Editor in 0.54 ms, found 1 plugins.
Preloading 0 native plugins for Editor in 0.00 ms.
Unloading 13 Unused Serialized files (Serialized files now loaded: 0)
Unloading 7241 unused Assets / (3.5 MB). Loaded Objects now: 8343.
Memory consumption went from 175.4 MB to 171.9 MB.
Total: 25.116077 ms (FindLiveObjects: 1.802535 ms CreateObjectMapping: 1.767457 ms MarkObjects: 14.575063 ms  DeleteObjects: 6.967404 ms)

Prepare: number of updated asset objects reloaded= 0
========================================================================
Received Prepare
Begin MonoManager ReloadAssembly
- Loaded All Assemblies, in  0.732 seconds
Refreshing native plugins compatible for Editor in 0.49 ms, found 1 plugins.
Native extension for LinuxStandalone target not found
Mono: successfully reloaded assembly
- Finished resetting the current domain, in  1.138 seconds
Domain Reload Profiling: 1873ms
	BeginReloadAssembly (191ms)
		ExecutionOrderSort (0ms)
		DisableScriptedObjects (13ms)
		BackupInstance (0ms)
		ReleaseScriptingObjects (0ms)
		CreateAndSetChildDomain (86ms)
	RebuildCommonClasses (38ms)
	RebuildNativeTypeToScriptingClass (9ms)
	initialDomainReloadingComplete (25ms)
	LoadAllAssembliesAndSetupDomain (470ms)
		LoadAssemblies (273ms)
		RebuildTransferFunctionScriptingTraits (0ms)
		AnalyzeDomain (244ms)
			TypeCache.Refresh (8ms)
				TypeCache.ScanAssembly (0ms)
			BuildScriptInfoCaches (218ms)
			ResolveRequiredComponents (14ms)
	FinalizeReload (1138ms)
		ReleaseScriptCaches (0ms)
		RebuildScriptCaches (0ms)
		SetupLoadedEditorAssemblies (794ms)
			LogAssemblyErrors (0ms)
			InitializePlatformSupportModulesInManaged (3ms)
			SetLoadedEditorAssemblies (4ms)
			BeforeProcessingInitializeOnLoad (85ms)
			ProcessInitializeOnLoadAttributes (610ms)
			ProcessInitializeOnLoadMethodAttributes (87ms)
			AfterProcessingInitializeOnLoad (6ms)
			EditorAssembliesLoaded (1ms)
		ExecutionOrderSort2 (0ms)
		AwakeInstancesAfterBackupRestoration (16ms)
Shader Hidden/ProbeVolume/VoxelizeScene is not supported: GPU does not support conservative rasterization
Refreshing native plugins compatible for Editor in 0.54 ms, found 1 plugins.
Preloading 0 native plugins for Editor in 0.00 ms.
Unloading 13 Unused Serialized files (Serialized files now loaded: 0)
Unloading 7241 unused Assets / (4.2 MB). Loaded Objects now: 8346.
Memory consumption went from 175.4 MB to 171.2 MB.
Total: 14.526988 ms (FindLiveObjects: 1.925039 ms CreateObjectMapping: 1.407979 ms MarkObjects: 6.947731 ms  DeleteObjects: 4.243716 ms)

Prepare: number of updated asset objects reloaded= 1
========================================================================
Received Import Request.
  Time since last request: 805.621429 seconds.
  path: Assets/Prefabs/GameNode.prefab
  artifactKey: Guid(050b4b194631cbdb094db1ba4ccc2720) Importer(815301076,1909f56bfc062723c751e8b465ee728b)
Start importing Assets/Prefabs/GameNode.prefab using Guid(050b4b194631cbdb094db1ba4ccc2720) Importer(815301076,1909f56bfc062723c751e8b465ee728b) (PreviewImporter) -> (artifact id: 'ca33963ccabbde8e3da482028b8acb7a') in 0.474526338 seconds
Number of updated asset objects reloaded before import = 0Number of asset objects unloaded after import = 9

========================================================================
Received Prepare
Begin MonoManager ReloadAssembly
- Loaded All Assemblies, in  0.787 seconds
Refreshing native plugins compatible for Editor in 0.46 ms, found 1 plugins.
Native extension for LinuxStandalone target not found
Edgegap requires Json.NET to be imported to function. To import Json.NET navigate to Window -> Package Manager -> Click the + symbol and choose 'Add package by name' -> com.unity.nuget.newtonsoft-json -> Leave version blank and click Add. If you are not currently using Edgegap you may ignore this message.
UnityEngine.Debug:ExtractStackTraceNoAlloc (byte*,int,string)
UnityEngine.StackTraceUtility:ExtractStackTrace () (at /home/bokken/build/output/unity/unity/Runtime/Export/Scripting/StackTrace.cs:37)
UnityEngine.DebugLogHandler:Internal_Log (UnityEngine.LogType,UnityEngine.LogOption,string,UnityEngine.Object)
UnityEngine.DebugLogHandler:LogFormat (UnityEngine.LogType,UnityEngine.Object,string,object[])
UnityEngine.Logger:Log (UnityEngine.LogType,object)
UnityEngine.Debug:LogWarning (object)
Newtonsoft.Json.FallbackDisplayer:Initialize () (at Assets/Mirror/Hosting/Edgegap/Newtonsoft_Package_Patch.cs:47)
System.Reflection.RuntimeMethodInfo:Invoke (object,System.Reflection.BindingFlags,System.Reflection.Binder,object[],System.Globalization.CultureInfo)
System.Reflection.MethodBase:Invoke (object,object[])
UnityEditor.EditorAssemblies:ProcessInitializeOnLoadMethodAttributes () (at /home/bokken/build/output/unity/unity/Editor/Mono/EditorAssemblies.cs:142)

(Filename: Assets/Mirror/Hosting/Edgegap/Newtonsoft_Package_Patch.cs Line: 47)

Mono: successfully reloaded assembly
- Finished resetting the current domain, in  1.243 seconds
Domain Reload Profiling: 2032ms
	BeginReloadAssembly (236ms)
		ExecutionOrderSort (0ms)
		DisableScriptedObjects (25ms)
		BackupInstance (0ms)
		ReleaseScriptingObjects (0ms)
		CreateAndSetChildDomain (113ms)
	RebuildCommonClasses (40ms)
	RebuildNativeTypeToScriptingClass (9ms)
	initialDomainReloadingComplete (27ms)
	LoadAllAssembliesAndSetupDomain (476ms)
		LoadAssemblies (285ms)
		RebuildTransferFunctionScriptingTraits (0ms)
		AnalyzeDomain (239ms)
			TypeCache.Refresh (9ms)
				TypeCache.ScanAssembly (0ms)
			BuildScriptInfoCaches (213ms)
			ResolveRequiredComponents (13ms)
	FinalizeReload (1243ms)
		ReleaseScriptCaches (0ms)
		RebuildScriptCaches (0ms)
		SetupLoadedEditorAssemblies (892ms)
			LogAssemblyErrors (0ms)
			InitializePlatformSupportModulesInManaged (4ms)
			SetLoadedEditorAssemblies (5ms)
			BeforeProcessingInitializeOnLoad (89ms)
			ProcessInitializeOnLoadAttributes (694ms)
			ProcessInitializeOnLoadMethodAttributes (95ms)
			AfterProcessingInitializeOnLoad (5ms)
			EditorAssembliesLoaded (1ms)
		ExecutionOrderSort2 (0ms)
		AwakeInstancesAfterBackupRestoration (16ms)
Shader Hidden/ProbeVolume/VoxelizeScene is not supported: GPU does not support conservative rasterization
Refreshing native plugins compatible for Editor in 0.99 ms, found 1 plugins.
Preloading 0 native plugins for Editor in 0.00 ms.
Unloading 13 Unused Serialized files (Serialized files now loaded: 0)
Unloading 7243 unused Assets / (3.9 MB). Loaded Objects now: 8370.
Memory consumption went from 177.1 MB to 173.2 MB.
Total: 12.556629 ms (FindLiveObjects: 0.808575 ms CreateObjectMapping: 0.739251 ms MarkObjects: 7.734904 ms  DeleteObjects: 3.272057 ms)

Prepare: number of updated asset objects reloaded= 1
========================================================================
Received Import Request.
  Time since last request: 322.339104 seconds.
  path: Assets/Prefabs/GameNode.prefab
  artifactKey: Guid(050b4b194631cbdb094db1ba4ccc2720) Importer(815301076,1909f56bfc062723c751e8b465ee728b)
Start importing Assets/Prefabs/GameNode.prefab using Guid(050b4b194631cbdb094db1ba4ccc2720) Importer(815301076,1909f56bfc062723c751e8b465ee728b) (PreviewImporter) -> (artifact id: 'ca33963ccabbde8e3da482028b8acb7a') in 0.467364313 seconds
Number of updated asset objects reloaded before import = 0Number of asset objects unloaded after import = 9

========================================================================
Received Prepare
Begin MonoManager ReloadAssembly
- Loaded All Assemblies, in  0.797 seconds
Refreshing native plugins compatible for Editor in 0.50 ms, found 1 plugins.
Native extension for LinuxStandalone target not found
Mono: successfully reloaded assembly
- Finished resetting the current domain, in  1.528 seconds
Domain Reload Profiling: 2328ms
	BeginReloadAssembly (231ms)
		ExecutionOrderSort (0ms)
		DisableScriptedObjects (27ms)
		BackupInstance (0ms)
		ReleaseScriptingObjects (0ms)
		CreateAndSetChildDomain (110ms)
	RebuildCommonClasses (39ms)
	RebuildNativeTypeToScriptingClass (9ms)
	initialDomainReloadingComplete (25ms)
	LoadAllAssembliesAndSetupDomain (495ms)
		LoadAssemblies (289ms)
		RebuildTransferFunctionScriptingTraits (0ms)
		AnalyzeDomain (258ms)
			TypeCache.Refresh (9ms)
				TypeCache.ScanAssembly (0ms)
			BuildScriptInfoCaches (230ms)
			ResolveRequiredComponents (15ms)
	FinalizeReload (1529ms)
		ReleaseScriptCaches (0ms)
		RebuildScriptCaches (0ms)
		SetupLoadedEditorAssemblies (1064ms)
			LogAssemblyErrors (0ms)
			InitializePlatformSupportModulesInManaged (6ms)
			SetLoadedEditorAssemblies (6ms)
			BeforeProcessingInitializeOnLoad (93ms)
			ProcessInitializeOnLoadAttributes (824ms)
			ProcessInitializeOnLoadMethodAttributes (124ms)
			AfterProcessingInitializeOnLoad (10ms)
			EditorAssembliesLoaded (1ms)
		ExecutionOrderSort2 (0ms)
		AwakeInstancesAfterBackupRestoration (27ms)
Shader Hidden/ProbeVolume/VoxelizeScene is not supported: GPU does not support conservative rasterization
Refreshing native plugins compatible for Editor in 0.54 ms, found 1 plugins.
Preloading 0 native plugins for Editor in 0.00 ms.
Unloading 13 Unused Serialized files (Serialized files now loaded: 0)
Unloading 7243 unused Assets / (4.0 MB). Loaded Objects now: 8394.
Memory consumption went from 178.7 MB to 174.7 MB.
Total: 12.001710 ms (FindLiveObjects: 0.905113 ms CreateObjectMapping: 0.887094 ms MarkObjects: 7.768823 ms  DeleteObjects: 2.439529 ms)

Prepare: number of updated asset objects reloaded= 1
========================================================================
Received Prepare
Begin MonoManager ReloadAssembly
- Loaded All Assemblies, in  0.762 seconds
Refreshing native plugins compatible for Editor in 0.50 ms, found 1 plugins.
Native extension for LinuxStandalone target not found
Mono: successfully reloaded assembly
- Finished resetting the current domain, in  1.111 seconds
Domain Reload Profiling: 1875ms
	BeginReloadAssembly (192ms)
		ExecutionOrderSort (0ms)
		DisableScriptedObjects (13ms)
		BackupInstance (0ms)
		ReleaseScriptingObjects (0ms)
		CreateAndSetChildDomain (81ms)
	RebuildCommonClasses (39ms)
	RebuildNativeTypeToScriptingClass (9ms)
	initialDomainReloadingComplete (26ms)
	LoadAllAssembliesAndSetupDomain (497ms)
		LoadAssemblies (305ms)
		RebuildTransferFunctionScriptingTraits (0ms)
		AnalyzeDomain (246ms)
			TypeCache.Refresh (9ms)
				TypeCache.ScanAssembly (0ms)
			BuildScriptInfoCaches (219ms)
			ResolveRequiredComponents (13ms)
	FinalizeReload (1111ms)
		ReleaseScriptCaches (0ms)
		RebuildScriptCaches (0ms)
		SetupLoadedEditorAssemblies (762ms)
			LogAssemblyErrors (0ms)
			InitializePlatformSupportModulesInManaged (3ms)
			SetLoadedEditorAssemblies (4ms)
			BeforeProcessingInitializeOnLoad (77ms)
			ProcessInitializeOnLoadAttributes (568ms)
			ProcessInitializeOnLoadMethodAttributes (102ms)
			AfterProcessingInitializeOnLoad (8ms)
			EditorAssembliesLoaded (1ms)
		ExecutionOrderSort2 (0ms)
		AwakeInstancesAfterBackupRestoration (18ms)
Shader Hidden/ProbeVolume/VoxelizeScene is not supported: GPU does not support conservative rasterization
Refreshing native plugins compatible for Editor in 0.81 ms, found 1 plugins.
Preloading 0 native plugins for Editor in 0.00 ms.
Unloading 13 Unused Serialized files (Serialized files now loaded: 0)
Unloading 7241 unused Assets / (4.9 MB). Loaded Objects now: 8397.
Memory consumption went from 178.5 MB to 173.6 MB.
Total: 15.760755 ms (FindLiveObjects: 0.992777 ms CreateObjectMapping: 1.081199 ms MarkObjects: 9.277066 ms  DeleteObjects: 4.407006 ms)

Prepare: number of updated asset objects reloaded= 0
========================================================================
Received Prepare
Begin MonoManager ReloadAssembly
- Loaded All Assemblies, in  0.745 seconds
Refreshing native plugins compatible for Editor in 0.47 ms, found 1 plugins.
Native extension for LinuxStandalone target not found
Mono: successfully reloaded assembly
- Finished resetting the current domain, in  1.126 seconds
Domain Reload Profiling: 1873ms
	BeginReloadAssembly (188ms)
		ExecutionOrderSort (0ms)
		DisableScriptedObjects (13ms)
		BackupInstance (0ms)
		ReleaseScriptingObjects (0ms)
		CreateAndSetChildDomain (84ms)
	RebuildCommonClasses (39ms)
	RebuildNativeTypeToScriptingClass (9ms)
	initialDomainReloadingComplete (27ms)
	LoadAllAssembliesAndSetupDomain (484ms)
		LoadAssemblies (281ms)
		RebuildTransferFunctionScriptingTraits (0ms)
		AnalyzeDomain (249ms)
			TypeCache.Refresh (9ms)
				TypeCache.ScanAssembly (0ms)
			BuildScriptInfoCaches (224ms)
			ResolveRequiredComponents (13ms)
	FinalizeReload (1127ms)
		ReleaseScriptCaches (0ms)
		RebuildScriptCaches (0ms)
		SetupLoadedEditorAssemblies (758ms)
			LogAssemblyErrors (0ms)
			InitializePlatformSupportModulesInManaged (3ms)
			SetLoadedEditorAssemblies (4ms)
			BeforeProcessingInitializeOnLoad (89ms)
			ProcessInitializeOnLoadAttributes (554ms)
			ProcessInitializeOnLoadMethodAttributes (102ms)
			AfterProcessingInitializeOnLoad (6ms)
			EditorAssembliesLoaded (0ms)
		ExecutionOrderSort2 (0ms)
		AwakeInstancesAfterBackupRestoration (22ms)
Shader Hidden/ProbeVolume/VoxelizeScene is not supported: GPU does not support conservative rasterization
Refreshing native plugins compatible for Editor in 0.82 ms, found 1 plugins.
Preloading 0 native plugins for Editor in 0.00 ms.
Unloading 13 Unused Serialized files (Serialized files now loaded: 0)
Unloading 7241 unused Assets / (4.6 MB). Loaded Objects now: 8400.
Memory consumption went from 178.5 MB to 173.9 MB.
Total: 21.891489 ms (FindLiveObjects: 2.234080 ms CreateObjectMapping: 2.299417 ms MarkObjects: 12.609810 ms  DeleteObjects: 4.746081 ms)

Prepare: number of updated asset objects reloaded= 0
========================================================================
Received Prepare
Begin MonoManager ReloadAssembly
- Loaded All Assemblies, in  0.783 seconds
Refreshing native plugins compatible for Editor in 0.51 ms, found 1 plugins.
Native extension for LinuxStandalone target not found
Mono: successfully reloaded assembly
- Finished resetting the current domain, in  1.140 seconds
Domain Reload Profiling: 1926ms
	BeginReloadAssembly (195ms)
		ExecutionOrderSort (0ms)
		DisableScriptedObjects (14ms)
		BackupInstance (0ms)
		ReleaseScriptingObjects (0ms)
		CreateAndSetChildDomain (89ms)
	RebuildCommonClasses (43ms)
	RebuildNativeTypeToScriptingClass (11ms)
	initialDomainReloadingComplete (28ms)
	LoadAllAssembliesAndSetupDomain (508ms)
		LoadAssemblies (292ms)
		RebuildTransferFunctionScriptingTraits (0ms)
		AnalyzeDomain (263ms)
			TypeCache.Refresh (9ms)
				TypeCache.ScanAssembly (0ms)
			BuildScriptInfoCaches (235ms)
			ResolveRequiredComponents (15ms)
	FinalizeReload (1141ms)
		ReleaseScriptCaches (0ms)
		RebuildScriptCaches (0ms)
		SetupLoadedEditorAssemblies (793ms)
			LogAssemblyErrors (0ms)
			InitializePlatformSupportModulesInManaged (3ms)
			SetLoadedEditorAssemblies (4ms)
			BeforeProcessingInitializeOnLoad (83ms)
			ProcessInitializeOnLoadAttributes (600ms)
			ProcessInitializeOnLoadMethodAttributes (96ms)
			AfterProcessingInitializeOnLoad (6ms)
			EditorAssembliesLoaded (1ms)
		ExecutionOrderSort2 (0ms)
		AwakeInstancesAfterBackupRestoration (15ms)
Shader Hidden/ProbeVolume/VoxelizeScene is not supported: GPU does not support conservative rasterization
Refreshing native plugins compatible for Editor in 0.55 ms, found 1 plugins.
Preloading 0 native plugins for Editor in 0.00 ms.
Unloading 13 Unused Serialized files (Serialized files now loaded: 0)
Unloading 7241 unused Assets / (4.8 MB). Loaded Objects now: 8403.
Memory consumption went from 178.5 MB to 173.7 MB.
Total: 12.629978 ms (FindLiveObjects: 0.877776 ms CreateObjectMapping: 0.969091 ms MarkObjects: 7.207253 ms  DeleteObjects: 3.574306 ms)

Prepare: number of updated asset objects reloaded= 1
========================================================================
Received Import Request.
  Time since last request: 218.885210 seconds.
  path: Assets/Prefabs/GameNode.prefab
  artifactKey: Guid(050b4b194631cbdb094db1ba4ccc2720) Importer(815301076,1909f56bfc062723c751e8b465ee728b)
Start importing Assets/Prefabs/GameNode.prefab using Guid(050b4b194631cbdb094db1ba4ccc2720) Importer(815301076,1909f56bfc062723c751e8b465ee728b) (PreviewImporter) -> (artifact id: 'ca33963ccabbde8e3da482028b8acb7a') in 0.586034117 seconds
Number of updated asset objects reloaded before import = 0Number of asset objects unloaded after import = 9

========================================================================
Received Prepare
Shader Hidden/ProbeVolume/VoxelizeScene is not supported: GPU does not support conservative rasterization
Refreshing native plugins compatible for Editor in 0.73 ms, found 1 plugins.
Preloading 0 native plugins for Editor in 0.00 ms.
Unloading 13 Unused Serialized files (Serialized files now loaded: 0)
Unloading 7232 unused Assets / (4.3 MB). Loaded Objects now: 8525.
Memory consumption went from 184.2 MB to 179.9 MB.
Total: 14.393808 ms (FindLiveObjects: 1.129637 ms CreateObjectMapping: 1.062442 ms MarkObjects: 8.950998 ms  DeleteObjects: 3.248415 ms)

Prepare: number of updated asset objects reloaded= 0
========================================================================
Received Prepare
Begin MonoManager ReloadAssembly
- Loaded All Assemblies, in  0.996 seconds
Refreshing native plugins compatible for Editor in 0.52 ms, found 1 plugins.
Native extension for LinuxStandalone target not found
Mono: successfully reloaded assembly
- Finished resetting the current domain, in  1.070 seconds
Domain Reload Profiling: 2069ms
	BeginReloadAssembly (353ms)
		ExecutionOrderSort (0ms)
		DisableScriptedObjects (43ms)
		BackupInstance (0ms)
		ReleaseScriptingObjects (0ms)
		CreateAndSetChildDomain (188ms)
	RebuildCommonClasses (48ms)
	RebuildNativeTypeToScriptingClass (9ms)
	initialDomainReloadingComplete (30ms)
	LoadAllAssembliesAndSetupDomain (558ms)
		LoadAssemblies (354ms)
		RebuildTransferFunctionScriptingTraits (0ms)
		AnalyzeDomain (259ms)
			TypeCache.Refresh (12ms)
				TypeCache.ScanAssembly (0ms)
			BuildScriptInfoCaches (228ms)
			ResolveRequiredComponents (14ms)
	FinalizeReload (1070ms)
		ReleaseScriptCaches (0ms)
		RebuildScriptCaches (0ms)
		SetupLoadedEditorAssemblies (739ms)
			LogAssemblyErrors (0ms)
			InitializePlatformSupportModulesInManaged (4ms)
			SetLoadedEditorAssemblies (6ms)
			BeforeProcessingInitializeOnLoad (81ms)
			ProcessInitializeOnLoadAttributes (565ms)
			ProcessInitializeOnLoadMethodAttributes (76ms)
			AfterProcessingInitializeOnLoad (7ms)
			EditorAssembliesLoaded (1ms)
		ExecutionOrderSort2 (0ms)
		AwakeInstancesAfterBackupRestoration (15ms)
Shader Hidden/ProbeVolume/VoxelizeScene is not supported: GPU does not support conservative rasterization
Refreshing native plugins compatible for Editor in 0.55 ms, found 1 plugins.
Preloading 0 native plugins for Editor in 0.00 ms.
Unloading 13 Unused Serialized files (Serialized files now loaded: 0)
Unloading 7242 unused Assets / (5.0 MB). Loaded Objects now: 8428.
Memory consumption went from 180.3 MB to 175.3 MB.
Total: 11.692764 ms (FindLiveObjects: 0.809788 ms CreateObjectMapping: 0.712448 ms MarkObjects: 7.555595 ms  DeleteObjects: 2.613746 ms)

Prepare: number of updated asset objects reloaded= 0
========================================================================
Received Prepare
Shader Hidden/ProbeVolume/VoxelizeScene is not supported: GPU does not support conservative rasterization
Refreshing native plugins compatible for Editor in 0.93 ms, found 1 plugins.
Preloading 0 native plugins for Editor in 0.00 ms.
Unloading 13 Unused Serialized files (Serialized files now loaded: 0)
Unloading 7230 unused Assets / (2.8 MB). Loaded Objects now: 8428.
Memory consumption went from 180.3 MB to 177.5 MB.
Total: 29.292815 ms (FindLiveObjects: 2.044103 ms CreateObjectMapping: 2.290837 ms MarkObjects: 16.499902 ms  DeleteObjects: 8.455008 ms)

Prepare: number of updated asset objects reloaded= 0
========================================================================
Received Prepare
Begin MonoManager ReloadAssembly
- Loaded All Assemblies, in  0.953 seconds
Refreshing native plugins compatible for Editor in 0.47 ms, found 1 plugins.
Native extension for LinuxStandalone target not found
Mono: successfully reloaded assembly
- Finished resetting the current domain, in  1.458 seconds
Domain Reload Profiling: 2413ms
	BeginReloadAssembly (223ms)
		ExecutionOrderSort (0ms)
		DisableScriptedObjects (15ms)
		BackupInstance (0ms)
		ReleaseScriptingObjects (0ms)
		CreateAndSetChildDomain (108ms)
	RebuildCommonClasses (56ms)
	RebuildNativeTypeToScriptingClass (17ms)
	initialDomainReloadingComplete (48ms)
	LoadAllAssembliesAndSetupDomain (611ms)
		LoadAssemblies (386ms)
		RebuildTransferFunctionScriptingTraits (0ms)
		AnalyzeDomain (276ms)
			TypeCache.Refresh (14ms)
				TypeCache.ScanAssembly (0ms)
			BuildScriptInfoCaches (241ms)
			ResolveRequiredComponents (16ms)
	FinalizeReload (1459ms)
		ReleaseScriptCaches (0ms)
		RebuildScriptCaches (0ms)
		SetupLoadedEditorAssemblies (1038ms)
			LogAssemblyErrors (0ms)
			InitializePlatformSupportModulesInManaged (3ms)
			SetLoadedEditorAssemblies (4ms)
			BeforeProcessingInitializeOnLoad (73ms)
			ProcessInitializeOnLoadAttributes (844ms)
			ProcessInitializeOnLoadMethodAttributes (106ms)
			AfterProcessingInitializeOnLoad (8ms)
			EditorAssembliesLoaded (1ms)
		ExecutionOrderSort2 (0ms)
		AwakeInstancesAfterBackupRestoration (24ms)
Shader Hidden/ProbeVolume/VoxelizeScene is not supported: GPU does not support conservative rasterization
Refreshing native plugins compatible for Editor in 0.93 ms, found 1 plugins.
Preloading 0 native plugins for Editor in 0.00 ms.
Unloading 13 Unused Serialized files (Serialized files now loaded: 0)
Unloading 7242 unused Assets / (3.2 MB). Loaded Objects now: 8431.
Memory consumption went from 180.1 MB to 176.9 MB.
Total: 19.259639 ms (FindLiveObjects: 1.171456 ms CreateObjectMapping: 1.647378 ms MarkObjects: 12.316575 ms  DeleteObjects: 4.122259 ms)

Prepare: number of updated asset objects reloaded= 0
========================================================================
Received Prepare
Begin MonoManager ReloadAssembly
- Loaded All Assemblies, in  1.246 seconds
Refreshing native plugins compatible for Editor in 0.92 ms, found 1 plugins.
Native extension for LinuxStandalone target not found
Mono: successfully reloaded assembly
- Finished resetting the current domain, in  1.788 seconds
Domain Reload Profiling: 3037ms
	BeginReloadAssembly (302ms)
		ExecutionOrderSort (0ms)
		DisableScriptedObjects (25ms)
		BackupInstance (0ms)
		ReleaseScriptingObjects (0ms)
		CreateAndSetChildDomain (140ms)
	RebuildCommonClasses (71ms)
	RebuildNativeTypeToScriptingClass (17ms)
	initialDomainReloadingComplete (43ms)
	LoadAllAssembliesAndSetupDomain (815ms)
		LoadAssemblies (443ms)
		RebuildTransferFunctionScriptingTraits (0ms)
		AnalyzeDomain (440ms)
			TypeCache.Refresh (17ms)
				TypeCache.ScanAssembly (1ms)
			BuildScriptInfoCaches (392ms)
			ResolveRequiredComponents (23ms)
	FinalizeReload (1788ms)
		ReleaseScriptCaches (0ms)
		RebuildScriptCaches (0ms)
		SetupLoadedEditorAssemblies (1268ms)
			LogAssemblyErrors (0ms)
			InitializePlatformSupportModulesInManaged (5ms)
			SetLoadedEditorAssemblies (6ms)
			BeforeProcessingInitializeOnLoad (105ms)
			ProcessInitializeOnLoadAttributes (1014ms)
			ProcessInitializeOnLoadMethodAttributes (128ms)
			AfterProcessingInitializeOnLoad (9ms)
			EditorAssembliesLoaded (1ms)
		ExecutionOrderSort2 (0ms)
		AwakeInstancesAfterBackupRestoration (23ms)
Shader Hidden/ProbeVolume/VoxelizeScene is not supported: GPU does not support conservative rasterization
Refreshing native plugins compatible for Editor in 0.73 ms, found 1 plugins.
Preloading 0 native plugins for Editor in 0.00 ms.
Unloading 13 Unused Serialized files (Serialized files now loaded: 0)
Unloading 7242 unused Assets / (4.7 MB). Loaded Objects now: 8434.
Memory consumption went from 180.1 MB to 175.5 MB.
Total: 14.965929 ms (FindLiveObjects: 1.019658 ms CreateObjectMapping: 0.956929 ms MarkObjects: 9.194254 ms  DeleteObjects: 3.793259 ms)

Prepare: number of updated asset objects reloaded= 0
========================================================================
Received Prepare
Begin MonoManager ReloadAssembly
- Loaded All Assemblies, in  0.738 seconds
Refreshing native plugins compatible for Editor in 0.47 ms, found 1 plugins.
Native extension for LinuxStandalone target not found
Edgegap requires Json.NET to be imported to function. To import Json.NET navigate to Window -> Package Manager -> Click the + symbol and choose 'Add package by name' -> com.unity.nuget.newtonsoft-json -> Leave version blank and click Add. If you are not currently using Edgegap you may ignore this message.
UnityEngine.Debug:ExtractStackTraceNoAlloc (byte*,int,string)
UnityEngine.StackTraceUtility:ExtractStackTrace () (at /home/bokken/build/output/unity/unity/Runtime/Export/Scripting/StackTrace.cs:37)
UnityEngine.DebugLogHandler:Internal_Log (UnityEngine.LogType,UnityEngine.LogOption,string,UnityEngine.Object)
UnityEngine.DebugLogHandler:LogFormat (UnityEngine.LogType,UnityEngine.Object,string,object[])
UnityEngine.Logger:Log (UnityEngine.LogType,object)
UnityEngine.Debug:LogWarning (object)
Newtonsoft.Json.FallbackDisplayer:Initialize () (at Assets/Mirror/Hosting/Edgegap/Newtonsoft_Package_Patch.cs:47)
System.Reflection.RuntimeMethodInfo:Invoke (object,System.Reflection.BindingFlags,System.Reflection.Binder,object[],System.Globalization.CultureInfo)
System.Reflection.MethodBase:Invoke (object,object[])
UnityEditor.EditorAssemblies:ProcessInitializeOnLoadMethodAttributes () (at /home/bokken/build/output/unity/unity/Editor/Mono/EditorAssemblies.cs:142)

(Filename: Assets/Mirror/Hosting/Edgegap/Newtonsoft_Package_Patch.cs Line: 47)

Mono: successfully reloaded assembly
- Finished resetting the current domain, in  1.282 seconds
Domain Reload Profiling: 2023ms
	BeginReloadAssembly (188ms)
		ExecutionOrderSort (0ms)
		DisableScriptedObjects (13ms)
		BackupInstance (0ms)
		ReleaseScriptingObjects (0ms)
		CreateAndSetChildDomain (84ms)
	RebuildCommonClasses (49ms)
	RebuildNativeTypeToScriptingClass (9ms)
	initialDomainReloadingComplete (24ms)
	LoadAllAssembliesAndSetupDomain (470ms)
		LoadAssemblies (273ms)
		RebuildTransferFunctionScriptingTraits (0ms)
		AnalyzeDomain (245ms)
			TypeCache.Refresh (11ms)
				TypeCache.ScanAssembly (0ms)
			BuildScriptInfoCaches (218ms)
			ResolveRequiredComponents (13ms)
	FinalizeReload (1283ms)
		ReleaseScriptCaches (0ms)
		RebuildScriptCaches (0ms)
		SetupLoadedEditorAssemblies (881ms)
			LogAssemblyErrors (0ms)
			InitializePlatformSupportModulesInManaged (3ms)
			SetLoadedEditorAssemblies (4ms)
			BeforeProcessingInitializeOnLoad (75ms)
			ProcessInitializeOnLoadAttributes (625ms)
			ProcessInitializeOnLoadMethodAttributes (164ms)
			AfterProcessingInitializeOnLoad (9ms)
			EditorAssembliesLoaded (1ms)
		ExecutionOrderSort2 (0ms)
		AwakeInstancesAfterBackupRestoration (27ms)
Shader Hidden/ProbeVolume/VoxelizeScene is not supported: GPU does not support conservative rasterization
Refreshing native plugins compatible for Editor in 0.84 ms, found 1 plugins.
Preloading 0 native plugins for Editor in 0.00 ms.
Unloading 13 Unused Serialized files (Serialized files now loaded: 0)
Unloading 7242 unused Assets / (5.5 MB). Loaded Objects now: 8437.
Memory consumption went from 180.1 MB to 174.6 MB.
Total: 14.956912 ms (FindLiveObjects: 1.005034 ms CreateObjectMapping: 1.185400 ms MarkObjects: 8.826929 ms  DeleteObjects: 3.938304 ms)

Prepare: number of updated asset objects reloaded= 0
========================================================================
Received Prepare
Begin MonoManager ReloadAssembly
- Loaded All Assemblies, in  0.763 seconds
Refreshing native plugins compatible for Editor in 0.50 ms, found 1 plugins.
Native extension for LinuxStandalone target not found
Mono: successfully reloaded assembly
- Finished resetting the current domain, in  1.147 seconds
Domain Reload Profiling: 1913ms
	BeginReloadAssembly (201ms)
		ExecutionOrderSort (0ms)
		DisableScriptedObjects (19ms)
		BackupInstance (0ms)
		ReleaseScriptingObjects (0ms)
		CreateAndSetChildDomain (86ms)
	RebuildCommonClasses (37ms)
	RebuildNativeTypeToScriptingClass (9ms)
	initialDomainReloadingComplete (25ms)
	LoadAllAssembliesAndSetupDomain (492ms)
		LoadAssemblies (288ms)
		RebuildTransferFunctionScriptingTraits (0ms)
		AnalyzeDomain (248ms)
			TypeCache.Refresh (8ms)
				TypeCache.ScanAssembly (0ms)
			BuildScriptInfoCaches (222ms)
			ResolveRequiredComponents (13ms)
	FinalizeReload (1148ms)
		ReleaseScriptCaches (0ms)
		RebuildScriptCaches (0ms)
		SetupLoadedEditorAssemblies (757ms)
			LogAssemblyErrors (0ms)
			InitializePlatformSupportModulesInManaged (3ms)
			SetLoadedEditorAssemblies (4ms)
			BeforeProcessingInitializeOnLoad (82ms)
			ProcessInitializeOnLoadAttributes (556ms)
			ProcessInitializeOnLoadMethodAttributes (104ms)
			AfterProcessingInitializeOnLoad (8ms)
			EditorAssembliesLoaded (0ms)
		ExecutionOrderSort2 (0ms)
		AwakeInstancesAfterBackupRestoration (21ms)
Shader Hidden/ProbeVolume/VoxelizeScene is not supported: GPU does not support conservative rasterization
Refreshing native plugins compatible for Editor in 0.56 ms, found 1 plugins.
Preloading 0 native plugins for Editor in 0.00 ms.
Unloading 13 Unused Serialized files (Serialized files now loaded: 0)
Unloading 7242 unused Assets / (4.7 MB). Loaded Objects now: 8440.
Memory consumption went from 180.2 MB to 175.5 MB.
Total: 13.663538 ms (FindLiveObjects: 0.980701 ms CreateObjectMapping: 0.905492 ms MarkObjects: 7.886997 ms  DeleteObjects: 3.888492 ms)

Prepare: number of updated asset objects reloaded= 1
========================================================================
Received Prepare
Begin MonoManager ReloadAssembly
- Loaded All Assemblies, in  0.909 seconds
Refreshing native plugins compatible for Editor in 0.60 ms, found 1 plugins.
Native extension for LinuxStandalone target not found
Mono: successfully reloaded assembly
- Finished resetting the current domain, in  1.868 seconds
Domain Reload Profiling: 2781ms
	BeginReloadAssembly (190ms)
		ExecutionOrderSort (0ms)
		DisableScriptedObjects (13ms)
		BackupInstance (0ms)
		ReleaseScriptingObjects (0ms)
		CreateAndSetChildDomain (85ms)
	RebuildCommonClasses (39ms)
	RebuildNativeTypeToScriptingClass (9ms)
	initialDomainReloadingComplete (25ms)
	LoadAllAssembliesAndSetupDomain (650ms)
		LoadAssemblies (320ms)
		RebuildTransferFunctionScriptingTraits (0ms)
		AnalyzeDomain (375ms)
			TypeCache.Refresh (12ms)
				TypeCache.ScanAssembly (0ms)
			BuildScriptInfoCaches (334ms)
			ResolveRequiredComponents (23ms)
	FinalizeReload (1868ms)
		ReleaseScriptCaches (0ms)
		RebuildScriptCaches (0ms)
		SetupLoadedEditorAssemblies (1333ms)
			LogAssemblyErrors (0ms)
			InitializePlatformSupportModulesInManaged (5ms)
			SetLoadedEditorAssemblies (6ms)
			BeforeProcessingInitializeOnLoad (148ms)
			ProcessInitializeOnLoadAttributes (1035ms)
			ProcessInitializeOnLoadMethodAttributes (128ms)
			AfterProcessingInitializeOnLoad (10ms)
			EditorAssembliesLoaded (1ms)
		ExecutionOrderSort2 (0ms)
		AwakeInstancesAfterBackupRestoration (24ms)
Shader Hidden/ProbeVolume/VoxelizeScene is not supported: GPU does not support conservative rasterization
Refreshing native plugins compatible for Editor in 0.78 ms, found 1 plugins.
Preloading 0 native plugins for Editor in 0.00 ms.
Unloading 13 Unused Serialized files (Serialized files now loaded: 0)
Unloading 7242 unused Assets / (4.6 MB). Loaded Objects now: 8443.
Memory consumption went from 180.2 MB to 175.5 MB.
Total: 29.380629 ms (FindLiveObjects: 2.157444 ms CreateObjectMapping: 3.849359 ms MarkObjects: 15.410112 ms  DeleteObjects: 7.960573 ms)

Prepare: number of updated asset objects reloaded= 0
========================================================================
Received Prepare
Begin MonoManager ReloadAssembly
- Loaded All Assemblies, in  0.737 seconds
Refreshing native plugins compatible for Editor in 0.49 ms, found 1 plugins.
Native extension for LinuxStandalone target not found
Mono: successfully reloaded assembly
- Finished resetting the current domain, in  1.107 seconds
Domain Reload Profiling: 1848ms
	BeginReloadAssembly (192ms)
		ExecutionOrderSort (0ms)
		DisableScriptedObjects (13ms)
		BackupInstance (0ms)
		ReleaseScriptingObjects (0ms)
		CreateAndSetChildDomain (84ms)
	RebuildCommonClasses (39ms)
	RebuildNativeTypeToScriptingClass (10ms)
	initialDomainReloadingComplete (28ms)
	LoadAllAssembliesAndSetupDomain (471ms)
		LoadAssemblies (285ms)
		RebuildTransferFunctionScriptingTraits (0ms)
		AnalyzeDomain (236ms)
			TypeCache.Refresh (9ms)
				TypeCache.ScanAssembly (0ms)
			BuildScriptInfoCaches (210ms)
			ResolveRequiredComponents (13ms)
	FinalizeReload (1108ms)
		ReleaseScriptCaches (0ms)
		RebuildScriptCaches (0ms)
		SetupLoadedEditorAssemblies (746ms)
			LogAssemblyErrors (0ms)
			InitializePlatformSupportModulesInManaged (3ms)
			SetLoadedEditorAssemblies (4ms)
			BeforeProcessingInitializeOnLoad (72ms)
			ProcessInitializeOnLoadAttributes (552ms)
			ProcessInitializeOnLoadMethodAttributes (109ms)
			AfterProcessingInitializeOnLoad (5ms)
			EditorAssembliesLoaded (0ms)
		ExecutionOrderSort2 (0ms)
		AwakeInstancesAfterBackupRestoration (16ms)
Shader Hidden/ProbeVolume/VoxelizeScene is not supported: GPU does not support conservative rasterization
Refreshing native plugins compatible for Editor in 0.54 ms, found 1 plugins.
Preloading 0 native plugins for Editor in 0.00 ms.
Unloading 13 Unused Serialized files (Serialized files now loaded: 0)
Unloading 7242 unused Assets / (5.2 MB). Loaded Objects now: 8446.
Memory consumption went from 180.2 MB to 175.0 MB.
Total: 15.024544 ms (FindLiveObjects: 0.812118 ms CreateObjectMapping: 0.797525 ms MarkObjects: 10.118974 ms  DeleteObjects: 3.292494 ms)

Prepare: number of updated asset objects reloaded= 0
========================================================================
Received Prepare
Begin MonoManager ReloadAssembly
- Loaded All Assemblies, in  0.748 seconds
Refreshing native plugins compatible for Editor in 0.49 ms, found 1 plugins.
Native extension for LinuxStandalone target not found
Mono: successfully reloaded assembly
- Finished resetting the current domain, in  1.103 seconds
Domain Reload Profiling: 1854ms
	BeginReloadAssembly (197ms)
		ExecutionOrderSort (0ms)
		DisableScriptedObjects (13ms)
		BackupInstance (0ms)
		ReleaseScriptingObjects (0ms)
		CreateAndSetChildDomain (86ms)
	RebuildCommonClasses (38ms)
	RebuildNativeTypeToScriptingClass (9ms)
	initialDomainReloadingComplete (25ms)
	LoadAllAssembliesAndSetupDomain (482ms)
		LoadAssemblies (282ms)
		RebuildTransferFunctionScriptingTraits (0ms)
		AnalyzeDomain (251ms)
			TypeCache.Refresh (8ms)
				TypeCache.ScanAssembly (0ms)
			BuildScriptInfoCaches (225ms)
			ResolveRequiredComponents (14ms)
	FinalizeReload (1104ms)
		ReleaseScriptCaches (0ms)
		RebuildScriptCaches (0ms)
		SetupLoadedEditorAssemblies (760ms)
			LogAssemblyErrors (0ms)
			InitializePlatformSupportModulesInManaged (3ms)
			SetLoadedEditorAssemblies (4ms)
			BeforeProcessingInitializeOnLoad (80ms)
			ProcessInitializeOnLoadAttributes (581ms)
			ProcessInitializeOnLoadMethodAttributes (87ms)
			AfterProcessingInitializeOnLoad (5ms)
			EditorAssembliesLoaded (0ms)
		ExecutionOrderSort2 (0ms)
		AwakeInstancesAfterBackupRestoration (17ms)
Shader Hidden/ProbeVolume/VoxelizeScene is not supported: GPU does not support conservative rasterization
Refreshing native plugins compatible for Editor in 0.60 ms, found 1 plugins.
Preloading 0 native plugins for Editor in 0.00 ms.
Unloading 13 Unused Serialized files (Serialized files now loaded: 0)
Unloading 7242 unused Assets / (5.0 MB). Loaded Objects now: 8449.
Memory consumption went from 180.2 MB to 175.2 MB.
Total: 14.356250 ms (FindLiveObjects: 1.574049 ms CreateObjectMapping: 1.559739 ms MarkObjects: 6.501570 ms  DeleteObjects: 4.718212 ms)

Prepare: number of updated asset objects reloaded= 1
========================================================================
Received Prepare
Shader Hidden/ProbeVolume/VoxelizeScene is not supported: GPU does not support conservative rasterization
Refreshing native plugins compatible for Editor in 0.86 ms, found 1 plugins.
Preloading 0 native plugins for Editor in 0.00 ms.
Unloading 13 Unused Serialized files (Serialized files now loaded: 0)
Unloading 7231 unused Assets / (5.2 MB). Loaded Objects now: 8450.
Memory consumption went from 180.4 MB to 175.2 MB.
Total: 17.151390 ms (FindLiveObjects: 1.138540 ms CreateObjectMapping: 1.291612 ms MarkObjects: 9.950290 ms  DeleteObjects: 4.768126 ms)

Prepare: number of updated asset objects reloaded= 0
========================================================================
Received Prepare
Begin MonoManager ReloadAssembly
- Loaded All Assemblies, in  0.773 seconds
Refreshing native plugins compatible for Editor in 0.50 ms, found 1 plugins.
Native extension for LinuxStandalone target not found
Mono: successfully reloaded assembly
- Finished resetting the current domain, in  1.402 seconds
Domain Reload Profiling: 2177ms
	BeginReloadAssembly (205ms)
		ExecutionOrderSort (0ms)
		DisableScriptedObjects (18ms)
		BackupInstance (0ms)
		ReleaseScriptingObjects (0ms)
		CreateAndSetChildDomain (95ms)
	RebuildCommonClasses (40ms)
	RebuildNativeTypeToScriptingClass (10ms)
	initialDomainReloadingComplete (26ms)
	LoadAllAssembliesAndSetupDomain (493ms)
		LoadAssemblies (300ms)
		RebuildTransferFunctionScriptingTraits (0ms)
		AnalyzeDomain (244ms)
			TypeCache.Refresh (11ms)
				TypeCache.ScanAssembly (1ms)
			BuildScriptInfoCaches (214ms)
			ResolveRequiredComponents (14ms)
	FinalizeReload (1403ms)
		ReleaseScriptCaches (0ms)
		RebuildScriptCaches (0ms)
		SetupLoadedEditorAssemblies (987ms)
			LogAssemblyErrors (0ms)
			InitializePlatformSupportModulesInManaged (4ms)
			SetLoadedEditorAssemblies (5ms)
			BeforeProcessingInitializeOnLoad (103ms)
			ProcessInitializeOnLoadAttributes (715ms)
			ProcessInitializeOnLoadMethodAttributes (154ms)
			AfterProcessingInitializeOnLoad (7ms)
			EditorAssembliesLoaded (1ms)
		ExecutionOrderSort2 (0ms)
		AwakeInstancesAfterBackupRestoration (17ms)
Shader Hidden/ProbeVolume/VoxelizeScene is not supported: GPU does not support conservative rasterization
Refreshing native plugins compatible for Editor in 0.66 ms, found 1 plugins.
Preloading 0 native plugins for Editor in 0.00 ms.
Unloading 13 Unused Serialized files (Serialized files now loaded: 0)
Unloading 7243 unused Assets / (5.1 MB). Loaded Objects now: 8453.
Memory consumption went from 180.2 MB to 175.0 MB.
Total: 15.502146 ms (FindLiveObjects: 1.149241 ms CreateObjectMapping: 1.670963 ms MarkObjects: 8.901780 ms  DeleteObjects: 3.778464 ms)

Prepare: number of updated asset objects reloaded= 0
========================================================================
Received Prepare
Begin MonoManager ReloadAssembly
- Loaded All Assemblies, in  1.127 seconds
Refreshing native plugins compatible for Editor in 0.93 ms, found 1 plugins.
Native extension for LinuxStandalone target not found
Mono: successfully reloaded assembly
- Finished resetting the current domain, in  1.952 seconds
Domain Reload Profiling: 3080ms
	BeginReloadAssembly (306ms)
		ExecutionOrderSort (0ms)
		DisableScriptedObjects (24ms)
		BackupInstance (0ms)
		ReleaseScriptingObjects (0ms)
		CreateAndSetChildDomain (137ms)
	RebuildCommonClasses (77ms)
	RebuildNativeTypeToScriptingClass (17ms)
	initialDomainReloadingComplete (44ms)
	LoadAllAssembliesAndSetupDomain (682ms)
		LoadAssemblies (436ms)
		RebuildTransferFunctionScriptingTraits (0ms)
		AnalyzeDomain (323ms)
			TypeCache.Refresh (16ms)
				TypeCache.ScanAssembly (1ms)
			BuildScriptInfoCaches (286ms)
			ResolveRequiredComponents (16ms)
	FinalizeReload (1953ms)
		ReleaseScriptCaches (0ms)
		RebuildScriptCaches (0ms)
		SetupLoadedEditorAssemblies (1357ms)
			LogAssemblyErrors (0ms)
			InitializePlatformSupportModulesInManaged (5ms)
			SetLoadedEditorAssemblies (6ms)
			BeforeProcessingInitializeOnLoad (100ms)
			ProcessInitializeOnLoadAttributes (1066ms)
			ProcessInitializeOnLoadMethodAttributes (163ms)
			AfterProcessingInitializeOnLoad (15ms)
			EditorAssembliesLoaded (2ms)
		ExecutionOrderSort2 (0ms)
		AwakeInstancesAfterBackupRestoration (32ms)
Shader Hidden/ProbeVolume/VoxelizeScene is not supported: GPU does not support conservative rasterization
Refreshing native plugins compatible for Editor in 1.08 ms, found 1 plugins.
Preloading 0 native plugins for Editor in 0.00 ms.
Unloading 13 Unused Serialized files (Serialized files now loaded: 0)
Unloading 7243 unused Assets / (4.3 MB). Loaded Objects now: 8456.
Memory consumption went from 180.2 MB to 175.9 MB.
Total: 21.980527 ms (FindLiveObjects: 1.799240 ms CreateObjectMapping: 1.833864 ms MarkObjects: 13.064594 ms  DeleteObjects: 5.279359 ms)

Prepare: number of updated asset objects reloaded= 0
========================================================================
Received Prepare
Shader Hidden/ProbeVolume/VoxelizeScene is not supported: GPU does not support conservative rasterization
Refreshing native plugins compatible for Editor in 0.59 ms, found 1 plugins.
Preloading 0 native plugins for Editor in 0.00 ms.
Unloading 13 Unused Serialized files (Serialized files now loaded: 0)
Unloading 7231 unused Assets / (3.4 MB). Loaded Objects now: 8456.
Memory consumption went from 180.4 MB to 176.9 MB.
Total: 12.452395 ms (FindLiveObjects: 1.081715 ms CreateObjectMapping: 0.955842 ms MarkObjects: 7.255990 ms  DeleteObjects: 3.156937 ms)

Prepare: number of updated asset objects reloaded= 0
========================================================================
Received Prepare
Begin MonoManager ReloadAssembly
- Loaded All Assemblies, in  0.947 seconds
Refreshing native plugins compatible for Editor in 0.67 ms, found 1 plugins.
Native extension for LinuxStandalone target not found
Mono: successfully reloaded assembly
- Finished resetting the current domain, in  1.396 seconds
Domain Reload Profiling: 2345ms
	BeginReloadAssembly (246ms)
		ExecutionOrderSort (0ms)
		DisableScriptedObjects (17ms)
		BackupInstance (0ms)
		ReleaseScriptingObjects (0ms)
		CreateAndSetChildDomain (109ms)
	RebuildCommonClasses (48ms)
	RebuildNativeTypeToScriptingClass (11ms)
	initialDomainReloadingComplete (31ms)
	LoadAllAssembliesAndSetupDomain (613ms)
		LoadAssemblies (366ms)
		RebuildTransferFunctionScriptingTraits (0ms)
		AnalyzeDomain (310ms)
			TypeCache.Refresh (13ms)
				TypeCache.ScanAssembly (1ms)
			BuildScriptInfoCaches (275ms)
			ResolveRequiredComponents (17ms)
	FinalizeReload (1396ms)
		ReleaseScriptCaches (0ms)
		RebuildScriptCaches (0ms)
		SetupLoadedEditorAssemblies (977ms)
			LogAssemblyErrors (0ms)
			InitializePlatformSupportModulesInManaged (4ms)
			SetLoadedEditorAssemblies (5ms)
			BeforeProcessingInitializeOnLoad (102ms)
			ProcessInitializeOnLoadAttributes (743ms)
			ProcessInitializeOnLoadMethodAttributes (116ms)
			AfterProcessingInitializeOnLoad (7ms)
			EditorAssembliesLoaded (0ms)
		ExecutionOrderSort2 (0ms)
		AwakeInstancesAfterBackupRestoration (17ms)
Shader Hidden/ProbeVolume/VoxelizeScene is not supported: GPU does not support conservative rasterization
Refreshing native plugins compatible for Editor in 0.65 ms, found 1 plugins.
Preloading 0 native plugins for Editor in 0.00 ms.
Unloading 13 Unused Serialized files (Serialized files now loaded: 0)
Unloading 7243 unused Assets / (4.1 MB). Loaded Objects now: 8459.
Memory consumption went from 180.2 MB to 176.1 MB.
Total: 13.517221 ms (FindLiveObjects: 0.894472 ms CreateObjectMapping: 0.889351 ms MarkObjects: 8.510385 ms  DeleteObjects: 3.221677 ms)

Prepare: number of updated asset objects reloaded= 0
========================================================================
Received Prepare
Shader Hidden/ProbeVolume/VoxelizeScene is not supported: GPU does not support conservative rasterization
Refreshing native plugins compatible for Editor in 0.69 ms, found 1 plugins.
Preloading 0 native plugins for Editor in 0.00 ms.
Unloading 13 Unused Serialized files (Serialized files now loaded: 0)
Unloading 7232 unused Assets / (4.8 MB). Loaded Objects now: 8460.
Memory consumption went from 180.4 MB to 175.6 MB.
Total: 12.640806 ms (FindLiveObjects: 0.932199 ms CreateObjectMapping: 0.841787 ms MarkObjects: 7.809001 ms  DeleteObjects: 3.056210 ms)

Prepare: number of updated asset objects reloaded= 0
========================================================================
Received Prepare
Begin MonoManager ReloadAssembly
- Loaded All Assemblies, in  1.550 seconds
Refreshing native plugins compatible for Editor in 1.00 ms, found 1 plugins.
Native extension for LinuxStandalone target not found
Mono: successfully reloaded assembly
- Finished resetting the current domain, in  1.353 seconds
Domain Reload Profiling: 2905ms
	BeginReloadAssembly (361ms)
		ExecutionOrderSort (0ms)
		DisableScriptedObjects (30ms)
		BackupInstance (0ms)
		ReleaseScriptingObjects (0ms)
		CreateAndSetChildDomain (165ms)
	RebuildCommonClasses (86ms)
	RebuildNativeTypeToScriptingClass (17ms)
	initialDomainReloadingComplete (52ms)
	LoadAllAssembliesAndSetupDomain (1036ms)
		LoadAssemblies (523ms)
		RebuildTransferFunctionScriptingTraits (0ms)
		AnalyzeDomain (600ms)
			TypeCache.Refresh (15ms)
				TypeCache.ScanAssembly (1ms)
			BuildScriptInfoCaches (545ms)
			ResolveRequiredComponents (33ms)
	FinalizeReload (1354ms)
		ReleaseScriptCaches (0ms)
		RebuildScriptCaches (0ms)
		SetupLoadedEditorAssemblies (880ms)
			LogAssemblyErrors (0ms)
			InitializePlatformSupportModulesInManaged (4ms)
			SetLoadedEditorAssemblies (6ms)
			BeforeProcessingInitializeOnLoad (88ms)
			ProcessInitializeOnLoadAttributes (674ms)
			ProcessInitializeOnLoadMethodAttributes (101ms)
			AfterProcessingInitializeOnLoad (7ms)
			EditorAssembliesLoaded (0ms)
		ExecutionOrderSort2 (0ms)
		AwakeInstancesAfterBackupRestoration (17ms)
Shader Hidden/ProbeVolume/VoxelizeScene is not supported: GPU does not support conservative rasterization
Refreshing native plugins compatible for Editor in 1.10 ms, found 1 plugins.
Preloading 0 native plugins for Editor in 0.00 ms.
Unloading 13 Unused Serialized files (Serialized files now loaded: 0)
Unloading 7244 unused Assets / (6.0 MB). Loaded Objects now: 8463.
Memory consumption went from 180.2 MB to 174.2 MB.
Total: 24.509480 ms (FindLiveObjects: 1.657478 ms CreateObjectMapping: 1.732837 ms MarkObjects: 14.283634 ms  DeleteObjects: 6.832493 ms)

Prepare: number of updated asset objects reloaded= 0
========================================================================
Received Import Request.
  Time since last request: 3065.369488 seconds.
  path: Assets/Scripts/GameHUD.cs
  artifactKey: Guid(978c343f40cbab3d18db0ad67b720920) Importer(815301076,1909f56bfc062723c751e8b465ee728b)
Start importing Assets/Scripts/GameHUD.cs using Guid(978c343f40cbab3d18db0ad67b720920) Importer(815301076,1909f56bfc062723c751e8b465ee728b) (PreviewImporter) -> (artifact id: '00000000000000000000000000000000') in 0.013622641 seconds
Import Error Code:(4)
Message: Build asset version error: assets/scripts/gamehud.cs in SourceAssetDB has modification time of '2025-12-16T22:03:39Z' while content on disk has modification time of '2025-12-16T22:03:54Z'
  ERROR: Build asset version error: assets/scripts/gamehud.cs in SourceAssetDB has modification time of '2025-12-16T22:03:39Z' while content on disk has modification time of '2025-12-16T22:03:54Z'
Number of updated asset objects reloaded before import = 0Number of asset objects unloaded after import = 0

========================================================================
Received Prepare
Begin MonoManager ReloadAssembly
- Loaded All Assemblies, in  1.459 seconds
Refreshing native plugins compatible for Editor in 0.62 ms, found 1 plugins.
Native extension for LinuxStandalone target not found
Mono: successfully reloaded assembly
- Finished resetting the current domain, in  1.210 seconds
Domain Reload Profiling: 2671ms
	BeginReloadAssembly (335ms)
		ExecutionOrderSort (0ms)
		DisableScriptedObjects (29ms)
		BackupInstance (0ms)
		ReleaseScriptingObjects (0ms)
		CreateAndSetChildDomain (150ms)
	RebuildCommonClasses (76ms)
	RebuildNativeTypeToScriptingClass (21ms)
	initialDomainReloadingComplete (52ms)
	LoadAllAssembliesAndSetupDomain (977ms)
		LoadAssemblies (527ms)
		RebuildTransferFunctionScriptingTraits (0ms)
		AnalyzeDomain (525ms)
			TypeCache.Refresh (19ms)
				TypeCache.ScanAssembly (1ms)
			BuildScriptInfoCaches (471ms)
			ResolveRequiredComponents (29ms)
	FinalizeReload (1210ms)
		ReleaseScriptCaches (0ms)
		RebuildScriptCaches (0ms)
		SetupLoadedEditorAssemblies (822ms)
			LogAssemblyErrors (0ms)
			InitializePlatformSupportModulesInManaged (4ms)
			SetLoadedEditorAssemblies (5ms)
			BeforeProcessingInitializeOnLoad (103ms)
			ProcessInitializeOnLoadAttributes (614ms)
			ProcessInitializeOnLoadMethodAttributes (89ms)
			AfterProcessingInitializeOnLoad (6ms)
			EditorAssembliesLoaded (0ms)
		ExecutionOrderSort2 (0ms)
		AwakeInstancesAfterBackupRestoration (14ms)
Shader Hidden/ProbeVolume/VoxelizeScene is not supported: GPU does not support conservative rasterization
Refreshing native plugins compatible for Editor in 0.65 ms, found 1 plugins.
Preloading 0 native plugins for Editor in 0.00 ms.
Unloading 13 Unused Serialized files (Serialized files now loaded: 0)
Unloading 7244 unused Assets / (5.2 MB). Loaded Objects now: 8466.
Memory consumption went from 180.2 MB to 175.0 MB.
Total: 13.734549 ms (FindLiveObjects: 0.840245 ms CreateObjectMapping: 0.742500 ms MarkObjects: 8.680232 ms  DeleteObjects: 3.470045 ms)

Prepare: number of updated asset objects reloaded= 0
========================================================================
Received Prepare
Shader Hidden/ProbeVolume/VoxelizeScene is not supported: GPU does not support conservative rasterization
Refreshing native plugins compatible for Editor in 0.66 ms, found 1 plugins.
Preloading 0 native plugins for Editor in 0.00 ms.
Unloading 13 Unused Serialized files (Serialized files now loaded: 0)
Unloading 7232 unused Assets / (5.9 MB). Loaded Objects now: 8466.
Memory consumption went from 180.4 MB to 174.5 MB.
Total: 16.170203 ms (FindLiveObjects: 0.880684 ms CreateObjectMapping: 1.118046 ms MarkObjects: 9.117694 ms  DeleteObjects: 5.052410 ms)

Prepare: number of updated asset objects reloaded= 0
========================================================================
Received Prepare
Begin MonoManager ReloadAssembly
- Loaded All Assemblies, in  1.038 seconds
Refreshing native plugins compatible for Editor in 0.62 ms, found 1 plugins.
Native extension for LinuxStandalone target not found
Edgegap requires Json.NET to be imported to function. To import Json.NET navigate to Window -> Package Manager -> Click the + symbol and choose 'Add package by name' -> com.unity.nuget.newtonsoft-json -> Leave version blank and click Add. If you are not currently using Edgegap you may ignore this message.
UnityEngine.Debug:ExtractStackTraceNoAlloc (byte*,int,string)
UnityEngine.StackTraceUtility:ExtractStackTrace () (at /home/bokken/build/output/unity/unity/Runtime/Export/Scripting/StackTrace.cs:37)
UnityEngine.DebugLogHandler:Internal_Log (UnityEngine.LogType,UnityEngine.LogOption,string,UnityEngine.Object)
UnityEngine.DebugLogHandler:LogFormat (UnityEngine.LogType,UnityEngine.Object,string,object[])
UnityEngine.Logger:Log (UnityEngine.LogType,object)
UnityEngine.Debug:LogWarning (object)
Newtonsoft.Json.FallbackDisplayer:Initialize () (at Assets/Mirror/Hosting/Edgegap/Newtonsoft_Package_Patch.cs:47)
System.Reflection.RuntimeMethodInfo:Invoke (object,System.Reflection.BindingFlags,System.Reflection.Binder,object[],System.Globalization.CultureInfo)
System.Reflection.MethodBase:Invoke (object,object[])
UnityEditor.EditorAssemblies:ProcessInitializeOnLoadMethodAttributes () (at /home/bokken/build/output/unity/unity/Editor/Mono/EditorAssemblies.cs:142)

(Filename: Assets/Mirror/Hosting/Edgegap/Newtonsoft_Package_Patch.cs Line: 47)

Mono: successfully reloaded assembly
- Finished resetting the current domain, in  1.892 seconds
Domain Reload Profiling: 2932ms
	BeginReloadAssembly (282ms)
		ExecutionOrderSort (0ms)
		DisableScriptedObjects (22ms)
		BackupInstance (0ms)
		ReleaseScriptingObjects (0ms)
		CreateAndSetChildDomain (121ms)
	RebuildCommonClasses (54ms)
	RebuildNativeTypeToScriptingClass (11ms)
	initialDomainReloadingComplete (32ms)
	LoadAllAssembliesAndSetupDomain (660ms)
		LoadAssemblies (415ms)
		RebuildTransferFunctionScriptingTraits (0ms)
		AnalyzeDomain (328ms)
			TypeCache.Refresh (15ms)
				TypeCache.ScanAssembly (1ms)
			BuildScriptInfoCaches (292ms)
			ResolveRequiredComponents (17ms)
	FinalizeReload (1893ms)
		ReleaseScriptCaches (0ms)
		RebuildScriptCaches (0ms)
		SetupLoadedEditorAssemblies (1313ms)
			LogAssemblyErrors (0ms)
			InitializePlatformSupportModulesInManaged (3ms)
			SetLoadedEditorAssemblies (5ms)
			BeforeProcessingInitializeOnLoad (99ms)
			ProcessInitializeOnLoadAttributes (1008ms)
			ProcessInitializeOnLoadMethodAttributes (184ms)
			AfterProcessingInitializeOnLoad (13ms)
			EditorAssembliesLoaded (1ms)
		ExecutionOrderSort2 (0ms)
		AwakeInstancesAfterBackupRestoration (33ms)
Shader Hidden/ProbeVolume/VoxelizeScene is not supported: GPU does not support conservative rasterization
Refreshing native plugins compatible for Editor in 1.10 ms, found 1 plugins.
Preloading 0 native plugins for Editor in 0.00 ms.
Unloading 13 Unused Serialized files (Serialized files now loaded: 0)
Unloading 7244 unused Assets / (4.5 MB). Loaded Objects now: 8469.
Memory consumption went from 180.2 MB to 175.8 MB.
Total: 25.835068 ms (FindLiveObjects: 1.182926 ms CreateObjectMapping: 1.721376 ms MarkObjects: 13.330547 ms  DeleteObjects: 9.597873 ms)

Prepare: number of updated asset objects reloaded= 0
========================================================================
Received Prepare
Begin MonoManager ReloadAssembly
- Loaded All Assemblies, in  0.933 seconds
Refreshing native plugins compatible for Editor in 0.62 ms, found 1 plugins.
Native extension for LinuxStandalone target not found
Mono: successfully reloaded assembly
- Finished resetting the current domain, in  1.368 seconds
Domain Reload Profiling: 2304ms
	BeginReloadAssembly (232ms)
		ExecutionOrderSort (0ms)
		DisableScriptedObjects (17ms)
		BackupInstance (0ms)
		ReleaseScriptingObjects (0ms)
		CreateAndSetChildDomain (101ms)
	RebuildCommonClasses (50ms)
	RebuildNativeTypeToScriptingClass (12ms)
	initialDomainReloadingComplete (33ms)
	LoadAllAssembliesAndSetupDomain (608ms)
		LoadAssemblies (355ms)
		RebuildTransferFunctionScriptingTraits (0ms)
		AnalyzeDomain (312ms)
			TypeCache.Refresh (10ms)
				TypeCache.ScanAssembly (0ms)
			BuildScriptInfoCaches (281ms)
			ResolveRequiredComponents (17ms)
	FinalizeReload (1369ms)
		ReleaseScriptCaches (0ms)
		RebuildScriptCaches (0ms)
		SetupLoadedEditorAssemblies (930ms)
			LogAssemblyErrors (0ms)
			InitializePlatformSupportModulesInManaged (3ms)
			SetLoadedEditorAssemblies (6ms)
			BeforeProcessingInitializeOnLoad (78ms)
			ProcessInitializeOnLoadAttributes (700ms)
			ProcessInitializeOnLoadMethodAttributes (132ms)
			AfterProcessingInitializeOnLoad (10ms)
			EditorAssembliesLoaded (1ms)
		ExecutionOrderSort2 (0ms)
		AwakeInstancesAfterBackupRestoration (20ms)
Shader Hidden/ProbeVolume/VoxelizeScene is not supported: GPU does not support conservative rasterization
Refreshing native plugins compatible for Editor in 0.75 ms, found 1 plugins.
Preloading 0 native plugins for Editor in 0.00 ms.
Unloading 13 Unused Serialized files (Serialized files now loaded: 0)
Unloading 7244 unused Assets / (4.0 MB). Loaded Objects now: 8472.
Memory consumption went from 180.2 MB to 176.2 MB.
Total: 16.306622 ms (FindLiveObjects: 1.279676 ms CreateObjectMapping: 1.169364 ms MarkObjects: 9.439516 ms  DeleteObjects: 4.415865 ms)

Prepare: number of updated asset objects reloaded= 1
========================================================================
Received Prepare
Begin MonoManager ReloadAssembly
- Loaded All Assemblies, in  1.023 seconds
Refreshing native plugins compatible for Editor in 1.04 ms, found 1 plugins.
Native extension for LinuxStandalone target not found
Mono: successfully reloaded assembly
- Finished resetting the current domain, in  1.500 seconds
Domain Reload Profiling: 2528ms
	BeginReloadAssembly (238ms)
		ExecutionOrderSort (0ms)
		DisableScriptedObjects (24ms)
		BackupInstance (0ms)
		ReleaseScriptingObjects (0ms)
		CreateAndSetChildDomain (105ms)
	RebuildCommonClasses (48ms)
	RebuildNativeTypeToScriptingClass (12ms)
	initialDomainReloadingComplete (33ms)
	LoadAllAssembliesAndSetupDomain (697ms)
		LoadAssemblies (353ms)
		RebuildTransferFunctionScriptingTraits (0ms)
		AnalyzeDomain (397ms)
			TypeCache.Refresh (10ms)
				TypeCache.ScanAssembly (0ms)
			BuildScriptInfoCaches (353ms)
			ResolveRequiredComponents (28ms)
	FinalizeReload (1501ms)
		ReleaseScriptCaches (0ms)
		RebuildScriptCaches (0ms)
		SetupLoadedEditorAssemblies (893ms)
			LogAssemblyErrors (0ms)
			InitializePlatformSupportModulesInManaged (4ms)
			SetLoadedEditorAssemblies (5ms)
			BeforeProcessingInitializeOnLoad (99ms)
			ProcessInitializeOnLoadAttributes (650ms)
			ProcessInitializeOnLoadMethodAttributes (126ms)
			AfterProcessingInitializeOnLoad (8ms)
			EditorAssembliesLoaded (1ms)
		ExecutionOrderSort2 (0ms)
		AwakeInstancesAfterBackupRestoration (21ms)
Shader Hidden/ProbeVolume/VoxelizeScene is not supported: GPU does not support conservative rasterization
Refreshing native plugins compatible for Editor in 1.24 ms, found 1 plugins.
Preloading 0 native plugins for Editor in 0.00 ms.
Unloading 13 Unused Serialized files (Serialized files now loaded: 0)
Unloading 7244 unused Assets / (3.5 MB). Loaded Objects now: 8475.
Memory consumption went from 180.2 MB to 176.8 MB.
Total: 24.198510 ms (FindLiveObjects: 1.326348 ms CreateObjectMapping: 1.981634 ms MarkObjects: 15.911407 ms  DeleteObjects: 4.976762 ms)

Prepare: number of updated asset objects reloaded= 0
========================================================================
Received Prepare
Begin MonoManager ReloadAssembly
- Loaded All Assemblies, in  0.953 seconds
Refreshing native plugins compatible for Editor in 0.62 ms, found 1 plugins.
Native extension for LinuxStandalone target not found
Mono: successfully reloaded assembly
- Finished resetting the current domain, in  1.396 seconds
Domain Reload Profiling: 2352ms
	BeginReloadAssembly (236ms)
		ExecutionOrderSort (0ms)
		DisableScriptedObjects (17ms)
		BackupInstance (0ms)
		ReleaseScriptingObjects (0ms)
		CreateAndSetChildDomain (108ms)
	RebuildCommonClasses (54ms)
	RebuildNativeTypeToScriptingClass (12ms)
	initialDomainReloadingComplete (35ms)
	LoadAllAssembliesAndSetupDomain (617ms)
		LoadAssemblies (353ms)
		RebuildTransferFunctionScriptingTraits (0ms)
		AnalyzeDomain (322ms)
			TypeCache.Refresh (10ms)
				TypeCache.ScanAssembly (0ms)
			BuildScriptInfoCaches (289ms)
			ResolveRequiredComponents (19ms)
	FinalizeReload (1397ms)
		ReleaseScriptCaches (0ms)
		RebuildScriptCaches (0ms)
		SetupLoadedEditorAssemblies (949ms)
			LogAssemblyErrors (0ms)
			InitializePlatformSupportModulesInManaged (4ms)
			SetLoadedEditorAssemblies (5ms)
			BeforeProcessingInitializeOnLoad (91ms)
			ProcessInitializeOnLoadAttributes (720ms)
			ProcessInitializeOnLoadMethodAttributes (121ms)
			AfterProcessingInitializeOnLoad (8ms)
			EditorAssembliesLoaded (0ms)
		ExecutionOrderSort2 (0ms)
		AwakeInstancesAfterBackupRestoration (22ms)
Shader Hidden/ProbeVolume/VoxelizeScene is not supported: GPU does not support conservative rasterization
Refreshing native plugins compatible for Editor in 1.18 ms, found 1 plugins.
Preloading 0 native plugins for Editor in 0.00 ms.
Unloading 13 Unused Serialized files (Serialized files now loaded: 0)
Unloading 7244 unused Assets / (4.4 MB). Loaded Objects now: 8478.
Memory consumption went from 180.2 MB to 175.8 MB.
Total: 25.118594 ms (FindLiveObjects: 1.363896 ms CreateObjectMapping: 1.462776 ms MarkObjects: 15.478600 ms  DeleteObjects: 6.810644 ms)

Prepare: number of updated asset objects reloaded= 0
========================================================================
Received Prepare
Begin MonoManager ReloadAssembly
- Loaded All Assemblies, in  1.135 seconds
Refreshing native plugins compatible for Editor in 0.65 ms, found 1 plugins.
Native extension for LinuxStandalone target not found
Mono: successfully reloaded assembly
- Finished resetting the current domain, in  1.515 seconds
Domain Reload Profiling: 2652ms
	BeginReloadAssembly (279ms)
		ExecutionOrderSort (0ms)
		DisableScriptedObjects (18ms)
		BackupInstance (0ms)
		ReleaseScriptingObjects (0ms)
		CreateAndSetChildDomain (124ms)
	RebuildCommonClasses (56ms)
	RebuildNativeTypeToScriptingClass (12ms)
	initialDomainReloadingComplete (51ms)
	LoadAllAssembliesAndSetupDomain (738ms)
		LoadAssemblies (438ms)
		RebuildTransferFunctionScriptingTraits (0ms)
		AnalyzeDomain (380ms)
			TypeCache.Refresh (11ms)
				TypeCache.ScanAssembly (0ms)
			BuildScriptInfoCaches (345ms)
			ResolveRequiredComponents (19ms)
	FinalizeReload (1516ms)
		ReleaseScriptCaches (0ms)
		RebuildScriptCaches (0ms)
		SetupLoadedEditorAssemblies (998ms)
			LogAssemblyErrors (0ms)
			InitializePlatformSupportModulesInManaged (3ms)
			SetLoadedEditorAssemblies (5ms)
			BeforeProcessingInitializeOnLoad (96ms)
			ProcessInitializeOnLoadAttributes (729ms)
			ProcessInitializeOnLoadMethodAttributes (151ms)
			AfterProcessingInitializeOnLoad (13ms)
			EditorAssembliesLoaded (1ms)
		ExecutionOrderSort2 (0ms)
		AwakeInstancesAfterBackupRestoration (32ms)
Shader Hidden/ProbeVolume/VoxelizeScene is not supported: GPU does not support conservative rasterization
Refreshing native plugins compatible for Editor in 1.06 ms, found 1 plugins.
Preloading 0 native plugins for Editor in 0.00 ms.
Unloading 13 Unused Serialized files (Serialized files now loaded: 0)
Unloading 7244 unused Assets / (5.7 MB). Loaded Objects now: 8481.
Memory consumption went from 180.3 MB to 174.6 MB.
Total: 23.829439 ms (FindLiveObjects: 1.151964 ms CreateObjectMapping: 1.480048 ms MarkObjects: 13.573250 ms  DeleteObjects: 7.621934 ms)

Prepare: number of updated asset objects reloaded= 0
========================================================================
Received Prepare
Begin MonoManager ReloadAssembly
- Loaded All Assemblies, in  0.934 seconds
Refreshing native plugins compatible for Editor in 0.63 ms, found 1 plugins.
Native extension for LinuxStandalone target not found
Mono: successfully reloaded assembly
- Finished resetting the current domain, in  1.504 seconds
Domain Reload Profiling: 2441ms
	BeginReloadAssembly (237ms)
		ExecutionOrderSort (0ms)
		DisableScriptedObjects (17ms)
		BackupInstance (0ms)
		ReleaseScriptingObjects (0ms)
		CreateAndSetChildDomain (112ms)
	RebuildCommonClasses (51ms)
	RebuildNativeTypeToScriptingClass (12ms)
	initialDomainReloadingComplete (35ms)
	LoadAllAssembliesAndSetupDomain (601ms)
		LoadAssemblies (347ms)
		RebuildTransferFunctionScriptingTraits (0ms)
		AnalyzeDomain (309ms)
			TypeCache.Refresh (10ms)
				TypeCache.ScanAssembly (0ms)
			BuildScriptInfoCaches (277ms)
			ResolveRequiredComponents (17ms)
	FinalizeReload (1505ms)
		ReleaseScriptCaches (0ms)
		RebuildScriptCaches (0ms)
		SetupLoadedEditorAssemblies (984ms)
			LogAssemblyErrors (0ms)
			InitializePlatformSupportModulesInManaged (3ms)
			SetLoadedEditorAssemblies (5ms)
			BeforeProcessingInitializeOnLoad (99ms)
			ProcessInitializeOnLoadAttributes (728ms)
			ProcessInitializeOnLoadMethodAttributes (136ms)
			AfterProcessingInitializeOnLoad (12ms)
			EditorAssembliesLoaded (1ms)
		ExecutionOrderSort2 (0ms)
		AwakeInstancesAfterBackupRestoration (34ms)
Shader Hidden/ProbeVolume/VoxelizeScene is not supported: GPU does not support conservative rasterization
Refreshing native plugins compatible for Editor in 1.15 ms, found 1 plugins.
Preloading 0 native plugins for Editor in 0.00 ms.
Unloading 13 Unused Serialized files (Serialized files now loaded: 0)
Unloading 7244 unused Assets / (4.7 MB). Loaded Objects now: 8484.
Memory consumption went from 180.3 MB to 175.5 MB.
Total: 23.281495 ms (FindLiveObjects: 2.338438 ms CreateObjectMapping: 2.840446 ms MarkObjects: 10.755167 ms  DeleteObjects: 7.344964 ms)

Prepare: number of updated asset objects reloaded= 1
========================================================================
Received Prepare
Begin MonoManager ReloadAssembly
- Loaded All Assemblies, in  1.079 seconds
Refreshing native plugins compatible for Editor in 0.63 ms, found 1 plugins.
Native extension for LinuxStandalone target not found
Mono: successfully reloaded assembly
- Finished resetting the current domain, in  1.713 seconds
Domain Reload Profiling: 2794ms
	BeginReloadAssembly (287ms)
		ExecutionOrderSort (0ms)
		DisableScriptedObjects (25ms)
		BackupInstance (0ms)
		ReleaseScriptingObjects (0ms)
		CreateAndSetChildDomain (122ms)
	RebuildCommonClasses (54ms)
	RebuildNativeTypeToScriptingClass (12ms)
	initialDomainReloadingComplete (45ms)
	LoadAllAssembliesAndSetupDomain (681ms)
		LoadAssemblies (443ms)
		RebuildTransferFunctionScriptingTraits (0ms)
		AnalyzeDomain (315ms)
			TypeCache.Refresh (11ms)
				TypeCache.ScanAssembly (0ms)
			BuildScriptInfoCaches (283ms)
			ResolveRequiredComponents (17ms)
	FinalizeReload (1714ms)
		ReleaseScriptCaches (0ms)
		RebuildScriptCaches (0ms)
		SetupLoadedEditorAssemblies (1158ms)
			LogAssemblyErrors (0ms)
			InitializePlatformSupportModulesInManaged (3ms)
			SetLoadedEditorAssemblies (5ms)
			BeforeProcessingInitializeOnLoad (92ms)
			ProcessInitializeOnLoadAttributes (855ms)
			ProcessInitializeOnLoadMethodAttributes (188ms)
			AfterProcessingInitializeOnLoad (14ms)
			EditorAssembliesLoaded (1ms)
		ExecutionOrderSort2 (0ms)
		AwakeInstancesAfterBackupRestoration (30ms)
Shader Hidden/ProbeVolume/VoxelizeScene is not supported: GPU does not support conservative rasterization
Refreshing native plugins compatible for Editor in 1.58 ms, found 1 plugins.
Preloading 0 native plugins for Editor in 0.00 ms.
Unloading 13 Unused Serialized files (Serialized files now loaded: 0)
Unloading 7244 unused Assets / (3.4 MB). Loaded Objects now: 8487.
Memory consumption went from 180.3 MB to 176.8 MB.
Total: 24.142583 ms (FindLiveObjects: 1.392525 ms CreateObjectMapping: 1.349857 ms MarkObjects: 16.251591 ms  DeleteObjects: 5.145825 ms)

Prepare: number of updated asset objects reloaded= 0
========================================================================
Received Prepare
Begin MonoManager ReloadAssembly
- Loaded All Assemblies, in  1.040 seconds
Refreshing native plugins compatible for Editor in 0.67 ms, found 1 plugins.
Native extension for LinuxStandalone target not found
Mono: successfully reloaded assembly
- Finished resetting the current domain, in  1.332 seconds
Domain Reload Profiling: 2374ms
	BeginReloadAssembly (239ms)
		ExecutionOrderSort (0ms)
		DisableScriptedObjects (18ms)
		BackupInstance (0ms)
		ReleaseScriptingObjects (0ms)
		CreateAndSetChildDomain (112ms)
	RebuildCommonClasses (51ms)
	RebuildNativeTypeToScriptingClass (11ms)
	initialDomainReloadingComplete (32ms)
	LoadAllAssembliesAndSetupDomain (708ms)
		LoadAssemblies (412ms)
		RebuildTransferFunctionScriptingTraits (0ms)
		AnalyzeDomain (350ms)
			TypeCache.Refresh (15ms)
				TypeCache.ScanAssembly (1ms)
			BuildScriptInfoCaches (313ms)
			ResolveRequiredComponents (17ms)
	FinalizeReload (1333ms)
		ReleaseScriptCaches (0ms)
		RebuildScriptCaches (0ms)
		SetupLoadedEditorAssemblies (897ms)
			LogAssemblyErrors (0ms)
			InitializePlatformSupportModulesInManaged (4ms)
			SetLoadedEditorAssemblies (5ms)
			BeforeProcessingInitializeOnLoad (105ms)
			ProcessInitializeOnLoadAttributes (641ms)
			ProcessInitializeOnLoadMethodAttributes (131ms)
			AfterProcessingInitializeOnLoad (10ms)
			EditorAssembliesLoaded (1ms)
		ExecutionOrderSort2 (0ms)
		AwakeInstancesAfterBackupRestoration (20ms)
Shader Hidden/ProbeVolume/VoxelizeScene is not supported: GPU does not support conservative rasterization
Refreshing native plugins compatible for Editor in 1.30 ms, found 1 plugins.
Preloading 0 native plugins for Editor in 0.00 ms.
Unloading 13 Unused Serialized files (Serialized files now loaded: 0)
Unloading 7244 unused Assets / (4.1 MB). Loaded Objects now: 8490.
Memory consumption went from 180.3 MB to 176.2 MB.
Total: 23.857007 ms (FindLiveObjects: 1.815821 ms CreateObjectMapping: 1.860139 ms MarkObjects: 14.295167 ms  DeleteObjects: 5.883155 ms)

Prepare: number of updated asset objects reloaded= 0
========================================================================
Received Prepare
Begin MonoManager ReloadAssembly
- Loaded All Assemblies, in  1.255 seconds
Refreshing native plugins compatible for Editor in 0.63 ms, found 1 plugins.
Native extension for LinuxStandalone target not found
Mono: successfully reloaded assembly
- Finished resetting the current domain, in  1.489 seconds
Domain Reload Profiling: 2745ms
	BeginReloadAssembly (350ms)
		ExecutionOrderSort (0ms)
		DisableScriptedObjects (29ms)
		BackupInstance (0ms)
		ReleaseScriptingObjects (0ms)
		CreateAndSetChildDomain (155ms)
	RebuildCommonClasses (73ms)
	RebuildNativeTypeToScriptingClass (19ms)
	initialDomainReloadingComplete (54ms)
	LoadAllAssembliesAndSetupDomain (758ms)
		LoadAssemblies (530ms)
		RebuildTransferFunctionScriptingTraits (0ms)
		AnalyzeDomain (321ms)
			TypeCache.Refresh (13ms)
				TypeCache.ScanAssembly (0ms)
			BuildScriptInfoCaches (287ms)
			ResolveRequiredComponents (17ms)
	FinalizeReload (1490ms)
		ReleaseScriptCaches (0ms)
		RebuildScriptCaches (0ms)
		SetupLoadedEditorAssemblies (1013ms)
			LogAssemblyErrors (0ms)
			InitializePlatformSupportModulesInManaged (3ms)
			SetLoadedEditorAssemblies (5ms)
			BeforeProcessingInitializeOnLoad (73ms)
			ProcessInitializeOnLoadAttributes (786ms)
			ProcessInitializeOnLoadMethodAttributes (137ms)
			AfterProcessingInitializeOnLoad (9ms)
			EditorAssembliesLoaded (1ms)
		ExecutionOrderSort2 (0ms)
		AwakeInstancesAfterBackupRestoration (23ms)
Shader Hidden/ProbeVolume/VoxelizeScene is not supported: GPU does not support conservative rasterization
Refreshing native plugins compatible for Editor in 0.84 ms, found 1 plugins.
Preloading 0 native plugins for Editor in 0.00 ms.
Unloading 13 Unused Serialized files (Serialized files now loaded: 0)
Unloading 7244 unused Assets / (4.9 MB). Loaded Objects now: 8493.
Memory consumption went from 180.3 MB to 175.4 MB.
Total: 19.481086 ms (FindLiveObjects: 1.187713 ms CreateObjectMapping: 1.102496 ms MarkObjects: 10.497997 ms  DeleteObjects: 6.691069 ms)

Prepare: number of updated asset objects reloaded= 1
========================================================================
Received Prepare
Begin MonoManager ReloadAssembly
- Loaded All Assemblies, in  1.058 seconds
Refreshing native plugins compatible for Editor in 1.21 ms, found 1 plugins.
Native extension for LinuxStandalone target not found
Mono: successfully reloaded assembly
- Finished resetting the current domain, in  2.358 seconds
Domain Reload Profiling: 3419ms
	BeginReloadAssembly (238ms)
		ExecutionOrderSort (0ms)
		DisableScriptedObjects (18ms)
		BackupInstance (0ms)
		ReleaseScriptingObjects (0ms)
		CreateAndSetChildDomain (111ms)
	RebuildCommonClasses (56ms)
	RebuildNativeTypeToScriptingClass (12ms)
	initialDomainReloadingComplete (33ms)
	LoadAllAssembliesAndSetupDomain (720ms)
		LoadAssemblies (402ms)
		RebuildTransferFunctionScriptingTraits (0ms)
		AnalyzeDomain (375ms)
			TypeCache.Refresh (13ms)
				TypeCache.ScanAssembly (0ms)
			BuildScriptInfoCaches (338ms)
			ResolveRequiredComponents (19ms)
	FinalizeReload (2360ms)
		ReleaseScriptCaches (0ms)
		RebuildScriptCaches (0ms)
		SetupLoadedEditorAssemblies (1681ms)
			LogAssemblyErrors (0ms)
			InitializePlatformSupportModulesInManaged (5ms)
			SetLoadedEditorAssemblies (13ms)
			BeforeProcessingInitializeOnLoad (143ms)
			ProcessInitializeOnLoadAttributes (1327ms)
			ProcessInitializeOnLoadMethodAttributes (178ms)
			AfterProcessingInitializeOnLoad (13ms)
			EditorAssembliesLoaded (1ms)
		ExecutionOrderSort2 (0ms)
		AwakeInstancesAfterBackupRestoration (37ms)
Shader Hidden/ProbeVolume/VoxelizeScene is not supported: GPU does not support conservative rasterization
Refreshing native plugins compatible for Editor in 0.80 ms, found 1 plugins.
Preloading 0 native plugins for Editor in 0.00 ms.
Unloading 13 Unused Serialized files (Serialized files now loaded: 0)
Unloading 7244 unused Assets / (4.9 MB). Loaded Objects now: 8496.
Memory consumption went from 180.3 MB to 175.4 MB.
Total: 21.085294 ms (FindLiveObjects: 0.999896 ms CreateObjectMapping: 1.277305 ms MarkObjects: 11.760684 ms  DeleteObjects: 7.044390 ms)

Prepare: number of updated asset objects reloaded= 1
========================================================================
Received Prepare
Begin MonoManager ReloadAssembly
- Loaded All Assemblies, in  0.999 seconds
Refreshing native plugins compatible for Editor in 0.67 ms, found 1 plugins.
Native extension for LinuxStandalone target not found
Mono: successfully reloaded assembly
- Finished resetting the current domain, in  1.427 seconds
Domain Reload Profiling: 2427ms
	BeginReloadAssembly (261ms)
		ExecutionOrderSort (0ms)
		DisableScriptedObjects (19ms)
		BackupInstance (0ms)
		ReleaseScriptingObjects (0ms)
		CreateAndSetChildDomain (132ms)
	RebuildCommonClasses (58ms)
	RebuildNativeTypeToScriptingClass (12ms)
	initialDomainReloadingComplete (34ms)
	LoadAllAssembliesAndSetupDomain (635ms)
		LoadAssemblies (358ms)
		RebuildTransferFunctionScriptingTraits (0ms)
		AnalyzeDomain (334ms)
			TypeCache.Refresh (10ms)
				TypeCache.ScanAssembly (0ms)
			BuildScriptInfoCaches (301ms)
			ResolveRequiredComponents (18ms)
	FinalizeReload (1427ms)
		ReleaseScriptCaches (0ms)
		RebuildScriptCaches (0ms)
		SetupLoadedEditorAssemblies (963ms)
			LogAssemblyErrors (0ms)
			InitializePlatformSupportModulesInManaged (4ms)
			SetLoadedEditorAssemblies (6ms)
			BeforeProcessingInitializeOnLoad (90ms)
			ProcessInitializeOnLoadAttributes (726ms)
			ProcessInitializeOnLoadMethodAttributes (126ms)
			AfterProcessingInitializeOnLoad (11ms)
			EditorAssembliesLoaded (1ms)
		ExecutionOrderSort2 (0ms)
		AwakeInstancesAfterBackupRestoration (26ms)
Shader Hidden/ProbeVolume/VoxelizeScene is not supported: GPU does not support conservative rasterization
Refreshing native plugins compatible for Editor in 0.75 ms, found 1 plugins.
Preloading 0 native plugins for Editor in 0.00 ms.
Unloading 13 Unused Serialized files (Serialized files now loaded: 0)
Unloading 7244 unused Assets / (4.6 MB). Loaded Objects now: 8499.
Memory consumption went from 180.3 MB to 175.7 MB.
Total: 17.258873 ms (FindLiveObjects: 1.484166 ms CreateObjectMapping: 2.441788 ms MarkObjects: 9.521658 ms  DeleteObjects: 3.808964 ms)

Prepare: number of updated asset objects reloaded= 0
========================================================================
Received Prepare
Begin MonoManager ReloadAssembly
- Loaded All Assemblies, in  0.980 seconds
Refreshing native plugins compatible for Editor in 0.69 ms, found 1 plugins.
Native extension for LinuxStandalone target not found
Mono: successfully reloaded assembly
- Finished resetting the current domain, in  1.410 seconds
Domain Reload Profiling: 2392ms
	BeginReloadAssembly (245ms)
		ExecutionOrderSort (0ms)
		DisableScriptedObjects (19ms)
		BackupInstance (0ms)
		ReleaseScriptingObjects (0ms)
		CreateAndSetChildDomain (114ms)
	RebuildCommonClasses (62ms)
	RebuildNativeTypeToScriptingClass (12ms)
	initialDomainReloadingComplete (33ms)
	LoadAllAssembliesAndSetupDomain (629ms)
		LoadAssemblies (363ms)
		RebuildTransferFunctionScriptingTraits (0ms)
		AnalyzeDomain (321ms)
			TypeCache.Refresh (10ms)
				TypeCache.ScanAssembly (0ms)
			BuildScriptInfoCaches (289ms)
			ResolveRequiredComponents (18ms)
	FinalizeReload (1411ms)
		ReleaseScriptCaches (0ms)
		RebuildScriptCaches (0ms)
		SetupLoadedEditorAssemblies (951ms)
			LogAssemblyErrors (0ms)
			InitializePlatformSupportModulesInManaged (4ms)
			SetLoadedEditorAssemblies (5ms)
			BeforeProcessingInitializeOnLoad (74ms)
			ProcessInitializeOnLoadAttributes (740ms)
			ProcessInitializeOnLoadMethodAttributes (120ms)
			AfterProcessingInitializeOnLoad (7ms)
			EditorAssembliesLoaded (0ms)
		ExecutionOrderSort2 (0ms)
		AwakeInstancesAfterBackupRestoration (20ms)
Shader Hidden/ProbeVolume/VoxelizeScene is not supported: GPU does not support conservative rasterization
Refreshing native plugins compatible for Editor in 0.85 ms, found 1 plugins.
Preloading 0 native plugins for Editor in 0.00 ms.
Unloading 13 Unused Serialized files (Serialized files now loaded: 0)
Unloading 7244 unused Assets / (4.1 MB). Loaded Objects now: 8502.
Memory consumption went from 180.3 MB to 176.2 MB.
Total: 15.925689 ms (FindLiveObjects: 1.002907 ms CreateObjectMapping: 1.371590 ms MarkObjects: 9.865088 ms  DeleteObjects: 3.680842 ms)

Prepare: number of updated asset objects reloaded= 0
========================================================================
Received Prepare
Begin MonoManager ReloadAssembly
- Loaded All Assemblies, in  0.982 seconds
Refreshing native plugins compatible for Editor in 1.06 ms, found 1 plugins.
Native extension for LinuxStandalone target not found
Edgegap requires Json.NET to be imported to function. To import Json.NET navigate to Window -> Package Manager -> Click the + symbol and choose 'Add package by name' -> com.unity.nuget.newtonsoft-json -> Leave version blank and click Add. If you are not currently using Edgegap you may ignore this message.
UnityEngine.Debug:ExtractStackTraceNoAlloc (byte*,int,string)
UnityEngine.StackTraceUtility:ExtractStackTrace () (at /home/bokken/build/output/unity/unity/Runtime/Export/Scripting/StackTrace.cs:37)
UnityEngine.DebugLogHandler:Internal_Log (UnityEngine.LogType,UnityEngine.LogOption,string,UnityEngine.Object)
UnityEngine.DebugLogHandler:LogFormat (UnityEngine.LogType,UnityEngine.Object,string,object[])
UnityEngine.Logger:Log (UnityEngine.LogType,object)
UnityEngine.Debug:LogWarning (object)
Newtonsoft.Json.FallbackDisplayer:Initialize () (at Assets/Mirror/Hosting/Edgegap/Newtonsoft_Package_Patch.cs:47)
System.Reflection.RuntimeMethodInfo:Invoke (object,System.Reflection.BindingFlags,System.Reflection.Binder,object[],System.Globalization.CultureInfo)
System.Reflection.MethodBase:Invoke (object,object[])
UnityEditor.EditorAssemblies:ProcessInitializeOnLoadMethodAttributes () (at /home/bokken/build/output/unity/unity/Editor/Mono/EditorAssemblies.cs:142)

(Filename: Assets/Mirror/Hosting/Edgegap/Newtonsoft_Package_Patch.cs Line: 47)

Mono: successfully reloaded assembly
- Finished resetting the current domain, in  1.480 seconds
Domain Reload Profiling: 2465ms
	BeginReloadAssembly (254ms)
		ExecutionOrderSort (0ms)
		DisableScriptedObjects (19ms)
		BackupInstance (0ms)
		ReleaseScriptingObjects (0ms)
		CreateAndSetChildDomain (118ms)
	RebuildCommonClasses (64ms)
	RebuildNativeTypeToScriptingClass (12ms)
	initialDomainReloadingComplete (33ms)
	LoadAllAssembliesAndSetupDomain (621ms)
		LoadAssemblies (356ms)
		RebuildTransferFunctionScriptingTraits (0ms)
		AnalyzeDomain (324ms)
			TypeCache.Refresh (10ms)
				TypeCache.ScanAssembly (0ms)
			BuildScriptInfoCaches (286ms)
			ResolveRequiredComponents (22ms)
	FinalizeReload (1481ms)
		ReleaseScriptCaches (0ms)
		RebuildScriptCaches (0ms)
		SetupLoadedEditorAssemblies (962ms)
			LogAssemblyErrors (0ms)
			InitializePlatformSupportModulesInManaged (5ms)
			SetLoadedEditorAssemblies (7ms)
			BeforeProcessingInitializeOnLoad (95ms)
			ProcessInitializeOnLoadAttributes (713ms)
			ProcessInitializeOnLoadMethodAttributes (133ms)
			AfterProcessingInitializeOnLoad (7ms)
			EditorAssembliesLoaded (1ms)
		ExecutionOrderSort2 (0ms)
		AwakeInstancesAfterBackupRestoration (22ms)
Shader Hidden/ProbeVolume/VoxelizeScene is not supported: GPU does not support conservative rasterization
Refreshing native plugins compatible for Editor in 0.74 ms, found 1 plugins.
Preloading 0 native plugins for Editor in 0.00 ms.
Unloading 13 Unused Serialized files (Serialized files now loaded: 0)
Unloading 7244 unused Assets / (4.4 MB). Loaded Objects now: 8505.
Memory consumption went from 180.3 MB to 175.9 MB.
Total: 18.451168 ms (FindLiveObjects: 1.727783 ms CreateObjectMapping: 1.636368 ms MarkObjects: 10.317310 ms  DeleteObjects: 4.767449 ms)

Prepare: number of updated asset objects reloaded= 0
========================================================================
Received Prepare
Begin MonoManager ReloadAssembly
- Loaded All Assemblies, in  1.506 seconds
Refreshing native plugins compatible for Editor in 1.07 ms, found 1 plugins.
Native extension for LinuxStandalone target not found
Mono: successfully reloaded assembly
- Finished resetting the current domain, in  2.325 seconds
Domain Reload Profiling: 3834ms
	BeginReloadAssembly (369ms)
		ExecutionOrderSort (0ms)
		DisableScriptedObjects (30ms)
		BackupInstance (0ms)
		ReleaseScriptingObjects (0ms)
		CreateAndSetChildDomain (171ms)
	RebuildCommonClasses (111ms)
	RebuildNativeTypeToScriptingClass (22ms)
	initialDomainReloadingComplete (55ms)
	LoadAllAssembliesAndSetupDomain (952ms)
		LoadAssemblies (513ms)
		RebuildTransferFunctionScriptingTraits (0ms)
		AnalyzeDomain (527ms)
			TypeCache.Refresh (13ms)
				TypeCache.ScanAssembly (0ms)
			BuildScriptInfoCaches (477ms)
			ResolveRequiredComponents (29ms)
	FinalizeReload (2326ms)
		ReleaseScriptCaches (0ms)
		RebuildScriptCaches (0ms)
		SetupLoadedEditorAssemblies (1647ms)
			LogAssemblyErrors (0ms)
			InitializePlatformSupportModulesInManaged (6ms)
			SetLoadedEditorAssemblies (8ms)
			BeforeProcessingInitializeOnLoad (137ms)
			ProcessInitializeOnLoadAttributes (1284ms)
			ProcessInitializeOnLoadMethodAttributes (193ms)
			AfterProcessingInitializeOnLoad (19ms)
			EditorAssembliesLoaded (1ms)
		ExecutionOrderSort2 (0ms)
		AwakeInstancesAfterBackupRestoration (30ms)
Shader Hidden/ProbeVolume/VoxelizeScene is not supported: GPU does not support conservative rasterization
Refreshing native plugins compatible for Editor in 0.71 ms, found 1 plugins.
Preloading 0 native plugins for Editor in 0.00 ms.
Unloading 13 Unused Serialized files (Serialized files now loaded: 0)
Unloading 7244 unused Assets / (4.2 MB). Loaded Objects now: 8508.
Memory consumption went from 180.3 MB to 176.1 MB.
Total: 17.489122 ms (FindLiveObjects: 1.618620 ms CreateObjectMapping: 1.703319 ms MarkObjects: 9.927240 ms  DeleteObjects: 4.237567 ms)

Prepare: number of updated asset objects reloaded= 1
========================================================================
Received Prepare
Shader Hidden/ProbeVolume/VoxelizeScene is not supported: GPU does not support conservative rasterization
Refreshing native plugins compatible for Editor in 0.68 ms, found 1 plugins.
Preloading 0 native plugins for Editor in 0.00 ms.
Unloading 13 Unused Serialized files (Serialized files now loaded: 0)
Unloading 7232 unused Assets / (5.1 MB). Loaded Objects now: 8508.
Memory consumption went from 180.5 MB to 175.4 MB.
Total: 14.060931 ms (FindLiveObjects: 1.033330 ms CreateObjectMapping: 1.127291 ms MarkObjects: 8.298986 ms  DeleteObjects: 3.599265 ms)

Prepare: number of updated asset objects reloaded= 0
========================================================================
Received Prepare
Shader Hidden/ProbeVolume/VoxelizeScene is not supported: GPU does not support conservative rasterization
Refreshing native plugins compatible for Editor in 0.71 ms, found 1 plugins.
Preloading 0 native plugins for Editor in 0.00 ms.
Unloading 13 Unused Serialized files (Serialized files now loaded: 0)
Unloading 7232 unused Assets / (4.8 MB). Loaded Objects now: 8508.
Memory consumption went from 180.5 MB to 175.7 MB.
Total: 22.849269 ms (FindLiveObjects: 1.269762 ms CreateObjectMapping: 1.675455 ms MarkObjects: 12.464331 ms  DeleteObjects: 7.437556 ms)

Prepare: number of updated asset objects reloaded= 0
========================================================================
Received Prepare
Shader Hidden/ProbeVolume/VoxelizeScene is not supported: GPU does not support conservative rasterization
Refreshing native plugins compatible for Editor in 0.99 ms, found 1 plugins.
Preloading 0 native plugins for Editor in 0.00 ms.
Unloading 13 Unused Serialized files (Serialized files now loaded: 0)
Unloading 7232 unused Assets / (4.9 MB). Loaded Objects now: 8508.
Memory consumption went from 180.5 MB to 175.7 MB.
Total: 19.477044 ms (FindLiveObjects: 1.240889 ms CreateObjectMapping: 1.532875 ms MarkObjects: 12.282750 ms  DeleteObjects: 4.418120 ms)

Prepare: number of updated asset objects reloaded= 0
========================================================================
Received Prepare
Shader Hidden/ProbeVolume/VoxelizeScene is not supported: GPU does not support conservative rasterization
Refreshing native plugins compatible for Editor in 1.33 ms, found 1 plugins.
Preloading 0 native plugins for Editor in 0.00 ms.
Unloading 13 Unused Serialized files (Serialized files now loaded: 0)
Unloading 7232 unused Assets / (3.2 MB). Loaded Objects now: 8508.
Memory consumption went from 180.5 MB to 177.3 MB.
Total: 42.040125 ms (FindLiveObjects: 1.637578 ms CreateObjectMapping: 2.238050 ms MarkObjects: 28.451665 ms  DeleteObjects: 9.710102 ms)

Prepare: number of updated asset objects reloaded= 0
========================================================================
Received Prepare
Begin MonoManager ReloadAssembly
- Loaded All Assemblies, in  1.169 seconds
Refreshing native plugins compatible for Editor in 0.65 ms, found 1 plugins.
Native extension for LinuxStandalone target not found
Mono: successfully reloaded assembly
- Finished resetting the current domain, in  1.567 seconds
Domain Reload Profiling: 2741ms
	BeginReloadAssembly (242ms)
		ExecutionOrderSort (0ms)
		DisableScriptedObjects (19ms)
		BackupInstance (0ms)
		ReleaseScriptingObjects (0ms)
		CreateAndSetChildDomain (112ms)
	RebuildCommonClasses (61ms)
	RebuildNativeTypeToScriptingClass (13ms)
	initialDomainReloadingComplete (39ms)
	LoadAllAssembliesAndSetupDomain (818ms)
		LoadAssemblies (469ms)
		RebuildTransferFunctionScriptingTraits (0ms)
		AnalyzeDomain (404ms)
			TypeCache.Refresh (14ms)
				TypeCache.ScanAssembly (1ms)
			BuildScriptInfoCaches (361ms)
			ResolveRequiredComponents (22ms)
	FinalizeReload (1568ms)
		ReleaseScriptCaches (0ms)
		RebuildScriptCaches (0ms)
		SetupLoadedEditorAssemblies (981ms)
			LogAssemblyErrors (0ms)
			InitializePlatformSupportModulesInManaged (4ms)
			SetLoadedEditorAssemblies (6ms)
			BeforeProcessingInitializeOnLoad (93ms)
			ProcessInitializeOnLoadAttributes (712ms)
			ProcessInitializeOnLoadMethodAttributes (151ms)
			AfterProcessingInitializeOnLoad (13ms)
			EditorAssembliesLoaded (1ms)
		ExecutionOrderSort2 (1ms)
		AwakeInstancesAfterBackupRestoration (32ms)
Shader Hidden/ProbeVolume/VoxelizeScene is not supported: GPU does not support conservative rasterization
Refreshing native plugins compatible for Editor in 1.15 ms, found 1 plugins.
Preloading 0 native plugins for Editor in 0.00 ms.
Unloading 13 Unused Serialized files (Serialized files now loaded: 0)
Unloading 7244 unused Assets / (3.4 MB). Loaded Objects now: 8511.
Memory consumption went from 180.3 MB to 177.0 MB.
Total: 20.085081 ms (FindLiveObjects: 1.291030 ms CreateObjectMapping: 1.576452 ms MarkObjects: 12.660991 ms  DeleteObjects: 4.554586 ms)

Prepare: number of updated asset objects reloaded= 0
========================================================================
Received Prepare
Begin MonoManager ReloadAssembly
- Loaded All Assemblies, in  1.079 seconds
Refreshing native plugins compatible for Editor in 0.96 ms, found 1 plugins.
Native extension for LinuxStandalone target not found
Mono: successfully reloaded assembly
- Finished resetting the current domain, in  1.361 seconds
Domain Reload Profiling: 2442ms
	BeginReloadAssembly (254ms)
		ExecutionOrderSort (0ms)
		DisableScriptedObjects (17ms)
		BackupInstance (0ms)
		ReleaseScriptingObjects (0ms)
		CreateAndSetChildDomain (116ms)
	RebuildCommonClasses (64ms)
	RebuildNativeTypeToScriptingClass (13ms)
	initialDomainReloadingComplete (35ms)
	LoadAllAssembliesAndSetupDomain (714ms)
		LoadAssemblies (426ms)
		RebuildTransferFunctionScriptingTraits (0ms)
		AnalyzeDomain (346ms)
			TypeCache.Refresh (13ms)
				TypeCache.ScanAssembly (0ms)
			BuildScriptInfoCaches (309ms)
			ResolveRequiredComponents (19ms)
	FinalizeReload (1362ms)
		ReleaseScriptCaches (0ms)
		RebuildScriptCaches (0ms)
		SetupLoadedEditorAssemblies (924ms)
			LogAssemblyErrors (0ms)
			InitializePlatformSupportModulesInManaged (4ms)
			SetLoadedEditorAssemblies (5ms)
			BeforeProcessingInitializeOnLoad (93ms)
			ProcessInitializeOnLoadAttributes (699ms)
			ProcessInitializeOnLoadMethodAttributes (114ms)
			AfterProcessingInitializeOnLoad (8ms)
			EditorAssembliesLoaded (1ms)
		ExecutionOrderSort2 (0ms)
		AwakeInstancesAfterBackupRestoration (22ms)
Shader Hidden/ProbeVolume/VoxelizeScene is not supported: GPU does not support conservative rasterization
Refreshing native plugins compatible for Editor in 0.68 ms, found 1 plugins.
Preloading 0 native plugins for Editor in 0.00 ms.
Unloading 13 Unused Serialized files (Serialized files now loaded: 0)
Unloading 7244 unused Assets / (5.0 MB). Loaded Objects now: 8514.
Memory consumption went from 180.3 MB to 175.4 MB.
Total: 15.345319 ms (FindLiveObjects: 1.063044 ms CreateObjectMapping: 0.975334 ms MarkObjects: 9.157147 ms  DeleteObjects: 4.147738 ms)

Prepare: number of updated asset objects reloaded= 0
========================================================================
Received Prepare
Begin MonoManager ReloadAssembly
- Loaded All Assemblies, in  1.569 seconds
Refreshing native plugins compatible for Editor in 0.66 ms, found 1 plugins.
Native extension for LinuxStandalone target not found
Mono: successfully reloaded assembly
- Finished resetting the current domain, in  1.570 seconds
Domain Reload Profiling: 3143ms
	BeginReloadAssembly (350ms)
		ExecutionOrderSort (0ms)
		DisableScriptedObjects (31ms)
		BackupInstance (0ms)
		ReleaseScriptingObjects (0ms)
		CreateAndSetChildDomain (158ms)
	RebuildCommonClasses (115ms)
	RebuildNativeTypeToScriptingClass (22ms)
	initialDomainReloadingComplete (57ms)
	LoadAllAssembliesAndSetupDomain (1028ms)
		LoadAssemblies (593ms)
		RebuildTransferFunctionScriptingTraits (0ms)
		AnalyzeDomain (519ms)
			TypeCache.Refresh (17ms)
				TypeCache.ScanAssembly (0ms)
			BuildScriptInfoCaches (467ms)
			ResolveRequiredComponents (28ms)
	FinalizeReload (1571ms)
		ReleaseScriptCaches (0ms)
		RebuildScriptCaches (0ms)
		SetupLoadedEditorAssemblies (1087ms)
			LogAssemblyErrors (0ms)
			InitializePlatformSupportModulesInManaged (4ms)
			SetLoadedEditorAssemblies (7ms)
			BeforeProcessingInitializeOnLoad (104ms)
			ProcessInitializeOnLoadAttributes (819ms)
			ProcessInitializeOnLoadMethodAttributes (143ms)
			AfterProcessingInitializeOnLoad (10ms)
			EditorAssembliesLoaded (1ms)
		ExecutionOrderSort2 (0ms)
		AwakeInstancesAfterBackupRestoration (19ms)
Shader Hidden/ProbeVolume/VoxelizeScene is not supported: GPU does not support conservative rasterization
Refreshing native plugins compatible for Editor in 0.73 ms, found 1 plugins.
Preloading 0 native plugins for Editor in 0.00 ms.
Unloading 13 Unused Serialized files (Serialized files now loaded: 0)
Unloading 7244 unused Assets / (5.1 MB). Loaded Objects now: 8517.
Memory consumption went from 180.3 MB to 175.2 MB.
Total: 16.819495 ms (FindLiveObjects: 1.097223 ms CreateObjectMapping: 1.099962 ms MarkObjects: 10.159506 ms  DeleteObjects: 4.460993 ms)

Prepare: number of updated asset objects reloaded= 1
========================================================================
Received Prepare
Begin MonoManager ReloadAssembly
- Loaded All Assemblies, in  1.018 seconds
Refreshing native plugins compatible for Editor in 0.65 ms, found 1 plugins.
Native extension for LinuxStandalone target not found
Mono: successfully reloaded assembly
- Finished resetting the current domain, in  1.401 seconds
Domain Reload Profiling: 2423ms
	BeginReloadAssembly (242ms)
		ExecutionOrderSort (0ms)
		DisableScriptedObjects (19ms)
		BackupInstance (0ms)
		ReleaseScriptingObjects (0ms)
		CreateAndSetChildDomain (111ms)
	RebuildCommonClasses (62ms)
	RebuildNativeTypeToScriptingClass (12ms)
	initialDomainReloadingComplete (34ms)
	LoadAllAssembliesAndSetupDomain (670ms)
		LoadAssemblies (363ms)
		RebuildTransferFunctionScriptingTraits (0ms)
		AnalyzeDomain (362ms)
			TypeCache.Refresh (10ms)
				TypeCache.ScanAssembly (0ms)
			BuildScriptInfoCaches (323ms)
			ResolveRequiredComponents (24ms)
	FinalizeReload (1402ms)
		ReleaseScriptCaches (0ms)
		RebuildScriptCaches (0ms)
		SetupLoadedEditorAssemblies (969ms)
			LogAssemblyErrors (0ms)
			InitializePlatformSupportModulesInManaged (4ms)
			SetLoadedEditorAssemblies (5ms)
			BeforeProcessingInitializeOnLoad (96ms)
			ProcessInitializeOnLoadAttributes (735ms)
			ProcessInitializeOnLoadMethodAttributes (121ms)
			AfterProcessingInitializeOnLoad (8ms)
			EditorAssembliesLoaded (1ms)
		ExecutionOrderSort2 (0ms)
		AwakeInstancesAfterBackupRestoration (22ms)
Shader Hidden/ProbeVolume/VoxelizeScene is not supported: GPU does not support conservative rasterization
Refreshing native plugins compatible for Editor in 0.77 ms, found 1 plugins.
Preloading 0 native plugins for Editor in 0.00 ms.
Unloading 13 Unused Serialized files (Serialized files now loaded: 0)
Unloading 7244 unused Assets / (4.3 MB). Loaded Objects now: 8520.
Memory consumption went from 180.4 MB to 176.0 MB.
Total: 18.603557 ms (FindLiveObjects: 1.446465 ms CreateObjectMapping: 2.394161 ms MarkObjects: 9.913036 ms  DeleteObjects: 4.848007 ms)

Prepare: number of updated asset objects reloaded= 0
========================================================================
Received Prepare
Begin MonoManager ReloadAssembly
- Loaded All Assemblies, in  1.018 seconds
Refreshing native plugins compatible for Editor in 0.72 ms, found 1 plugins.
Native extension for LinuxStandalone target not found
Mono: successfully reloaded assembly
- Finished resetting the current domain, in  1.382 seconds
Domain Reload Profiling: 2401ms
	BeginReloadAssembly (252ms)
		ExecutionOrderSort (0ms)
		DisableScriptedObjects (18ms)
		BackupInstance (0ms)
		ReleaseScriptingObjects (0ms)
		CreateAndSetChildDomain (121ms)
	RebuildCommonClasses (66ms)
	RebuildNativeTypeToScriptingClass (14ms)
	initialDomainReloadingComplete (35ms)
	LoadAllAssembliesAndSetupDomain (653ms)
		LoadAssemblies (375ms)
		RebuildTransferFunctionScriptingTraits (0ms)
		AnalyzeDomain (335ms)
			TypeCache.Refresh (13ms)
				TypeCache.ScanAssembly (1ms)
			BuildScriptInfoCaches (301ms)
			ResolveRequiredComponents (17ms)
	FinalizeReload (1382ms)
		ReleaseScriptCaches (0ms)
		RebuildScriptCaches (0ms)
		SetupLoadedEditorAssemblies (932ms)
			LogAssemblyErrors (0ms)
			InitializePlatformSupportModulesInManaged (4ms)
			SetLoadedEditorAssemblies (5ms)
			BeforeProcessingInitializeOnLoad (96ms)
			ProcessInitializeOnLoadAttributes (692ms)
			ProcessInitializeOnLoadMethodAttributes (126ms)
			AfterProcessingInitializeOnLoad (9ms)
			EditorAssembliesLoaded (1ms)
		ExecutionOrderSort2 (1ms)
		AwakeInstancesAfterBackupRestoration (22ms)
Shader Hidden/ProbeVolume/VoxelizeScene is not supported: GPU does not support conservative rasterization
Refreshing native plugins compatible for Editor in 0.74 ms, found 1 plugins.
Preloading 0 native plugins for Editor in 0.00 ms.
Unloading 13 Unused Serialized files (Serialized files now loaded: 0)
Unloading 7244 unused Assets / (5.1 MB). Loaded Objects now: 8523.
Memory consumption went from 180.4 MB to 175.3 MB.
Total: 16.353618 ms (FindLiveObjects: 0.960498 ms CreateObjectMapping: 1.250666 ms MarkObjects: 8.734929 ms  DeleteObjects: 5.405771 ms)

Prepare: number of updated asset objects reloaded= 0
========================================================================
Received Prepare
Begin MonoManager ReloadAssembly
- Loaded All Assemblies, in  1.009 seconds
Refreshing native plugins compatible for Editor in 0.67 ms, found 1 plugins.
Native extension for LinuxStandalone target not found
Mono: successfully reloaded assembly
- Finished resetting the current domain, in  1.358 seconds
Domain Reload Profiling: 2369ms
	BeginReloadAssembly (245ms)
		ExecutionOrderSort (0ms)
		DisableScriptedObjects (18ms)
		BackupInstance (0ms)
		ReleaseScriptingObjects (0ms)
		CreateAndSetChildDomain (116ms)
	RebuildCommonClasses (63ms)
	RebuildNativeTypeToScriptingClass (12ms)
	initialDomainReloadingComplete (34ms)
	LoadAllAssembliesAndSetupDomain (656ms)
		LoadAssemblies (378ms)
		RebuildTransferFunctionScriptingTraits (0ms)
		AnalyzeDomain (335ms)
			TypeCache.Refresh (11ms)
				TypeCache.ScanAssembly (0ms)
			BuildScriptInfoCaches (302ms)
			ResolveRequiredComponents (17ms)
	FinalizeReload (1358ms)
		ReleaseScriptCaches (0ms)
		RebuildScriptCaches (0ms)
		SetupLoadedEditorAssemblies (897ms)
			LogAssemblyErrors (0ms)
			InitializePlatformSupportModulesInManaged (4ms)
			SetLoadedEditorAssemblies (5ms)
			BeforeProcessingInitializeOnLoad (93ms)
			ProcessInitializeOnLoadAttributes (671ms)
			ProcessInitializeOnLoadMethodAttributes (115ms)
			AfterProcessingInitializeOnLoad (9ms)
			EditorAssembliesLoaded (1ms)
		ExecutionOrderSort2 (0ms)
		AwakeInstancesAfterBackupRestoration (19ms)
Shader Hidden/ProbeVolume/VoxelizeScene is not supported: GPU does not support conservative rasterization
Refreshing native plugins compatible for Editor in 1.15 ms, found 1 plugins.
Preloading 0 native plugins for Editor in 0.00 ms.
Unloading 13 Unused Serialized files (Serialized files now loaded: 0)
Unloading 7244 unused Assets / (5.2 MB). Loaded Objects now: 8526.
Memory consumption went from 180.4 MB to 175.2 MB.
Total: 18.056974 ms (FindLiveObjects: 1.459196 ms CreateObjectMapping: 1.478047 ms MarkObjects: 10.859860 ms  DeleteObjects: 4.256491 ms)

Prepare: number of updated asset objects reloaded= 0
========================================================================
Received Prepare
Begin MonoManager ReloadAssembly
- Loaded All Assemblies, in  0.972 seconds
Refreshing native plugins compatible for Editor in 0.66 ms, found 1 plugins.
Native extension for LinuxStandalone target not found
Mono: successfully reloaded assembly
- Finished resetting the current domain, in  1.437 seconds
Domain Reload Profiling: 2410ms
	BeginReloadAssembly (243ms)
		ExecutionOrderSort (0ms)
		DisableScriptedObjects (17ms)
		BackupInstance (0ms)
		ReleaseScriptingObjects (0ms)
		CreateAndSetChildDomain (115ms)
	RebuildCommonClasses (60ms)
	RebuildNativeTypeToScriptingClass (12ms)
	initialDomainReloadingComplete (34ms)
	LoadAllAssembliesAndSetupDomain (624ms)
		LoadAssemblies (361ms)
		RebuildTransferFunctionScriptingTraits (0ms)
		AnalyzeDomain (321ms)
			TypeCache.Refresh (10ms)
				TypeCache.ScanAssembly (0ms)
			BuildScriptInfoCaches (289ms)
			ResolveRequiredComponents (17ms)
	FinalizeReload (1438ms)
		ReleaseScriptCaches (0ms)
		RebuildScriptCaches (0ms)
		SetupLoadedEditorAssemblies (996ms)
			LogAssemblyErrors (0ms)
			InitializePlatformSupportModulesInManaged (4ms)
			SetLoadedEditorAssemblies (5ms)
			BeforeProcessingInitializeOnLoad (96ms)
			ProcessInitializeOnLoadAttributes (765ms)
			ProcessInitializeOnLoadMethodAttributes (117ms)
			AfterProcessingInitializeOnLoad (7ms)
			EditorAssembliesLoaded (0ms)
		ExecutionOrderSort2 (0ms)
		AwakeInstancesAfterBackupRestoration (19ms)
Shader Hidden/ProbeVolume/VoxelizeScene is not supported: GPU does not support conservative rasterization
Refreshing native plugins compatible for Editor in 0.65 ms, found 1 plugins.
Preloading 0 native plugins for Editor in 0.00 ms.
Unloading 13 Unused Serialized files (Serialized files now loaded: 0)
Unloading 7244 unused Assets / (5.3 MB). Loaded Objects now: 8529.
Memory consumption went from 180.4 MB to 175.1 MB.
Total: 15.709468 ms (FindLiveObjects: 0.909685 ms CreateObjectMapping: 1.165529 ms MarkObjects: 9.925435 ms  DeleteObjects: 3.707044 ms)

Prepare: number of updated asset objects reloaded= 1
========================================================================
Received Prepare
Begin MonoManager ReloadAssembly
- Loaded All Assemblies, in  1.144 seconds
Refreshing native plugins compatible for Editor in 0.57 ms, found 1 plugins.
Native extension for LinuxStandalone target not found
Edgegap requires Json.NET to be imported to function. To import Json.NET navigate to Window -> Package Manager -> Click the + symbol and choose 'Add package by name' -> com.unity.nuget.newtonsoft-json -> Leave version blank and click Add. If you are not currently using Edgegap you may ignore this message.
UnityEngine.Debug:ExtractStackTraceNoAlloc (byte*,int,string)
UnityEngine.StackTraceUtility:ExtractStackTrace () (at /home/bokken/build/output/unity/unity/Runtime/Export/Scripting/StackTrace.cs:37)
UnityEngine.DebugLogHandler:Internal_Log (UnityEngine.LogType,UnityEngine.LogOption,string,UnityEngine.Object)
UnityEngine.DebugLogHandler:LogFormat (UnityEngine.LogType,UnityEngine.Object,string,object[])
UnityEngine.Logger:Log (UnityEngine.LogType,object)
UnityEngine.Debug:LogWarning (object)
Newtonsoft.Json.FallbackDisplayer:Initialize () (at Assets/Mirror/Hosting/Edgegap/Newtonsoft_Package_Patch.cs:47)
System.Reflection.RuntimeMethodInfo:Invoke (object,System.Reflection.BindingFlags,System.Reflection.Binder,object[],System.Globalization.CultureInfo)
System.Reflection.MethodBase:Invoke (object,object[])
UnityEditor.EditorAssemblies:ProcessInitializeOnLoadMethodAttributes () (at /home/bokken/build/output/unity/unity/Editor/Mono/EditorAssemblies.cs:142)

(Filename: Assets/Mirror/Hosting/Edgegap/Newtonsoft_Package_Patch.cs Line: 47)

Mono: successfully reloaded assembly
- Finished resetting the current domain, in  1.300 seconds
Domain Reload Profiling: 2444ms
	BeginReloadAssembly (363ms)
		ExecutionOrderSort (0ms)
		DisableScriptedObjects (25ms)
		BackupInstance (0ms)
		ReleaseScriptingObjects (0ms)
		CreateAndSetChildDomain (189ms)
	RebuildCommonClasses (89ms)
	RebuildNativeTypeToScriptingClass (19ms)
	initialDomainReloadingComplete (46ms)
	LoadAllAssembliesAndSetupDomain (627ms)
		LoadAssemblies (444ms)
		RebuildTransferFunctionScriptingTraits (0ms)
		AnalyzeDomain (262ms)
			TypeCache.Refresh (15ms)
				TypeCache.ScanAssembly (1ms)
			BuildScriptInfoCaches (229ms)
			ResolveRequiredComponents (14ms)
	FinalizeReload (1300ms)
		ReleaseScriptCaches (0ms)
		RebuildScriptCaches (0ms)
		SetupLoadedEditorAssemblies (879ms)
			LogAssemblyErrors (0ms)
			InitializePlatformSupportModulesInManaged (4ms)
			SetLoadedEditorAssemblies (6ms)
			BeforeProcessingInitializeOnLoad (85ms)
			ProcessInitializeOnLoadAttributes (682ms)
			ProcessInitializeOnLoadMethodAttributes (96ms)
			AfterProcessingInitializeOnLoad (6ms)
			EditorAssembliesLoaded (1ms)
		ExecutionOrderSort2 (0ms)
		AwakeInstancesAfterBackupRestoration (22ms)
Shader Hidden/ProbeVolume/VoxelizeScene is not supported: GPU does not support conservative rasterization
Refreshing native plugins compatible for Editor in 0.51 ms, found 1 plugins.
Preloading 0 native plugins for Editor in 0.00 ms.
Unloading 13 Unused Serialized files (Serialized files now loaded: 0)
Unloading 7244 unused Assets / (4.5 MB). Loaded Objects now: 8532.
Memory consumption went from 180.4 MB to 175.8 MB.
Total: 10.238699 ms (FindLiveObjects: 0.802045 ms CreateObjectMapping: 0.664540 ms MarkObjects: 6.558321 ms  DeleteObjects: 2.212836 ms)

Prepare: number of updated asset objects reloaded= 0
========================================================================
Received Prepare
Begin MonoManager ReloadAssembly
- Loaded All Assemblies, in  1.229 seconds
Refreshing native plugins compatible for Editor in 0.54 ms, found 1 plugins.
Native extension for LinuxStandalone target not found
Mono: successfully reloaded assembly
- Finished resetting the current domain, in  0.994 seconds
Domain Reload Profiling: 2226ms
	BeginReloadAssembly (303ms)
		ExecutionOrderSort (0ms)
		DisableScriptedObjects (23ms)
		BackupInstance (0ms)
		ReleaseScriptingObjects (0ms)
		CreateAndSetChildDomain (137ms)
	RebuildCommonClasses (83ms)
	RebuildNativeTypeToScriptingClass (19ms)
	initialDomainReloadingComplete (46ms)
	LoadAllAssembliesAndSetupDomain (780ms)
		LoadAssemblies (449ms)
		RebuildTransferFunctionScriptingTraits (0ms)
		AnalyzeDomain (406ms)
			TypeCache.Refresh (18ms)
				TypeCache.ScanAssembly (1ms)
			BuildScriptInfoCaches (361ms)
			ResolveRequiredComponents (21ms)
	FinalizeReload (995ms)
		ReleaseScriptCaches (0ms)
		RebuildScriptCaches (0ms)
		SetupLoadedEditorAssemblies (661ms)
			LogAssemblyErrors (0ms)
			InitializePlatformSupportModulesInManaged (3ms)
			SetLoadedEditorAssemblies (4ms)
			BeforeProcessingInitializeOnLoad (81ms)
			ProcessInitializeOnLoadAttributes (503ms)
			ProcessInitializeOnLoadMethodAttributes (65ms)
			AfterProcessingInitializeOnLoad (5ms)
			EditorAssembliesLoaded (0ms)
		ExecutionOrderSort2 (0ms)
		AwakeInstancesAfterBackupRestoration (12ms)
Shader Hidden/ProbeVolume/VoxelizeScene is not supported: GPU does not support conservative rasterization
Refreshing native plugins compatible for Editor in 0.45 ms, found 1 plugins.
Preloading 0 native plugins for Editor in 0.00 ms.
Unloading 13 Unused Serialized files (Serialized files now loaded: 0)
Unloading 7244 unused Assets / (4.6 MB). Loaded Objects now: 8535.
Memory consumption went from 180.4 MB to 175.8 MB.
Total: 10.173050 ms (FindLiveObjects: 0.836166 ms CreateObjectMapping: 0.944502 ms MarkObjects: 6.140248 ms  DeleteObjects: 2.251136 ms)

Prepare: number of updated asset objects reloaded= 0
========================================================================
Received Prepare
Begin MonoManager ReloadAssembly
- Loaded All Assemblies, in  1.296 seconds
Refreshing native plugins compatible for Editor in 0.95 ms, found 1 plugins.
Native extension for LinuxStandalone target not found
Mono: successfully reloaded assembly
- Finished resetting the current domain, in  1.821 seconds
Domain Reload Profiling: 3119ms
	BeginReloadAssembly (324ms)
		ExecutionOrderSort (0ms)
		DisableScriptedObjects (22ms)
		BackupInstance (0ms)
		ReleaseScriptingObjects (0ms)
		CreateAndSetChildDomain (165ms)
	RebuildCommonClasses (77ms)
	RebuildNativeTypeToScriptingClass (21ms)
	initialDomainReloadingComplete (46ms)
	LoadAllAssembliesAndSetupDomain (829ms)
		LoadAssemblies (450ms)
		RebuildTransferFunctionScriptingTraits (0ms)
		AnalyzeDomain (448ms)
			TypeCache.Refresh (14ms)
				TypeCache.ScanAssembly (0ms)
			BuildScriptInfoCaches (404ms)
			ResolveRequiredComponents (24ms)
	FinalizeReload (1822ms)
		ReleaseScriptCaches (0ms)
		RebuildScriptCaches (0ms)
		SetupLoadedEditorAssemblies (1268ms)
			LogAssemblyErrors (0ms)
			InitializePlatformSupportModulesInManaged (5ms)
			SetLoadedEditorAssemblies (7ms)
			BeforeProcessingInitializeOnLoad (106ms)
			ProcessInitializeOnLoadAttributes (1012ms)
			ProcessInitializeOnLoadMethodAttributes (129ms)
			AfterProcessingInitializeOnLoad (8ms)
			EditorAssembliesLoaded (1ms)
		ExecutionOrderSort2 (0ms)
		AwakeInstancesAfterBackupRestoration (27ms)
Shader Hidden/ProbeVolume/VoxelizeScene is not supported: GPU does not support conservative rasterization
Refreshing native plugins compatible for Editor in 0.91 ms, found 1 plugins.
Preloading 0 native plugins for Editor in 0.00 ms.
Unloading 13 Unused Serialized files (Serialized files now loaded: 0)
Unloading 7244 unused Assets / (3.8 MB). Loaded Objects now: 8538.
Memory consumption went from 180.4 MB to 176.6 MB.
Total: 28.394410 ms (FindLiveObjects: 1.363934 ms CreateObjectMapping: 1.975184 ms MarkObjects: 16.996093 ms  DeleteObjects: 8.050554 ms)

Prepare: number of updated asset objects reloaded= 1
========================================================================
Received Prepare
Begin MonoManager ReloadAssembly
- Loaded All Assemblies, in  0.799 seconds
Refreshing native plugins compatible for Editor in 0.56 ms, found 1 plugins.
Native extension for LinuxStandalone target not found
Mono: successfully reloaded assembly
- Finished resetting the current domain, in  1.056 seconds
Domain Reload Profiling: 1860ms
	BeginReloadAssembly (224ms)
		ExecutionOrderSort (0ms)
		DisableScriptedObjects (19ms)
		BackupInstance (0ms)
		ReleaseScriptingObjects (0ms)
		CreateAndSetChildDomain (95ms)
	RebuildCommonClasses (42ms)
	RebuildNativeTypeToScriptingClass (10ms)
	initialDomainReloadingComplete (26ms)
	LoadAllAssembliesAndSetupDomain (502ms)
		LoadAssemblies (274ms)
		RebuildTransferFunctionScriptingTraits (0ms)
		AnalyzeDomain (276ms)
			TypeCache.Refresh (12ms)
				TypeCache.ScanAssembly (1ms)
			BuildScriptInfoCaches (235ms)
			ResolveRequiredComponents (22ms)
	FinalizeReload (1056ms)
		ReleaseScriptCaches (0ms)
		RebuildScriptCaches (0ms)
		SetupLoadedEditorAssemblies (748ms)
			LogAssemblyErrors (0ms)
			InitializePlatformSupportModulesInManaged (3ms)
			SetLoadedEditorAssemblies (4ms)
			BeforeProcessingInitializeOnLoad (73ms)
			ProcessInitializeOnLoadAttributes (589ms)
			ProcessInitializeOnLoadMethodAttributes (73ms)
			AfterProcessingInitializeOnLoad (5ms)
			EditorAssembliesLoaded (0ms)
		ExecutionOrderSort2 (0ms)
		AwakeInstancesAfterBackupRestoration (12ms)
Shader Hidden/ProbeVolume/VoxelizeScene is not supported: GPU does not support conservative rasterization
Refreshing native plugins compatible for Editor in 0.54 ms, found 1 plugins.
Preloading 0 native plugins for Editor in 0.00 ms.
Unloading 13 Unused Serialized files (Serialized files now loaded: 0)
Unloading 7244 unused Assets / (4.9 MB). Loaded Objects now: 8541.
Memory consumption went from 180.4 MB to 175.5 MB.
Total: 11.113340 ms (FindLiveObjects: 0.772841 ms CreateObjectMapping: 0.650199 ms MarkObjects: 6.842090 ms  DeleteObjects: 2.847163 ms)

Prepare: number of updated asset objects reloaded= 0
========================================================================
Received Prepare
Begin MonoManager ReloadAssembly
- Loaded All Assemblies, in  0.751 seconds
Refreshing native plugins compatible for Editor in 0.52 ms, found 1 plugins.
Native extension for LinuxStandalone target not found
Mono: successfully reloaded assembly
- Finished resetting the current domain, in  1.169 seconds
Domain Reload Profiling: 1922ms
	BeginReloadAssembly (197ms)
		ExecutionOrderSort (0ms)
		DisableScriptedObjects (14ms)
		BackupInstance (0ms)
		ReleaseScriptingObjects (0ms)
		CreateAndSetChildDomain (97ms)
	RebuildCommonClasses (39ms)
	RebuildNativeTypeToScriptingClass (10ms)
	initialDomainReloadingComplete (24ms)
	LoadAllAssembliesAndSetupDomain (482ms)
		LoadAssemblies (268ms)
		RebuildTransferFunctionScriptingTraits (0ms)
		AnalyzeDomain (256ms)
			TypeCache.Refresh (11ms)
				TypeCache.ScanAssembly (0ms)
			BuildScriptInfoCaches (229ms)
			ResolveRequiredComponents (13ms)
	FinalizeReload (1169ms)
		ReleaseScriptCaches (0ms)
		RebuildScriptCaches (0ms)
		SetupLoadedEditorAssemblies (811ms)
			LogAssemblyErrors (0ms)
			InitializePlatformSupportModulesInManaged (3ms)
			SetLoadedEditorAssemblies (5ms)
			BeforeProcessingInitializeOnLoad (90ms)
			ProcessInitializeOnLoadAttributes (612ms)
			ProcessInitializeOnLoadMethodAttributes (94ms)
			AfterProcessingInitializeOnLoad (7ms)
			EditorAssembliesLoaded (1ms)
		ExecutionOrderSort2 (0ms)
		AwakeInstancesAfterBackupRestoration (16ms)
Shader Hidden/ProbeVolume/VoxelizeScene is not supported: GPU does not support conservative rasterization
Refreshing native plugins compatible for Editor in 0.63 ms, found 1 plugins.
Preloading 0 native plugins for Editor in 0.00 ms.
Unloading 13 Unused Serialized files (Serialized files now loaded: 0)
Unloading 7244 unused Assets / (5.1 MB). Loaded Objects now: 8544.
Memory consumption went from 180.4 MB to 175.3 MB.
Total: 19.953726 ms (FindLiveObjects: 0.920498 ms CreateObjectMapping: 0.936198 ms MarkObjects: 10.561224 ms  DeleteObjects: 7.534320 ms)

Prepare: number of updated asset objects reloaded= 0
========================================================================
Received Prepare
Begin MonoManager ReloadAssembly
- Loaded All Assemblies, in  0.746 seconds
Refreshing native plugins compatible for Editor in 0.50 ms, found 1 plugins.
Native extension for LinuxStandalone target not found
Mono: successfully reloaded assembly
- Finished resetting the current domain, in  1.038 seconds
Domain Reload Profiling: 1787ms
	BeginReloadAssembly (199ms)
		ExecutionOrderSort (0ms)
		DisableScriptedObjects (13ms)
		BackupInstance (0ms)
		ReleaseScriptingObjects (0ms)
		CreateAndSetChildDomain (97ms)
	RebuildCommonClasses (38ms)
	RebuildNativeTypeToScriptingClass (11ms)
	initialDomainReloadingComplete (26ms)
	LoadAllAssembliesAndSetupDomain (475ms)
		LoadAssemblies (277ms)
		RebuildTransferFunctionScriptingTraits (0ms)
		AnalyzeDomain (242ms)
			TypeCache.Refresh (8ms)
				TypeCache.ScanAssembly (0ms)
			BuildScriptInfoCaches (217ms)
			ResolveRequiredComponents (13ms)
	FinalizeReload (1039ms)
		ReleaseScriptCaches (0ms)
		RebuildScriptCaches (0ms)
		SetupLoadedEditorAssemblies (697ms)
			LogAssemblyErrors (0ms)
			InitializePlatformSupportModulesInManaged (3ms)
			SetLoadedEditorAssemblies (4ms)
			BeforeProcessingInitializeOnLoad (83ms)
			ProcessInitializeOnLoadAttributes (525ms)
			ProcessInitializeOnLoadMethodAttributes (78ms)
			AfterProcessingInitializeOnLoad (5ms)
			EditorAssembliesLoaded (0ms)
		ExecutionOrderSort2 (0ms)
		AwakeInstancesAfterBackupRestoration (13ms)
Shader Hidden/ProbeVolume/VoxelizeScene is not supported: GPU does not support conservative rasterization
Refreshing native plugins compatible for Editor in 0.56 ms, found 1 plugins.
Preloading 0 native plugins for Editor in 0.00 ms.
Unloading 13 Unused Serialized files (Serialized files now loaded: 0)
Unloading 7244 unused Assets / (4.1 MB). Loaded Objects now: 8547.
Memory consumption went from 180.4 MB to 176.4 MB.
Total: 11.973320 ms (FindLiveObjects: 1.072616 ms CreateObjectMapping: 1.224135 ms MarkObjects: 6.838382 ms  DeleteObjects: 2.836699 ms)

Prepare: number of updated asset objects reloaded= 1
========================================================================
Received Prepare
Begin MonoManager ReloadAssembly
- Loaded All Assemblies, in  0.764 seconds
Refreshing native plugins compatible for Editor in 0.51 ms, found 1 plugins.
Native extension for LinuxStandalone target not found
Mono: successfully reloaded assembly
- Finished resetting the current domain, in  1.246 seconds
Domain Reload Profiling: 2012ms
	BeginReloadAssembly (207ms)
		ExecutionOrderSort (0ms)
		DisableScriptedObjects (13ms)
		BackupInstance (0ms)
		ReleaseScriptingObjects (0ms)
		CreateAndSetChildDomain (105ms)
	RebuildCommonClasses (38ms)
	RebuildNativeTypeToScriptingClass (11ms)
	initialDomainReloadingComplete (26ms)
	LoadAllAssembliesAndSetupDomain (484ms)
		LoadAssemblies (278ms)
		RebuildTransferFunctionScriptingTraits (0ms)
		AnalyzeDomain (251ms)
			TypeCache.Refresh (8ms)
				TypeCache.ScanAssembly (0ms)
			BuildScriptInfoCaches (226ms)
			ResolveRequiredComponents (13ms)
	FinalizeReload (1246ms)
		ReleaseScriptCaches (0ms)
		RebuildScriptCaches (0ms)
		SetupLoadedEditorAssemblies (915ms)
			LogAssemblyErrors (0ms)
			InitializePlatformSupportModulesInManaged (3ms)
			SetLoadedEditorAssemblies (4ms)
			BeforeProcessingInitializeOnLoad (98ms)
			ProcessInitializeOnLoadAttributes (709ms)
			ProcessInitializeOnLoadMethodAttributes (94ms)
			AfterProcessingInitializeOnLoad (6ms)
			EditorAssembliesLoaded (0ms)
		ExecutionOrderSort2 (0ms)
		AwakeInstancesAfterBackupRestoration (13ms)
Shader Hidden/ProbeVolume/VoxelizeScene is not supported: GPU does not support conservative rasterization
Refreshing native plugins compatible for Editor in 0.73 ms, found 1 plugins.
Preloading 0 native plugins for Editor in 0.00 ms.
Unloading 13 Unused Serialized files (Serialized files now loaded: 0)
Unloading 7244 unused Assets / (4.1 MB). Loaded Objects now: 8550.
Memory consumption went from 180.4 MB to 176.4 MB.
Total: 12.449030 ms (FindLiveObjects: 0.779212 ms CreateObjectMapping: 0.739293 ms MarkObjects: 7.345566 ms  DeleteObjects: 3.583077 ms)

Prepare: number of updated asset objects reloaded= 0
========================================================================
Received Prepare
Begin MonoManager ReloadAssembly
- Loaded All Assemblies, in  0.995 seconds
Refreshing native plugins compatible for Editor in 0.57 ms, found 1 plugins.
Native extension for LinuxStandalone target not found
Mono: successfully reloaded assembly
- Finished resetting the current domain, in  1.320 seconds
Domain Reload Profiling: 2318ms
	BeginReloadAssembly (214ms)
		ExecutionOrderSort (0ms)
		DisableScriptedObjects (14ms)
		BackupInstance (0ms)
		ReleaseScriptingObjects (0ms)
		CreateAndSetChildDomain (106ms)
	RebuildCommonClasses (41ms)
	RebuildNativeTypeToScriptingClass (11ms)
	initialDomainReloadingComplete (26ms)
	LoadAllAssembliesAndSetupDomain (706ms)
		LoadAssemblies (364ms)
		RebuildTransferFunctionScriptingTraits (0ms)
		AnalyzeDomain (387ms)
			TypeCache.Refresh (19ms)
				TypeCache.ScanAssembly (1ms)
			BuildScriptInfoCaches (348ms)
			ResolveRequiredComponents (15ms)
	FinalizeReload (1321ms)
		ReleaseScriptCaches (0ms)
		RebuildScriptCaches (0ms)
		SetupLoadedEditorAssemblies (879ms)
			LogAssemblyErrors (0ms)
			InitializePlatformSupportModulesInManaged (4ms)
			SetLoadedEditorAssemblies (5ms)
			BeforeProcessingInitializeOnLoad (91ms)
			ProcessInitializeOnLoadAttributes (685ms)
			ProcessInitializeOnLoadMethodAttributes (88ms)
			AfterProcessingInitializeOnLoad (5ms)
			EditorAssembliesLoaded (0ms)
		ExecutionOrderSort2 (0ms)
		AwakeInstancesAfterBackupRestoration (14ms)
Shader Hidden/ProbeVolume/VoxelizeScene is not supported: GPU does not support conservative rasterization
Refreshing native plugins compatible for Editor in 0.53 ms, found 1 plugins.
Preloading 0 native plugins for Editor in 0.00 ms.
Unloading 13 Unused Serialized files (Serialized files now loaded: 0)
Unloading 7244 unused Assets / (4.7 MB). Loaded Objects now: 8553.
Memory consumption went from 180.4 MB to 175.8 MB.
Total: 16.332296 ms (FindLiveObjects: 0.908954 ms CreateObjectMapping: 1.502358 ms MarkObjects: 9.354573 ms  DeleteObjects: 4.565088 ms)

Prepare: number of updated asset objects reloaded= 0
========================================================================
Received Prepare
Begin MonoManager ReloadAssembly
- Loaded All Assemblies, in  0.993 seconds
Refreshing native plugins compatible for Editor in 0.57 ms, found 1 plugins.
Native extension for LinuxStandalone target not found
Mono: successfully reloaded assembly
- Finished resetting the current domain, in  1.109 seconds
Domain Reload Profiling: 2105ms
	BeginReloadAssembly (311ms)
		ExecutionOrderSort (0ms)
		DisableScriptedObjects (26ms)
		BackupInstance (0ms)
		ReleaseScriptingObjects (0ms)
		CreateAndSetChildDomain (163ms)
	RebuildCommonClasses (69ms)
	RebuildNativeTypeToScriptingClass (26ms)
	initialDomainReloadingComplete (45ms)
	LoadAllAssembliesAndSetupDomain (543ms)
		LoadAssemblies (329ms)
		RebuildTransferFunctionScriptingTraits (0ms)
		AnalyzeDomain (270ms)
			TypeCache.Refresh (13ms)
				TypeCache.ScanAssembly (1ms)
			BuildScriptInfoCaches (237ms)
			ResolveRequiredComponents (15ms)
	FinalizeReload (1110ms)
		ReleaseScriptCaches (0ms)
		RebuildScriptCaches (0ms)
		SetupLoadedEditorAssemblies (764ms)
			LogAssemblyErrors (0ms)
			InitializePlatformSupportModulesInManaged (4ms)
			SetLoadedEditorAssemblies (6ms)
			BeforeProcessingInitializeOnLoad (85ms)
			ProcessInitializeOnLoadAttributes (583ms)
			ProcessInitializeOnLoadMethodAttributes (80ms)
			AfterProcessingInitializeOnLoad (6ms)
			EditorAssembliesLoaded (0ms)
		ExecutionOrderSort2 (0ms)
		AwakeInstancesAfterBackupRestoration (13ms)
Shader Hidden/ProbeVolume/VoxelizeScene is not supported: GPU does not support conservative rasterization
Refreshing native plugins compatible for Editor in 0.61 ms, found 1 plugins.
Preloading 0 native plugins for Editor in 0.00 ms.
Unloading 13 Unused Serialized files (Serialized files now loaded: 0)
Unloading 7244 unused Assets / (5.9 MB). Loaded Objects now: 8556.
Memory consumption went from 180.4 MB to 174.6 MB.
Total: 13.738132 ms (FindLiveObjects: 0.962268 ms CreateObjectMapping: 0.796510 ms MarkObjects: 7.806695 ms  DeleteObjects: 4.171059 ms)

Prepare: number of updated asset objects reloaded= 0
========================================================================
Received Prepare
Begin MonoManager ReloadAssembly
- Loaded All Assemblies, in  0.765 seconds
Refreshing native plugins compatible for Editor in 0.58 ms, found 1 plugins.
Native extension for LinuxStandalone target not found
Mono: successfully reloaded assembly
- Finished resetting the current domain, in  1.144 seconds
Domain Reload Profiling: 1911ms
	BeginReloadAssembly (208ms)
		ExecutionOrderSort (0ms)
		DisableScriptedObjects (13ms)
		BackupInstance (0ms)
		ReleaseScriptingObjects (0ms)
		CreateAndSetChildDomain (108ms)
	RebuildCommonClasses (37ms)
	RebuildNativeTypeToScriptingClass (11ms)
	initialDomainReloadingComplete (26ms)
	LoadAllAssembliesAndSetupDomain (484ms)
		LoadAssemblies (274ms)
		RebuildTransferFunctionScriptingTraits (0ms)
		AnalyzeDomain (252ms)
			TypeCache.Refresh (11ms)
				TypeCache.ScanAssembly (0ms)
			BuildScriptInfoCaches (224ms)
			ResolveRequiredComponents (13ms)
	FinalizeReload (1145ms)
		ReleaseScriptCaches (0ms)
		RebuildScriptCaches (0ms)
		SetupLoadedEditorAssemblies (820ms)
			LogAssemblyErrors (0ms)
			InitializePlatformSupportModulesInManaged (3ms)
			SetLoadedEditorAssemblies (4ms)
			BeforeProcessingInitializeOnLoad (90ms)
			ProcessInitializeOnLoadAttributes (651ms)
			ProcessInitializeOnLoadMethodAttributes (66ms)
			AfterProcessingInitializeOnLoad (5ms)
			EditorAssembliesLoaded (0ms)
		ExecutionOrderSort2 (0ms)
		AwakeInstancesAfterBackupRestoration (13ms)
Shader Hidden/ProbeVolume/VoxelizeScene is not supported: GPU does not support conservative rasterization
Refreshing native plugins compatible for Editor in 0.50 ms, found 1 plugins.
Preloading 0 native plugins for Editor in 0.00 ms.
Unloading 13 Unused Serialized files (Serialized files now loaded: 0)
Unloading 7244 unused Assets / (4.8 MB). Loaded Objects now: 8559.
Memory consumption went from 180.5 MB to 175.6 MB.
Total: 10.603435 ms (FindLiveObjects: 0.847446 ms CreateObjectMapping: 0.753675 ms MarkObjects: 6.360771 ms  DeleteObjects: 2.640090 ms)

Prepare: number of updated asset objects reloaded= 0
========================================================================
Received Prepare
Begin MonoManager ReloadAssembly
- Loaded All Assemblies, in  0.775 seconds
Refreshing native plugins compatible for Editor in 0.51 ms, found 1 plugins.
Native extension for LinuxStandalone target not found
Edgegap requires Json.NET to be imported to function. To import Json.NET navigate to Window -> Package Manager -> Click the + symbol and choose 'Add package by name' -> com.unity.nuget.newtonsoft-json -> Leave version blank and click Add. If you are not currently using Edgegap you may ignore this message.
UnityEngine.Debug:ExtractStackTraceNoAlloc (byte*,int,string)
UnityEngine.StackTraceUtility:ExtractStackTrace () (at /home/bokken/build/output/unity/unity/Runtime/Export/Scripting/StackTrace.cs:37)
UnityEngine.DebugLogHandler:Internal_Log (UnityEngine.LogType,UnityEngine.LogOption,string,UnityEngine.Object)
UnityEngine.DebugLogHandler:LogFormat (UnityEngine.LogType,UnityEngine.Object,string,object[])
UnityEngine.Logger:Log (UnityEngine.LogType,object)
UnityEngine.Debug:LogWarning (object)
Newtonsoft.Json.FallbackDisplayer:Initialize () (at Assets/Mirror/Hosting/Edgegap/Newtonsoft_Package_Patch.cs:47)
System.Reflection.RuntimeMethodInfo:Invoke (object,System.Reflection.BindingFlags,System.Reflection.Binder,object[],System.Globalization.CultureInfo)
System.Reflection.MethodBase:Invoke (object,object[])
UnityEditor.EditorAssemblies:ProcessInitializeOnLoadMethodAttributes () (at /home/bokken/build/output/unity/unity/Editor/Mono/EditorAssemblies.cs:142)

(Filename: Assets/Mirror/Hosting/Edgegap/Newtonsoft_Package_Patch.cs Line: 47)

Mono: successfully reloaded assembly
- Finished resetting the current domain, in  1.041 seconds
Domain Reload Profiling: 1818ms
	BeginReloadAssembly (200ms)
		ExecutionOrderSort (0ms)
		DisableScriptedObjects (14ms)
		BackupInstance (0ms)
		ReleaseScriptingObjects (0ms)
		CreateAndSetChildDomain (97ms)
	RebuildCommonClasses (37ms)
	RebuildNativeTypeToScriptingClass (11ms)
	initialDomainReloadingComplete (29ms)
	LoadAllAssembliesAndSetupDomain (499ms)
		LoadAssemblies (299ms)
		RebuildTransferFunctionScriptingTraits (0ms)
		AnalyzeDomain (244ms)
			TypeCache.Refresh (9ms)
				TypeCache.ScanAssembly (0ms)
			BuildScriptInfoCaches (218ms)
			ResolveRequiredComponents (14ms)
	FinalizeReload (1041ms)
		ReleaseScriptCaches (0ms)
		RebuildScriptCaches (0ms)
		SetupLoadedEditorAssemblies (724ms)
			LogAssemblyErrors (0ms)
			InitializePlatformSupportModulesInManaged (4ms)
			SetLoadedEditorAssemblies (6ms)
			BeforeProcessingInitializeOnLoad (83ms)
			ProcessInitializeOnLoadAttributes (532ms)
			ProcessInitializeOnLoadMethodAttributes (94ms)
			AfterProcessingInitializeOnLoad (5ms)
			EditorAssembliesLoaded (0ms)
		ExecutionOrderSort2 (0ms)
		AwakeInstancesAfterBackupRestoration (14ms)
Shader Hidden/ProbeVolume/VoxelizeScene is not supported: GPU does not support conservative rasterization
Refreshing native plugins compatible for Editor in 0.55 ms, found 1 plugins.
Preloading 0 native plugins for Editor in 0.00 ms.
Unloading 13 Unused Serialized files (Serialized files now loaded: 0)
Unloading 7244 unused Assets / (4.3 MB). Loaded Objects now: 8562.
Memory consumption went from 180.5 MB to 176.2 MB.
Total: 12.435696 ms (FindLiveObjects: 1.191800 ms CreateObjectMapping: 1.171419 ms MarkObjects: 7.021082 ms  DeleteObjects: 3.050190 ms)

Prepare: number of updated asset objects reloaded= 1
========================================================================
Received Prepare
Begin MonoManager ReloadAssembly
- Loaded All Assemblies, in  0.770 seconds
Refreshing native plugins compatible for Editor in 0.49 ms, found 1 plugins.
Native extension for LinuxStandalone target not found
Mono: successfully reloaded assembly
- Finished resetting the current domain, in  1.040 seconds
Domain Reload Profiling: 1812ms
	BeginReloadAssembly (201ms)
		ExecutionOrderSort (0ms)
		DisableScriptedObjects (13ms)
		BackupInstance (0ms)
		ReleaseScriptingObjects (0ms)
		CreateAndSetChildDomain (101ms)
	RebuildCommonClasses (39ms)
	RebuildNativeTypeToScriptingClass (11ms)
	initialDomainReloadingComplete (29ms)
	LoadAllAssembliesAndSetupDomain (492ms)
		LoadAssemblies (285ms)
		RebuildTransferFunctionScriptingTraits (0ms)
		AnalyzeDomain (250ms)
			TypeCache.Refresh (8ms)
				TypeCache.ScanAssembly (0ms)
			BuildScriptInfoCaches (224ms)
			ResolveRequiredComponents (13ms)
	FinalizeReload (1040ms)
		ReleaseScriptCaches (0ms)
		RebuildScriptCaches (0ms)
		SetupLoadedEditorAssemblies (713ms)
			LogAssemblyErrors (0ms)
			InitializePlatformSupportModulesInManaged (3ms)
			SetLoadedEditorAssemblies (4ms)
			BeforeProcessingInitializeOnLoad (77ms)
			ProcessInitializeOnLoadAttributes (541ms)
			ProcessInitializeOnLoadMethodAttributes (81ms)
			AfterProcessingInitializeOnLoad (7ms)
			EditorAssembliesLoaded (1ms)
		ExecutionOrderSort2 (0ms)
		AwakeInstancesAfterBackupRestoration (14ms)
Shader Hidden/ProbeVolume/VoxelizeScene is not supported: GPU does not support conservative rasterization
Refreshing native plugins compatible for Editor in 0.62 ms, found 1 plugins.
Preloading 0 native plugins for Editor in 0.00 ms.
Unloading 13 Unused Serialized files (Serialized files now loaded: 0)
Unloading 7244 unused Assets / (4.8 MB). Loaded Objects now: 8565.
Memory consumption went from 180.5 MB to 175.6 MB.
Total: 12.034982 ms (FindLiveObjects: 1.075607 ms CreateObjectMapping: 0.919381 ms MarkObjects: 7.115857 ms  DeleteObjects: 2.923122 ms)

Prepare: number of updated asset objects reloaded= 0
========================================================================
Received Prepare
Begin MonoManager ReloadAssembly
- Loaded All Assemblies, in  0.753 seconds
Refreshing native plugins compatible for Editor in 0.52 ms, found 1 plugins.
Native extension for LinuxStandalone target not found
Mono: successfully reloaded assembly
- Finished resetting the current domain, in  1.033 seconds
Domain Reload Profiling: 1788ms
	BeginReloadAssembly (207ms)
		ExecutionOrderSort (0ms)
		DisableScriptedObjects (14ms)
		BackupInstance (0ms)
		ReleaseScriptingObjects (0ms)
		CreateAndSetChildDomain (107ms)
	RebuildCommonClasses (37ms)
	RebuildNativeTypeToScriptingClass (11ms)
	initialDomainReloadingComplete (27ms)
	LoadAllAssembliesAndSetupDomain (474ms)
		LoadAssemblies (275ms)
		RebuildTransferFunctionScriptingTraits (0ms)
		AnalyzeDomain (241ms)
			TypeCache.Refresh (10ms)
				TypeCache.ScanAssembly (0ms)
			BuildScriptInfoCaches (215ms)
			ResolveRequiredComponents (13ms)
	FinalizeReload (1033ms)
		ReleaseScriptCaches (0ms)
		RebuildScriptCaches (0ms)
		SetupLoadedEditorAssemblies (719ms)
			LogAssemblyErrors (0ms)
			InitializePlatformSupportModulesInManaged (3ms)
			SetLoadedEditorAssemblies (4ms)
			BeforeProcessingInitializeOnLoad (81ms)
			ProcessInitializeOnLoadAttributes (544ms)
			ProcessInitializeOnLoadMethodAttributes (80ms)
			AfterProcessingInitializeOnLoad (7ms)
			EditorAssembliesLoaded (1ms)
		ExecutionOrderSort2 (0ms)
		AwakeInstancesAfterBackupRestoration (14ms)
Shader Hidden/ProbeVolume/VoxelizeScene is not supported: GPU does not support conservative rasterization
Refreshing native plugins compatible for Editor in 0.54 ms, found 1 plugins.
Preloading 0 native plugins for Editor in 0.00 ms.
Unloading 13 Unused Serialized files (Serialized files now loaded: 0)
Unloading 7244 unused Assets / (4.9 MB). Loaded Objects now: 8568.
Memory consumption went from 180.5 MB to 175.5 MB.
Total: 12.700472 ms (FindLiveObjects: 1.045352 ms CreateObjectMapping: 0.724206 ms MarkObjects: 7.632035 ms  DeleteObjects: 3.296746 ms)

Prepare: number of updated asset objects reloaded= 0
========================================================================
Received Prepare
Begin MonoManager ReloadAssembly
- Loaded All Assemblies, in  1.376 seconds
Refreshing native plugins compatible for Editor in 0.99 ms, found 1 plugins.
Native extension for LinuxStandalone target not found
Mono: successfully reloaded assembly
- Finished resetting the current domain, in  1.686 seconds
Domain Reload Profiling: 3069ms
	BeginReloadAssembly (334ms)
		ExecutionOrderSort (0ms)
		DisableScriptedObjects (16ms)
		BackupInstance (0ms)
		ReleaseScriptingObjects (0ms)
		CreateAndSetChildDomain (168ms)
	RebuildCommonClasses (81ms)
	RebuildNativeTypeToScriptingClass (22ms)
	initialDomainReloadingComplete (45ms)
	LoadAllAssembliesAndSetupDomain (899ms)
		LoadAssemblies (529ms)
		RebuildTransferFunctionScriptingTraits (0ms)
		AnalyzeDomain (459ms)
			TypeCache.Refresh (18ms)
				TypeCache.ScanAssembly (1ms)
			BuildScriptInfoCaches (413ms)
			ResolveRequiredComponents (23ms)
	FinalizeReload (1687ms)
		ReleaseScriptCaches (0ms)
		RebuildScriptCaches (0ms)
		SetupLoadedEditorAssemblies (1133ms)
			LogAssemblyErrors (0ms)
			InitializePlatformSupportModulesInManaged (5ms)
			SetLoadedEditorAssemblies (7ms)
			BeforeProcessingInitializeOnLoad (106ms)
			ProcessInitializeOnLoadAttributes (890ms)
			ProcessInitializeOnLoadMethodAttributes (117ms)
			AfterProcessingInitializeOnLoad (8ms)
			EditorAssembliesLoaded (1ms)
		ExecutionOrderSort2 (0ms)
		AwakeInstancesAfterBackupRestoration (18ms)
Shader Hidden/ProbeVolume/VoxelizeScene is not supported: GPU does not support conservative rasterization
Refreshing native plugins compatible for Editor in 0.75 ms, found 1 plugins.
Preloading 0 native plugins for Editor in 0.00 ms.
Unloading 13 Unused Serialized files (Serialized files now loaded: 0)
Unloading 7244 unused Assets / (3.8 MB). Loaded Objects now: 8571.
Memory consumption went from 180.5 MB to 176.7 MB.
Total: 18.040455 ms (FindLiveObjects: 0.924796 ms CreateObjectMapping: 0.900174 ms MarkObjects: 10.689066 ms  DeleteObjects: 5.523547 ms)

Prepare: number of updated asset objects reloaded= 0
========================================================================
Received Prepare
Begin MonoManager ReloadAssembly
- Loaded All Assemblies, in  0.943 seconds
Refreshing native plugins compatible for Editor in 0.53 ms, found 1 plugins.
Native extension for LinuxStandalone target not found
Mono: successfully reloaded assembly
- Finished resetting the current domain, in  1.050 seconds
Domain Reload Profiling: 1995ms
	BeginReloadAssembly (290ms)
		ExecutionOrderSort (0ms)
		DisableScriptedObjects (17ms)
		BackupInstance (0ms)
		ReleaseScriptingObjects (0ms)
		CreateAndSetChildDomain (142ms)
	RebuildCommonClasses (75ms)
	RebuildNativeTypeToScriptingClass (13ms)
	initialDomainReloadingComplete (32ms)
	LoadAllAssembliesAndSetupDomain (534ms)
		LoadAssemblies (344ms)
		RebuildTransferFunctionScriptingTraits (0ms)
		AnalyzeDomain (260ms)
			TypeCache.Refresh (12ms)
				TypeCache.ScanAssembly (1ms)
			BuildScriptInfoCaches (231ms)
			ResolveRequiredComponents (14ms)
	FinalizeReload (1050ms)
		ReleaseScriptCaches (0ms)
		RebuildScriptCaches (0ms)
		SetupLoadedEditorAssemblies (704ms)
			LogAssemblyErrors (0ms)
			InitializePlatformSupportModulesInManaged (3ms)
			SetLoadedEditorAssemblies (4ms)
			BeforeProcessingInitializeOnLoad (81ms)
			ProcessInitializeOnLoadAttributes (539ms)
			ProcessInitializeOnLoadMethodAttributes (71ms)
			AfterProcessingInitializeOnLoad (5ms)
			EditorAssembliesLoaded (1ms)
		ExecutionOrderSort2 (0ms)
		AwakeInstancesAfterBackupRestoration (17ms)
Shader Hidden/ProbeVolume/VoxelizeScene is not supported: GPU does not support conservative rasterization
Refreshing native plugins compatible for Editor in 0.77 ms, found 1 plugins.
Preloading 0 native plugins for Editor in 0.00 ms.
Unloading 13 Unused Serialized files (Serialized files now loaded: 0)
Unloading 7244 unused Assets / (5.0 MB). Loaded Objects now: 8574.
Memory consumption went from 180.5 MB to 175.5 MB.
Total: 10.630694 ms (FindLiveObjects: 1.101591 ms CreateObjectMapping: 0.975072 ms MarkObjects: 5.919917 ms  DeleteObjects: 2.632889 ms)

Prepare: number of updated asset objects reloaded= 0
========================================================================
Received Prepare
Begin MonoManager ReloadAssembly
- Loaded All Assemblies, in  1.269 seconds
Refreshing native plugins compatible for Editor in 0.92 ms, found 1 plugins.
Native extension for LinuxStandalone target not found
Mono: successfully reloaded assembly
- Finished resetting the current domain, in  1.370 seconds
Domain Reload Profiling: 2642ms
	BeginReloadAssembly (287ms)
		ExecutionOrderSort (0ms)
		DisableScriptedObjects (24ms)
		BackupInstance (0ms)
		ReleaseScriptingObjects (0ms)
		CreateAndSetChildDomain (137ms)
	RebuildCommonClasses (74ms)
	RebuildNativeTypeToScriptingClass (21ms)
	initialDomainReloadingComplete (50ms)
	LoadAllAssembliesAndSetupDomain (839ms)
		LoadAssemblies (469ms)
		RebuildTransferFunctionScriptingTraits (0ms)
		AnalyzeDomain (433ms)
			TypeCache.Refresh (13ms)
				TypeCache.ScanAssembly (0ms)
			BuildScriptInfoCaches (389ms)
			ResolveRequiredComponents (24ms)
	FinalizeReload (1370ms)
		ReleaseScriptCaches (0ms)
		RebuildScriptCaches (0ms)
		SetupLoadedEditorAssemblies (920ms)
			LogAssemblyErrors (0ms)
			InitializePlatformSupportModulesInManaged (3ms)
			SetLoadedEditorAssemblies (4ms)
			BeforeProcessingInitializeOnLoad (83ms)
			ProcessInitializeOnLoadAttributes (731ms)
			ProcessInitializeOnLoadMethodAttributes (93ms)
			AfterProcessingInitializeOnLoad (5ms)
			EditorAssembliesLoaded (0ms)
		ExecutionOrderSort2 (0ms)
		AwakeInstancesAfterBackupRestoration (12ms)
Shader Hidden/ProbeVolume/VoxelizeScene is not supported: GPU does not support conservative rasterization
Refreshing native plugins compatible for Editor in 0.54 ms, found 1 plugins.
Preloading 0 native plugins for Editor in 0.00 ms.
Unloading 13 Unused Serialized files (Serialized files now loaded: 0)
Unloading 7244 unused Assets / (4.7 MB). Loaded Objects now: 8577.
Memory consumption went from 180.5 MB to 175.8 MB.
Total: 11.629410 ms (FindLiveObjects: 1.220302 ms CreateObjectMapping: 1.001987 ms MarkObjects: 6.648711 ms  DeleteObjects: 2.757066 ms)

Prepare: number of updated asset objects reloaded= 1
========================================================================
Received Prepare
Begin MonoManager ReloadAssembly
- Loaded All Assemblies, in  1.012 seconds
Refreshing native plugins compatible for Editor in 0.95 ms, found 1 plugins.
Native extension for LinuxStandalone target not found
Mono: successfully reloaded assembly
- Finished resetting the current domain, in  1.665 seconds
Domain Reload Profiling: 2680ms
	BeginReloadAssembly (233ms)
		ExecutionOrderSort (0ms)
		DisableScriptedObjects (19ms)
		BackupInstance (0ms)
		ReleaseScriptingObjects (0ms)
		CreateAndSetChildDomain (113ms)
	RebuildCommonClasses (44ms)
	RebuildNativeTypeToScriptingClass (10ms)
	initialDomainReloadingComplete (29ms)
	LoadAllAssembliesAndSetupDomain (699ms)
		LoadAssemblies (363ms)
		RebuildTransferFunctionScriptingTraits (0ms)
		AnalyzeDomain (388ms)
			TypeCache.Refresh (11ms)
				TypeCache.ScanAssembly (0ms)
			BuildScriptInfoCaches (354ms)
			ResolveRequiredComponents (18ms)
	FinalizeReload (1666ms)
		ReleaseScriptCaches (0ms)
		RebuildScriptCaches (0ms)
		SetupLoadedEditorAssemblies (1172ms)
			LogAssemblyErrors (0ms)
			InitializePlatformSupportModulesInManaged (5ms)
			SetLoadedEditorAssemblies (6ms)
			BeforeProcessingInitializeOnLoad (94ms)
			ProcessInitializeOnLoadAttributes (914ms)
			ProcessInitializeOnLoadMethodAttributes (143ms)
			AfterProcessingInitializeOnLoad (10ms)
			EditorAssembliesLoaded (1ms)
		ExecutionOrderSort2 (0ms)
		AwakeInstancesAfterBackupRestoration (25ms)
Shader Hidden/ProbeVolume/VoxelizeScene is not supported: GPU does not support conservative rasterization
Refreshing native plugins compatible for Editor in 0.69 ms, found 1 plugins.
Preloading 0 native plugins for Editor in 0.00 ms.
Unloading 13 Unused Serialized files (Serialized files now loaded: 0)
Unloading 7244 unused Assets / (4.4 MB). Loaded Objects now: 8580.
Memory consumption went from 180.5 MB to 176.1 MB.
Total: 18.957456 ms (FindLiveObjects: 1.493956 ms CreateObjectMapping: 1.260352 ms MarkObjects: 12.046417 ms  DeleteObjects: 4.154671 ms)

Prepare: number of updated asset objects reloaded= 0
========================================================================
Received Prepare
Begin MonoManager ReloadAssembly
- Loaded All Assemblies, in  0.884 seconds
Refreshing native plugins compatible for Editor in 0.51 ms, found 1 plugins.
Native extension for LinuxStandalone target not found
Edgegap requires Json.NET to be imported to function. To import Json.NET navigate to Window -> Package Manager -> Click the + symbol and choose 'Add package by name' -> com.unity.nuget.newtonsoft-json -> Leave version blank and click Add. If you are not currently using Edgegap you may ignore this message.
UnityEngine.Debug:ExtractStackTraceNoAlloc (byte*,int,string)
UnityEngine.StackTraceUtility:ExtractStackTrace () (at /home/bokken/build/output/unity/unity/Runtime/Export/Scripting/StackTrace.cs:37)
UnityEngine.DebugLogHandler:Internal_Log (UnityEngine.LogType,UnityEngine.LogOption,string,UnityEngine.Object)
UnityEngine.DebugLogHandler:LogFormat (UnityEngine.LogType,UnityEngine.Object,string,object[])
UnityEngine.Logger:Log (UnityEngine.LogType,object)
UnityEngine.Debug:LogWarning (object)
Newtonsoft.Json.FallbackDisplayer:Initialize () (at Assets/Mirror/Hosting/Edgegap/Newtonsoft_Package_Patch.cs:47)
System.Reflection.RuntimeMethodInfo:Invoke (object,System.Reflection.BindingFlags,System.Reflection.Binder,object[],System.Globalization.CultureInfo)
System.Reflection.MethodBase:Invoke (object,object[])
UnityEditor.EditorAssemblies:ProcessInitializeOnLoadMethodAttributes () (at /home/bokken/build/output/unity/unity/Editor/Mono/EditorAssemblies.cs:142)

(Filename: Assets/Mirror/Hosting/Edgegap/Newtonsoft_Package_Patch.cs Line: 47)

Mono: successfully reloaded assembly
- Finished resetting the current domain, in  1.266 seconds
Domain Reload Profiling: 2152ms
	BeginReloadAssembly (230ms)
		ExecutionOrderSort (0ms)
		DisableScriptedObjects (16ms)
		BackupInstance (0ms)
		ReleaseScriptingObjects (0ms)
		CreateAndSetChildDomain (118ms)
	RebuildCommonClasses (43ms)
	RebuildNativeTypeToScriptingClass (10ms)
	initialDomainReloadingComplete (31ms)
	LoadAllAssembliesAndSetupDomain (571ms)
		LoadAssemblies (307ms)
		RebuildTransferFunctionScriptingTraits (0ms)
		AnalyzeDomain (314ms)
			TypeCache.Refresh (9ms)
				TypeCache.ScanAssembly (0ms)
			BuildScriptInfoCaches (288ms)
			ResolveRequiredComponents (13ms)
	FinalizeReload (1266ms)
		ReleaseScriptCaches (0ms)
		RebuildScriptCaches (0ms)
		SetupLoadedEditorAssemblies (876ms)
			LogAssemblyErrors (0ms)
			InitializePlatformSupportModulesInManaged (4ms)
			SetLoadedEditorAssemblies (5ms)
			BeforeProcessingInitializeOnLoad (86ms)
			ProcessInitializeOnLoadAttributes (665ms)
			ProcessInitializeOnLoadMethodAttributes (107ms)
			AfterProcessingInitializeOnLoad (8ms)
			EditorAssembliesLoaded (1ms)
		ExecutionOrderSort2 (0ms)
		AwakeInstancesAfterBackupRestoration (19ms)
Shader Hidden/ProbeVolume/VoxelizeScene is not supported: GPU does not support conservative rasterization
Refreshing native plugins compatible for Editor in 0.57 ms, found 1 plugins.
Preloading 0 native plugins for Editor in 0.00 ms.
Unloading 13 Unused Serialized files (Serialized files now loaded: 0)
Unloading 7244 unused Assets / (4.7 MB). Loaded Objects now: 8583.
Memory consumption went from 180.5 MB to 175.8 MB.
Total: 12.283593 ms (FindLiveObjects: 1.015003 ms CreateObjectMapping: 1.142227 ms MarkObjects: 7.064497 ms  DeleteObjects: 3.060272 ms)

Prepare: number of updated asset objects reloaded= 1
========================================================================
Received Prepare
Begin MonoManager ReloadAssembly
- Loaded All Assemblies, in  0.830 seconds
Refreshing native plugins compatible for Editor in 0.49 ms, found 1 plugins.
Native extension for LinuxStandalone target not found
Mono: successfully reloaded assembly
- Finished resetting the current domain, in  0.973 seconds
Domain Reload Profiling: 1805ms
	BeginReloadAssembly (201ms)
		ExecutionOrderSort (0ms)
		DisableScriptedObjects (14ms)
		BackupInstance (0ms)
		ReleaseScriptingObjects (0ms)
		CreateAndSetChildDomain (100ms)
	RebuildCommonClasses (39ms)
	RebuildNativeTypeToScriptingClass (10ms)
	initialDomainReloadingComplete (40ms)
	LoadAllAssembliesAndSetupDomain (540ms)
		LoadAssemblies (310ms)
		RebuildTransferFunctionScriptingTraits (0ms)
		AnalyzeDomain (274ms)
			TypeCache.Refresh (12ms)
				TypeCache.ScanAssembly (0ms)
			BuildScriptInfoCaches (244ms)
			ResolveRequiredComponents (14ms)
	FinalizeReload (975ms)
		ReleaseScriptCaches (0ms)
		RebuildScriptCaches (0ms)
		SetupLoadedEditorAssemblies (661ms)
			LogAssemblyErrors (0ms)
			InitializePlatformSupportModulesInManaged (3ms)
			SetLoadedEditorAssemblies (4ms)
			BeforeProcessingInitializeOnLoad (52ms)
			ProcessInitializeOnLoadAttributes (522ms)
			ProcessInitializeOnLoadMethodAttributes (75ms)
			AfterProcessingInitializeOnLoad (5ms)
			EditorAssembliesLoaded (0ms)
		ExecutionOrderSort2 (0ms)
		AwakeInstancesAfterBackupRestoration (12ms)
Shader Hidden/ProbeVolume/VoxelizeScene is not supported: GPU does not support conservative rasterization
Refreshing native plugins compatible for Editor in 0.57 ms, found 1 plugins.
Preloading 0 native plugins for Editor in 0.00 ms.
Unloading 13 Unused Serialized files (Serialized files now loaded: 0)
Unloading 7244 unused Assets / (2.7 MB). Loaded Objects now: 8586.
Memory consumption went from 180.5 MB to 177.8 MB.
Total: 22.403187 ms (FindLiveObjects: 1.419790 ms CreateObjectMapping: 2.466668 ms MarkObjects: 13.312138 ms  DeleteObjects: 5.201991 ms)

Prepare: number of updated asset objects reloaded= 0
========================================================================
Received Prepare
Begin MonoManager ReloadAssembly
- Loaded All Assemblies, in  0.778 seconds
Refreshing native plugins compatible for Editor in 0.53 ms, found 1 plugins.
Native extension for LinuxStandalone target not found
Mono: successfully reloaded assembly
- Finished resetting the current domain, in  1.016 seconds
Domain Reload Profiling: 1797ms
	BeginReloadAssembly (208ms)
		ExecutionOrderSort (0ms)
		DisableScriptedObjects (13ms)
		BackupInstance (0ms)
		ReleaseScriptingObjects (0ms)
		CreateAndSetChildDomain (106ms)
	RebuildCommonClasses (40ms)
	RebuildNativeTypeToScriptingClass (9ms)
	initialDomainReloadingComplete (27ms)
	LoadAllAssembliesAndSetupDomain (496ms)
		LoadAssemblies (283ms)
		RebuildTransferFunctionScriptingTraits (0ms)
		AnalyzeDomain (259ms)
			TypeCache.Refresh (12ms)
				TypeCache.ScanAssembly (0ms)
			BuildScriptInfoCaches (231ms)
			ResolveRequiredComponents (13ms)
	FinalizeReload (1017ms)
		ReleaseScriptCaches (0ms)
		RebuildScriptCaches (0ms)
		SetupLoadedEditorAssemblies (697ms)
			LogAssemblyErrors (0ms)
			InitializePlatformSupportModulesInManaged (3ms)
			SetLoadedEditorAssemblies (4ms)
			BeforeProcessingInitializeOnLoad (64ms)
			ProcessInitializeOnLoadAttributes (551ms)
			ProcessInitializeOnLoadMethodAttributes (69ms)
			AfterProcessingInitializeOnLoad (6ms)
			EditorAssembliesLoaded (0ms)
		ExecutionOrderSort2 (0ms)
		AwakeInstancesAfterBackupRestoration (12ms)
Shader Hidden/ProbeVolume/VoxelizeScene is not supported: GPU does not support conservative rasterization
Refreshing native plugins compatible for Editor in 0.51 ms, found 1 plugins.
Preloading 0 native plugins for Editor in 0.00 ms.
Unloading 13 Unused Serialized files (Serialized files now loaded: 0)
Unloading 7244 unused Assets / (5.1 MB). Loaded Objects now: 8589.
Memory consumption went from 180.5 MB to 175.4 MB.
Total: 10.794164 ms (FindLiveObjects: 0.793439 ms CreateObjectMapping: 0.790814 ms MarkObjects: 6.484197 ms  DeleteObjects: 2.724402 ms)

Prepare: number of updated asset objects reloaded= 0
========================================================================
Received Prepare
Begin MonoManager ReloadAssembly
- Loaded All Assemblies, in  1.274 seconds
Refreshing native plugins compatible for Editor in 0.57 ms, found 1 plugins.
Native extension for LinuxStandalone target not found
Mono: successfully reloaded assembly
- Finished resetting the current domain, in  1.266 seconds
Domain Reload Profiling: 2545ms
	BeginReloadAssembly (317ms)
		ExecutionOrderSort (0ms)
		DisableScriptedObjects (24ms)
		BackupInstance (0ms)
		ReleaseScriptingObjects (0ms)
		CreateAndSetChildDomain (162ms)
	RebuildCommonClasses (46ms)
	RebuildNativeTypeToScriptingClass (10ms)
	initialDomainReloadingComplete (40ms)
	LoadAllAssembliesAndSetupDomain (864ms)
		LoadAssemblies (475ms)
		RebuildTransferFunctionScriptingTraits (0ms)
		AnalyzeDomain (452ms)
			TypeCache.Refresh (13ms)
				TypeCache.ScanAssembly (0ms)
			BuildScriptInfoCaches (409ms)
			ResolveRequiredComponents (24ms)
	FinalizeReload (1267ms)
		ReleaseScriptCaches (0ms)
		RebuildScriptCaches (0ms)
		SetupLoadedEditorAssemblies (858ms)
			LogAssemblyErrors (0ms)
			InitializePlatformSupportModulesInManaged (3ms)
			SetLoadedEditorAssemblies (4ms)
			BeforeProcessingInitializeOnLoad (87ms)
			ProcessInitializeOnLoadAttributes (673ms)
			ProcessInitializeOnLoadMethodAttributes (85ms)
			AfterProcessingInitializeOnLoad (6ms)
			EditorAssembliesLoaded (1ms)
		ExecutionOrderSort2 (0ms)
		AwakeInstancesAfterBackupRestoration (13ms)
Shader Hidden/ProbeVolume/VoxelizeScene is not supported: GPU does not support conservative rasterization
Refreshing native plugins compatible for Editor in 0.57 ms, found 1 plugins.
Preloading 0 native plugins for Editor in 0.00 ms.
Unloading 13 Unused Serialized files (Serialized files now loaded: 0)
Unloading 7244 unused Assets / (4.9 MB). Loaded Objects now: 8592.
Memory consumption went from 180.5 MB to 175.7 MB.
Total: 12.107428 ms (FindLiveObjects: 1.008097 ms CreateObjectMapping: 0.698843 ms MarkObjects: 7.926317 ms  DeleteObjects: 2.472480 ms)

Prepare: number of updated asset objects reloaded= 1
========================================================================
Received Prepare
Begin MonoManager ReloadAssembly
- Loaded All Assemblies, in  1.180 seconds
Refreshing native plugins compatible for Editor in 0.52 ms, found 1 plugins.
Native extension for LinuxStandalone target not found
Mono: successfully reloaded assembly
- Finished resetting the current domain, in  1.187 seconds
Domain Reload Profiling: 2370ms
	BeginReloadAssembly (290ms)
		ExecutionOrderSort (0ms)
		DisableScriptedObjects (24ms)
		BackupInstance (0ms)
		ReleaseScriptingObjects (0ms)
		CreateAndSetChildDomain (155ms)
	RebuildCommonClasses (73ms)
	RebuildNativeTypeToScriptingClass (18ms)
	initialDomainReloadingComplete (51ms)
	LoadAllAssembliesAndSetupDomain (751ms)
		LoadAssemblies (424ms)
		RebuildTransferFunctionScriptingTraits (0ms)
		AnalyzeDomain (376ms)
			TypeCache.Refresh (12ms)
				TypeCache.ScanAssembly (0ms)
			BuildScriptInfoCaches (335ms)
			ResolveRequiredComponents (22ms)
	FinalizeReload (1187ms)
		ReleaseScriptCaches (0ms)
		RebuildScriptCaches (0ms)
		SetupLoadedEditorAssemblies (776ms)
			LogAssemblyErrors (0ms)
			InitializePlatformSupportModulesInManaged (3ms)
			SetLoadedEditorAssemblies (5ms)
			BeforeProcessingInitializeOnLoad (85ms)
			ProcessInitializeOnLoadAttributes (597ms)
			ProcessInitializeOnLoadMethodAttributes (79ms)
			AfterProcessingInitializeOnLoad (6ms)
			EditorAssembliesLoaded (1ms)
		ExecutionOrderSort2 (0ms)
		AwakeInstancesAfterBackupRestoration (16ms)
Shader Hidden/ProbeVolume/VoxelizeScene is not supported: GPU does not support conservative rasterization
Refreshing native plugins compatible for Editor in 0.53 ms, found 1 plugins.
Preloading 0 native plugins for Editor in 0.00 ms.
Unloading 13 Unused Serialized files (Serialized files now loaded: 0)
Unloading 7244 unused Assets / (4.8 MB). Loaded Objects now: 8595.
Memory consumption went from 180.5 MB to 175.8 MB.
Total: 14.424243 ms (FindLiveObjects: 1.153379 ms CreateObjectMapping: 1.478021 ms MarkObjects: 9.237176 ms  DeleteObjects: 2.553816 ms)

Prepare: number of updated asset objects reloaded= 0
========================================================================
Received Prepare
Begin MonoManager ReloadAssembly
- Loaded All Assemblies, in  0.799 seconds
Refreshing native plugins compatible for Editor in 0.55 ms, found 1 plugins.
Native extension for LinuxStandalone target not found
Mono: successfully reloaded assembly
- Finished resetting the current domain, in  1.092 seconds
Domain Reload Profiling: 1894ms
	BeginReloadAssembly (217ms)
		ExecutionOrderSort (0ms)
		DisableScriptedObjects (15ms)
		BackupInstance (0ms)
		ReleaseScriptingObjects (0ms)
		CreateAndSetChildDomain (112ms)
	RebuildCommonClasses (38ms)
	RebuildNativeTypeToScriptingClass (10ms)
	initialDomainReloadingComplete (31ms)
	LoadAllAssembliesAndSetupDomain (505ms)
		LoadAssemblies (294ms)
		RebuildTransferFunctionScriptingTraits (0ms)
		AnalyzeDomain (254ms)
			TypeCache.Refresh (10ms)
				TypeCache.ScanAssembly (0ms)
			BuildScriptInfoCaches (227ms)
			ResolveRequiredComponents (13ms)
	FinalizeReload (1093ms)
		ReleaseScriptCaches (0ms)
		RebuildScriptCaches (0ms)
		SetupLoadedEditorAssemblies (756ms)
			LogAssemblyErrors (0ms)
			InitializePlatformSupportModulesInManaged (3ms)
			SetLoadedEditorAssemblies (4ms)
			BeforeProcessingInitializeOnLoad (66ms)
			ProcessInitializeOnLoadAttributes (569ms)
			ProcessInitializeOnLoadMethodAttributes (106ms)
			AfterProcessingInitializeOnLoad (8ms)
			EditorAssembliesLoaded (1ms)
		ExecutionOrderSort2 (0ms)
		AwakeInstancesAfterBackupRestoration (15ms)
Shader Hidden/ProbeVolume/VoxelizeScene is not supported: GPU does not support conservative rasterization
Refreshing native plugins compatible for Editor in 0.58 ms, found 1 plugins.
Preloading 0 native plugins for Editor in 0.00 ms.
Unloading 13 Unused Serialized files (Serialized files now loaded: 0)
Unloading 7244 unused Assets / (4.7 MB). Loaded Objects now: 8598.
Memory consumption went from 180.6 MB to 175.8 MB.
Total: 14.265192 ms (FindLiveObjects: 0.874482 ms CreateObjectMapping: 0.986690 ms MarkObjects: 7.979252 ms  DeleteObjects: 4.422542 ms)

Prepare: number of updated asset objects reloaded= 1
========================================================================
Received Prepare
Begin MonoManager ReloadAssembly
- Loaded All Assemblies, in  0.779 seconds
Refreshing native plugins compatible for Editor in 0.50 ms, found 1 plugins.
Native extension for LinuxStandalone target not found
Mono: successfully reloaded assembly
- Finished resetting the current domain, in  1.012 seconds
Domain Reload Profiling: 1792ms
	BeginReloadAssembly (202ms)
		ExecutionOrderSort (0ms)
		DisableScriptedObjects (13ms)
		BackupInstance (0ms)
		ReleaseScriptingObjects (0ms)
		CreateAndSetChildDomain (103ms)
	RebuildCommonClasses (37ms)
	RebuildNativeTypeToScriptingClass (9ms)
	initialDomainReloadingComplete (29ms)
	LoadAllAssembliesAndSetupDomain (503ms)
		LoadAssemblies (298ms)
		RebuildTransferFunctionScriptingTraits (0ms)
		AnalyzeDomain (248ms)
			TypeCache.Refresh (8ms)
				TypeCache.ScanAssembly (0ms)
			BuildScriptInfoCaches (222ms)
			ResolveRequiredComponents (14ms)
	FinalizeReload (1012ms)
		ReleaseScriptCaches (0ms)
		RebuildScriptCaches (0ms)
		SetupLoadedEditorAssemblies (691ms)
			LogAssemblyErrors (0ms)
			InitializePlatformSupportModulesInManaged (3ms)
			SetLoadedEditorAssemblies (4ms)
			BeforeProcessingInitializeOnLoad (70ms)
			ProcessInitializeOnLoadAttributes (524ms)
			ProcessInitializeOnLoadMethodAttributes (84ms)
			AfterProcessingInitializeOnLoad (6ms)
			EditorAssembliesLoaded (0ms)
		ExecutionOrderSort2 (0ms)
		AwakeInstancesAfterBackupRestoration (13ms)
Shader Hidden/ProbeVolume/VoxelizeScene is not supported: GPU does not support conservative rasterization
Refreshing native plugins compatible for Editor in 0.51 ms, found 1 plugins.
Preloading 0 native plugins for Editor in 0.00 ms.
Unloading 13 Unused Serialized files (Serialized files now loaded: 0)
Unloading 7244 unused Assets / (4.8 MB). Loaded Objects now: 8601.
Memory consumption went from 180.6 MB to 175.8 MB.
Total: 11.898868 ms (FindLiveObjects: 0.956494 ms CreateObjectMapping: 1.481352 ms MarkObjects: 7.022092 ms  DeleteObjects: 2.437778 ms)

Prepare: number of updated asset objects reloaded= 0
========================================================================
Received Prepare
Begin MonoManager ReloadAssembly
- Loaded All Assemblies, in  0.999 seconds
Refreshing native plugins compatible for Editor in 0.96 ms, found 1 plugins.
Native extension for LinuxStandalone target not found
Mono: successfully reloaded assembly
- Finished resetting the current domain, in  1.665 seconds
Domain Reload Profiling: 2670ms
	BeginReloadAssembly (210ms)
		ExecutionOrderSort (0ms)
		DisableScriptedObjects (14ms)
		BackupInstance (0ms)
		ReleaseScriptingObjects (0ms)
		CreateAndSetChildDomain (105ms)
	RebuildCommonClasses (44ms)
	RebuildNativeTypeToScriptingClass (12ms)
	initialDomainReloadingComplete (28ms)
	LoadAllAssembliesAndSetupDomain (710ms)
		LoadAssemblies (355ms)
		RebuildTransferFunctionScriptingTraits (0ms)
		AnalyzeDomain (398ms)
			TypeCache.Refresh (14ms)
				TypeCache.ScanAssembly (1ms)
			BuildScriptInfoCaches (352ms)
			ResolveRequiredComponents (25ms)
	FinalizeReload (1666ms)
		ReleaseScriptCaches (0ms)
		RebuildScriptCaches (0ms)
		SetupLoadedEditorAssemblies (1168ms)
			LogAssemblyErrors (0ms)
			InitializePlatformSupportModulesInManaged (5ms)
			SetLoadedEditorAssemblies (7ms)
			BeforeProcessingInitializeOnLoad (109ms)
			ProcessInitializeOnLoadAttributes (964ms)
			ProcessInitializeOnLoadMethodAttributes (78ms)
			AfterProcessingInitializeOnLoad (5ms)
			EditorAssembliesLoaded (0ms)
		ExecutionOrderSort2 (0ms)
		AwakeInstancesAfterBackupRestoration (19ms)
Shader Hidden/ProbeVolume/VoxelizeScene is not supported: GPU does not support conservative rasterization
Refreshing native plugins compatible for Editor in 0.80 ms, found 1 plugins.
Preloading 0 native plugins for Editor in 0.00 ms.
Unloading 13 Unused Serialized files (Serialized files now loaded: 0)
Unloading 7244 unused Assets / (4.5 MB). Loaded Objects now: 8604.
Memory consumption went from 180.6 MB to 176.1 MB.
Total: 16.770924 ms (FindLiveObjects: 1.179906 ms CreateObjectMapping: 1.394793 ms MarkObjects: 10.545334 ms  DeleteObjects: 3.649351 ms)

Prepare: number of updated asset objects reloaded= 0
========================================================================
Received Prepare
Begin MonoManager ReloadAssembly
- Loaded All Assemblies, in  1.274 seconds
Refreshing native plugins compatible for Editor in 0.92 ms, found 1 plugins.
Native extension for LinuxStandalone target not found
Mono: successfully reloaded assembly
- Finished resetting the current domain, in  2.084 seconds
Domain Reload Profiling: 3361ms
	BeginReloadAssembly (298ms)
		ExecutionOrderSort (0ms)
		DisableScriptedObjects (16ms)
		BackupInstance (0ms)
		ReleaseScriptingObjects (0ms)
		CreateAndSetChildDomain (151ms)
	RebuildCommonClasses (69ms)
	RebuildNativeTypeToScriptingClass (13ms)
	initialDomainReloadingComplete (51ms)
	LoadAllAssembliesAndSetupDomain (845ms)
		LoadAssemblies (472ms)
		RebuildTransferFunctionScriptingTraits (0ms)
		AnalyzeDomain (446ms)
			TypeCache.Refresh (14ms)
				TypeCache.ScanAssembly (0ms)
			BuildScriptInfoCaches (399ms)
			ResolveRequiredComponents (27ms)
	FinalizeReload (2084ms)
		ReleaseScriptCaches (0ms)
		RebuildScriptCaches (0ms)
		SetupLoadedEditorAssemblies (1481ms)
			LogAssemblyErrors (0ms)
			InitializePlatformSupportModulesInManaged (6ms)
			SetLoadedEditorAssemblies (8ms)
			BeforeProcessingInitializeOnLoad (210ms)
			ProcessInitializeOnLoadAttributes (1077ms)
			ProcessInitializeOnLoadMethodAttributes (170ms)
			AfterProcessingInitializeOnLoad (10ms)
			EditorAssembliesLoaded (1ms)
		ExecutionOrderSort2 (0ms)
		AwakeInstancesAfterBackupRestoration (24ms)
Shader Hidden/ProbeVolume/VoxelizeScene is not supported: GPU does not support conservative rasterization
Refreshing native plugins compatible for Editor in 0.94 ms, found 1 plugins.
Preloading 0 native plugins for Editor in 0.00 ms.
Unloading 13 Unused Serialized files (Serialized files now loaded: 0)
Unloading 7244 unused Assets / (3.8 MB). Loaded Objects now: 8607.
Memory consumption went from 180.6 MB to 176.8 MB.
Total: 24.835024 ms (FindLiveObjects: 2.116880 ms CreateObjectMapping: 2.130008 ms MarkObjects: 11.517635 ms  DeleteObjects: 9.068320 ms)

Prepare: number of updated asset objects reloaded= 1
========================================================================
Received Prepare
Shader Hidden/ProbeVolume/VoxelizeScene is not supported: GPU does not support conservative rasterization
Refreshing native plugins compatible for Editor in 0.85 ms, found 1 plugins.
Preloading 0 native plugins for Editor in 0.00 ms.
Unloading 13 Unused Serialized files (Serialized files now loaded: 0)
Unloading 7232 unused Assets / (5.4 MB). Loaded Objects now: 8607.
Memory consumption went from 180.8 MB to 175.4 MB.
Total: 17.963946 ms (FindLiveObjects: 1.277459 ms CreateObjectMapping: 1.539345 ms MarkObjects: 10.573585 ms  DeleteObjects: 4.571369 ms)

Prepare: number of updated asset objects reloaded= 0
========================================================================
Received Prepare
Begin MonoManager ReloadAssembly
- Loaded All Assemblies, in  1.023 seconds
Refreshing native plugins compatible for Editor in 0.92 ms, found 1 plugins.
Native extension for LinuxStandalone target not found
Edgegap requires Json.NET to be imported to function. To import Json.NET navigate to Window -> Package Manager -> Click the + symbol and choose 'Add package by name' -> com.unity.nuget.newtonsoft-json -> Leave version blank and click Add. If you are not currently using Edgegap you may ignore this message.
UnityEngine.Debug:ExtractStackTraceNoAlloc (byte*,int,string)
UnityEngine.StackTraceUtility:ExtractStackTrace () (at /home/bokken/build/output/unity/unity/Runtime/Export/Scripting/StackTrace.cs:37)
UnityEngine.DebugLogHandler:Internal_Log (UnityEngine.LogType,UnityEngine.LogOption,string,UnityEngine.Object)
UnityEngine.DebugLogHandler:LogFormat (UnityEngine.LogType,UnityEngine.Object,string,object[])
UnityEngine.Logger:Log (UnityEngine.LogType,object)
UnityEngine.Debug:LogWarning (object)
Newtonsoft.Json.FallbackDisplayer:Initialize () (at Assets/Mirror/Hosting/Edgegap/Newtonsoft_Package_Patch.cs:47)
System.Reflection.RuntimeMethodInfo:Invoke (object,System.Reflection.BindingFlags,System.Reflection.Binder,object[],System.Globalization.CultureInfo)
System.Reflection.MethodBase:Invoke (object,object[])
UnityEditor.EditorAssemblies:ProcessInitializeOnLoadMethodAttributes () (at /home/bokken/build/output/unity/unity/Editor/Mono/EditorAssemblies.cs:142)

(Filename: Assets/Mirror/Hosting/Edgegap/Newtonsoft_Package_Patch.cs Line: 47)

Mono: successfully reloaded assembly
- Finished resetting the current domain, in  1.729 seconds
Domain Reload Profiling: 2755ms
	BeginReloadAssembly (232ms)
		ExecutionOrderSort (0ms)
		DisableScriptedObjects (13ms)
		BackupInstance (0ms)
		ReleaseScriptingObjects (0ms)
		CreateAndSetChildDomain (123ms)
	RebuildCommonClasses (37ms)
	RebuildNativeTypeToScriptingClass (10ms)
	initialDomainReloadingComplete (28ms)
	LoadAllAssembliesAndSetupDomain (718ms)
		LoadAssemblies (374ms)
		RebuildTransferFunctionScriptingTraits (0ms)
		AnalyzeDomain (396ms)
			TypeCache.Refresh (17ms)
				TypeCache.ScanAssembly (1ms)
			BuildScriptInfoCaches (358ms)
			ResolveRequiredComponents (16ms)
	FinalizeReload (1729ms)
		ReleaseScriptCaches (0ms)
		RebuildScriptCaches (0ms)
		SetupLoadedEditorAssemblies (1193ms)
			LogAssemblyErrors (0ms)
			InitializePlatformSupportModulesInManaged (5ms)
			SetLoadedEditorAssemblies (7ms)
			BeforeProcessingInitializeOnLoad (95ms)
			ProcessInitializeOnLoadAttributes (970ms)
			ProcessInitializeOnLoadMethodAttributes (108ms)
			AfterProcessingInitializeOnLoad (8ms)
			EditorAssembliesLoaded (1ms)
		ExecutionOrderSort2 (0ms)
		AwakeInstancesAfterBackupRestoration (20ms)
Shader Hidden/ProbeVolume/VoxelizeScene is not supported: GPU does not support conservative rasterization
Refreshing native plugins compatible for Editor in 1.02 ms, found 1 plugins.
Preloading 0 native plugins for Editor in 0.00 ms.
Unloading 13 Unused Serialized files (Serialized files now loaded: 0)
Unloading 7244 unused Assets / (4.2 MB). Loaded Objects now: 8610.
Memory consumption went from 180.6 MB to 176.3 MB.
Total: 18.395127 ms (FindLiveObjects: 1.624854 ms CreateObjectMapping: 1.496332 ms MarkObjects: 11.091654 ms  DeleteObjects: 4.180310 ms)

Prepare: number of updated asset objects reloaded= 0
========================================================================
Received Prepare
Shader Hidden/ProbeVolume/VoxelizeScene is not supported: GPU does not support conservative rasterization
Refreshing native plugins compatible for Editor in 0.55 ms, found 1 plugins.
Preloading 0 native plugins for Editor in 0.00 ms.
Unloading 13 Unused Serialized files (Serialized files now loaded: 0)
Unloading 7233 unused Assets / (4.8 MB). Loaded Objects now: 8611.
Memory consumption went from 180.8 MB to 175.9 MB.
Total: 10.310431 ms (FindLiveObjects: 0.865504 ms CreateObjectMapping: 0.727086 ms MarkObjects: 6.288456 ms  DeleteObjects: 2.428398 ms)

Prepare: number of updated asset objects reloaded= 0
========================================================================
Received Prepare
Begin MonoManager ReloadAssembly
- Loaded All Assemblies, in  0.878 seconds
Refreshing native plugins compatible for Editor in 0.83 ms, found 1 plugins.
Native extension for LinuxStandalone target not found
Mono: successfully reloaded assembly
- Finished resetting the current domain, in  1.253 seconds
Domain Reload Profiling: 2134ms
	BeginReloadAssembly (222ms)
		ExecutionOrderSort (0ms)
		DisableScriptedObjects (14ms)
		BackupInstance (0ms)
		ReleaseScriptingObjects (0ms)
		CreateAndSetChildDomain (117ms)
	RebuildCommonClasses (40ms)
	RebuildNativeTypeToScriptingClass (10ms)
	initialDomainReloadingComplete (27ms)
	LoadAllAssembliesAndSetupDomain (582ms)
		LoadAssemblies (312ms)
		RebuildTransferFunctionScriptingTraits (0ms)
		AnalyzeDomain (316ms)
			TypeCache.Refresh (13ms)
				TypeCache.ScanAssembly (1ms)
			BuildScriptInfoCaches (279ms)
			ResolveRequiredComponents (18ms)
	FinalizeReload (1253ms)
		ReleaseScriptCaches (0ms)
		RebuildScriptCaches (0ms)
		SetupLoadedEditorAssemblies (893ms)
			LogAssemblyErrors (0ms)
			InitializePlatformSupportModulesInManaged (3ms)
			SetLoadedEditorAssemblies (4ms)
			BeforeProcessingInitializeOnLoad (66ms)
			ProcessInitializeOnLoadAttributes (730ms)
			ProcessInitializeOnLoadMethodAttributes (84ms)
			AfterProcessingInitializeOnLoad (6ms)
			EditorAssembliesLoaded (0ms)
		ExecutionOrderSort2 (0ms)
		AwakeInstancesAfterBackupRestoration (14ms)
Shader Hidden/ProbeVolume/VoxelizeScene is not supported: GPU does not support conservative rasterization
Refreshing native plugins compatible for Editor in 0.64 ms, found 1 plugins.
Preloading 0 native plugins for Editor in 0.00 ms.
Unloading 13 Unused Serialized files (Serialized files now loaded: 0)
Unloading 7245 unused Assets / (4.8 MB). Loaded Objects now: 8614.
Memory consumption went from 180.6 MB to 175.8 MB.
Total: 16.508281 ms (FindLiveObjects: 1.174648 ms CreateObjectMapping: 1.681949 ms MarkObjects: 8.300129 ms  DeleteObjects: 5.349085 ms)

Prepare: number of updated asset objects reloaded= 0
========================================================================
Received Import Request.
  Time since last request: 11039.489397 seconds.
  path: Assets/Scripts/TurnManager.cs
  artifactKey: Guid(d0b4fc32a8bc798bea48bc9aaff3bef1) Importer(815301076,1909f56bfc062723c751e8b465ee728b)
Start importing Assets/Scripts/TurnManager.cs using Guid(d0b4fc32a8bc798bea48bc9aaff3bef1) Importer(815301076,1909f56bfc062723c751e8b465ee728b) (PreviewImporter) -> (artifact id: 'f71214996a49e5103ae262dfd33dee27') in 0.020304007 seconds
Number of updated asset objects reloaded before import = 0Number of asset objects unloaded after import = 0

========================================================================
Received Prepare
Begin MonoManager ReloadAssembly
- Loaded All Assemblies, in  0.846 seconds
Refreshing native plugins compatible for Editor in 0.51 ms, found 1 plugins.
Native extension for LinuxStandalone target not found
Mono: successfully reloaded assembly
- Finished resetting the current domain, in  1.107 seconds
Domain Reload Profiling: 1955ms
	BeginReloadAssembly (272ms)
		ExecutionOrderSort (0ms)
		DisableScriptedObjects (25ms)
		BackupInstance (0ms)
		ReleaseScriptingObjects (0ms)
		CreateAndSetChildDomain (131ms)
	RebuildCommonClasses (38ms)
	RebuildNativeTypeToScriptingClass (9ms)
	initialDomainReloadingComplete (26ms)
	LoadAllAssembliesAndSetupDomain (503ms)
		LoadAssemblies (297ms)
		RebuildTransferFunctionScriptingTraits (0ms)
		AnalyzeDomain (258ms)
			TypeCache.Refresh (12ms)
				TypeCache.ScanAssembly (1ms)
			BuildScriptInfoCaches (229ms)
			ResolveRequiredComponents (14ms)
	FinalizeReload (1107ms)
		ReleaseScriptCaches (0ms)
		RebuildScriptCaches (0ms)
		SetupLoadedEditorAssemblies (737ms)
			LogAssemblyErrors (0ms)
			InitializePlatformSupportModulesInManaged (3ms)
			SetLoadedEditorAssemblies (4ms)
			BeforeProcessingInitializeOnLoad (79ms)
			ProcessInitializeOnLoadAttributes (539ms)
			ProcessInitializeOnLoadMethodAttributes (107ms)
			AfterProcessingInitializeOnLoad (6ms)
			EditorAssembliesLoaded (1ms)
		ExecutionOrderSort2 (0ms)
		AwakeInstancesAfterBackupRestoration (15ms)
Shader Hidden/ProbeVolume/VoxelizeScene is not supported: GPU does not support conservative rasterization
Refreshing native plugins compatible for Editor in 0.50 ms, found 1 plugins.
Preloading 0 native plugins for Editor in 0.00 ms.
Unloading 13 Unused Serialized files (Serialized files now loaded: 0)
Unloading 7245 unused Assets / (4.5 MB). Loaded Objects now: 8617.
Memory consumption went from 180.6 MB to 176.1 MB.
Total: 20.212711 ms (FindLiveObjects: 2.383268 ms CreateObjectMapping: 2.008263 ms MarkObjects: 10.716120 ms  DeleteObjects: 5.103535 ms)

Prepare: number of updated asset objects reloaded= 0
========================================================================
Received Import Request.
  Time since last request: 83.367762 seconds.
  path: Assets/Scripts/TurnManager.cs
  artifactKey: Guid(d0b4fc32a8bc798bea48bc9aaff3bef1) Importer(815301076,1909f56bfc062723c751e8b465ee728b)
Start importing Assets/Scripts/TurnManager.cs using Guid(d0b4fc32a8bc798bea48bc9aaff3bef1) Importer(815301076,1909f56bfc062723c751e8b465ee728b) (PreviewImporter) -> (artifact id: 'fd66597763ffbd669fc35b1f3c68f877') in 0.018126098 seconds
Number of updated asset objects reloaded before import = 0Number of asset objects unloaded after import = 0

========================================================================
Received Prepare
Begin MonoManager ReloadAssembly
- Loaded All Assemblies, in  0.851 seconds
Refreshing native plugins compatible for Editor in 0.54 ms, found 1 plugins.
Native extension for LinuxStandalone target not found
Mono: successfully reloaded assembly
- Finished resetting the current domain, in  1.008 seconds
Domain Reload Profiling: 1864ms
	BeginReloadAssembly (216ms)
		ExecutionOrderSort (0ms)
		DisableScriptedObjects (14ms)
		BackupInstance (0ms)
		ReleaseScriptingObjects (0ms)
		CreateAndSetChildDomain (109ms)
	RebuildCommonClasses (38ms)
	RebuildNativeTypeToScriptingClass (9ms)
	initialDomainReloadingComplete (26ms)
	LoadAllAssembliesAndSetupDomain (566ms)
		LoadAssemblies (291ms)
		RebuildTransferFunctionScriptingTraits (0ms)
		AnalyzeDomain (320ms)
			TypeCache.Refresh (15ms)
				TypeCache.ScanAssembly (1ms)
			BuildScriptInfoCaches (277ms)
			ResolveRequiredComponents (23ms)
	FinalizeReload (1009ms)
		ReleaseScriptCaches (0ms)
		RebuildScriptCaches (0ms)
		SetupLoadedEditorAssemblies (704ms)
			LogAssemblyErrors (0ms)
			InitializePlatformSupportModulesInManaged (3ms)
			SetLoadedEditorAssemblies (4ms)
			BeforeProcessingInitializeOnLoad (72ms)
			ProcessInitializeOnLoadAttributes (542ms)
			ProcessInitializeOnLoadMethodAttributes (78ms)
			AfterProcessingInitializeOnLoad (5ms)
			EditorAssembliesLoaded (0ms)
		ExecutionOrderSort2 (0ms)
		AwakeInstancesAfterBackupRestoration (12ms)
Shader Hidden/ProbeVolume/VoxelizeScene is not supported: GPU does not support conservative rasterization
Refreshing native plugins compatible for Editor in 0.67 ms, found 1 plugins.
Preloading 0 native plugins for Editor in 0.00 ms.
Unloading 13 Unused Serialized files (Serialized files now loaded: 0)
Unloading 7245 unused Assets / (4.1 MB). Loaded Objects now: 8620.
Memory consumption went from 180.6 MB to 176.5 MB.
Total: 12.725856 ms (FindLiveObjects: 0.940468 ms CreateObjectMapping: 0.844350 ms MarkObjects: 7.915390 ms  DeleteObjects: 3.023403 ms)

Prepare: number of updated asset objects reloaded= 0
========================================================================
Received Prepare
Begin MonoManager ReloadAssembly
- Loaded All Assemblies, in  0.789 seconds
Refreshing native plugins compatible for Editor in 0.46 ms, found 1 plugins.
Native extension for LinuxStandalone target not found
Mono: successfully reloaded assembly
- Finished resetting the current domain, in  1.004 seconds
Domain Reload Profiling: 1795ms
	BeginReloadAssembly (202ms)
		ExecutionOrderSort (0ms)
		DisableScriptedObjects (13ms)
		BackupInstance (0ms)
		ReleaseScriptingObjects (0ms)
		CreateAndSetChildDomain (101ms)
	RebuildCommonClasses (37ms)
	RebuildNativeTypeToScriptingClass (9ms)
	initialDomainReloadingComplete (25ms)
	LoadAllAssembliesAndSetupDomain (518ms)
		LoadAssemblies (316ms)
		RebuildTransferFunctionScriptingTraits (0ms)
		AnalyzeDomain (245ms)
			TypeCache.Refresh (8ms)
				TypeCache.ScanAssembly (0ms)
			BuildScriptInfoCaches (221ms)
			ResolveRequiredComponents (13ms)
	FinalizeReload (1004ms)
		ReleaseScriptCaches (0ms)
		RebuildScriptCaches (0ms)
		SetupLoadedEditorAssemblies (673ms)
			LogAssemblyErrors (0ms)
			InitializePlatformSupportModulesInManaged (3ms)
			SetLoadedEditorAssemblies (4ms)
			BeforeProcessingInitializeOnLoad (79ms)
			ProcessInitializeOnLoadAttributes (514ms)
			ProcessInitializeOnLoadMethodAttributes (68ms)
			AfterProcessingInitializeOnLoad (5ms)
			EditorAssembliesLoaded (0ms)
		ExecutionOrderSort2 (0ms)
		AwakeInstancesAfterBackupRestoration (19ms)
Shader Hidden/ProbeVolume/VoxelizeScene is not supported: GPU does not support conservative rasterization
Refreshing native plugins compatible for Editor in 0.61 ms, found 1 plugins.
Preloading 0 native plugins for Editor in 0.00 ms.
Unloading 13 Unused Serialized files (Serialized files now loaded: 0)
Unloading 7245 unused Assets / (4.7 MB). Loaded Objects now: 8623.
Memory consumption went from 180.6 MB to 175.9 MB.
Total: 15.728008 ms (FindLiveObjects: 0.912931 ms CreateObjectMapping: 1.283836 ms MarkObjects: 9.066528 ms  DeleteObjects: 4.462664 ms)

Prepare: number of updated asset objects reloaded= 1
========================================================================
Received Prepare
Begin MonoManager ReloadAssembly
- Loaded All Assemblies, in  1.074 seconds
Refreshing native plugins compatible for Editor in 0.77 ms, found 1 plugins.
Native extension for LinuxStandalone target not found
Mono: successfully reloaded assembly
- Finished resetting the current domain, in  1.250 seconds
Domain Reload Profiling: 2330ms
	BeginReloadAssembly (209ms)
		ExecutionOrderSort (0ms)
		DisableScriptedObjects (14ms)
		BackupInstance (0ms)
		ReleaseScriptingObjects (0ms)
		CreateAndSetChildDomain (105ms)
	RebuildCommonClasses (42ms)
	RebuildNativeTypeToScriptingClass (10ms)
	initialDomainReloadingComplete (28ms)
	LoadAllAssembliesAndSetupDomain (791ms)
		LoadAssemblies (423ms)
		RebuildTransferFunctionScriptingTraits (0ms)
		AnalyzeDomain (407ms)
			TypeCache.Refresh (15ms)
				TypeCache.ScanAssembly (0ms)
			BuildScriptInfoCaches (363ms)
			ResolveRequiredComponents (23ms)
	FinalizeReload (1251ms)
		ReleaseScriptCaches (0ms)
		RebuildScriptCaches (0ms)
		SetupLoadedEditorAssemblies (783ms)
			LogAssemblyErrors (0ms)
			InitializePlatformSupportModulesInManaged (3ms)
			SetLoadedEditorAssemblies (4ms)
			BeforeProcessingInitializeOnLoad (77ms)
			ProcessInitializeOnLoadAttributes (562ms)
			ProcessInitializeOnLoadMethodAttributes (128ms)
			AfterProcessingInitializeOnLoad (9ms)
			EditorAssembliesLoaded (1ms)
		ExecutionOrderSort2 (0ms)
		AwakeInstancesAfterBackupRestoration (22ms)
Shader Hidden/ProbeVolume/VoxelizeScene is not supported: GPU does not support conservative rasterization
Refreshing native plugins compatible for Editor in 1.19 ms, found 1 plugins.
Preloading 0 native plugins for Editor in 0.00 ms.
Unloading 13 Unused Serialized files (Serialized files now loaded: 0)
Unloading 7245 unused Assets / (2.6 MB). Loaded Objects now: 8626.
Memory consumption went from 180.6 MB to 178.1 MB.
Total: 23.365666 ms (FindLiveObjects: 2.201840 ms CreateObjectMapping: 2.348209 ms MarkObjects: 12.454692 ms  DeleteObjects: 6.359188 ms)

Prepare: number of updated asset objects reloaded= 0
========================================================================
Received Prepare
Shader Hidden/ProbeVolume/VoxelizeScene is not supported: GPU does not support conservative rasterization
Refreshing native plugins compatible for Editor in 1.04 ms, found 1 plugins.
Preloading 0 native plugins for Editor in 0.00 ms.
Unloading 13 Unused Serialized files (Serialized files now loaded: 0)
Unloading 7233 unused Assets / (4.0 MB). Loaded Objects now: 8626.
Memory consumption went from 180.8 MB to 176.7 MB.
Total: 28.230876 ms (FindLiveObjects: 2.344249 ms CreateObjectMapping: 2.404187 ms MarkObjects: 13.651967 ms  DeleteObjects: 9.824878 ms)

Prepare: number of updated asset objects reloaded= 0
========================================================================
Received Prepare
Begin MonoManager ReloadAssembly
- Loaded All Assemblies, in  0.792 seconds
Refreshing native plugins compatible for Editor in 0.50 ms, found 1 plugins.
Native extension for LinuxStandalone target not found
Mono: successfully reloaded assembly
- Finished resetting the current domain, in  0.993 seconds
Domain Reload Profiling: 1788ms
	BeginReloadAssembly (213ms)
		ExecutionOrderSort (0ms)
		DisableScriptedObjects (14ms)
		BackupInstance (0ms)
		ReleaseScriptingObjects (0ms)
		CreateAndSetChildDomain (113ms)
	RebuildCommonClasses (37ms)
	RebuildNativeTypeToScriptingClass (9ms)
	initialDomainReloadingComplete (26ms)
	LoadAllAssembliesAndSetupDomain (509ms)
		LoadAssemblies (303ms)
		RebuildTransferFunctionScriptingTraits (0ms)
		AnalyzeDomain (250ms)
			TypeCache.Refresh (12ms)
				TypeCache.ScanAssembly (1ms)
			BuildScriptInfoCaches (220ms)
			ResolveRequiredComponents (14ms)
	FinalizeReload (994ms)
		ReleaseScriptCaches (0ms)
		RebuildScriptCaches (0ms)
		SetupLoadedEditorAssemblies (686ms)
			LogAssemblyErrors (0ms)
			InitializePlatformSupportModulesInManaged (3ms)
			SetLoadedEditorAssemblies (4ms)
			BeforeProcessingInitializeOnLoad (77ms)
			ProcessInitializeOnLoadAttributes (519ms)
			ProcessInitializeOnLoadMethodAttributes (77ms)
			AfterProcessingInitializeOnLoad (6ms)
			EditorAssembliesLoaded (1ms)
		ExecutionOrderSort2 (0ms)
		AwakeInstancesAfterBackupRestoration (12ms)
Shader Hidden/ProbeVolume/VoxelizeScene is not supported: GPU does not support conservative rasterization
Refreshing native plugins compatible for Editor in 0.71 ms, found 1 plugins.
Preloading 0 native plugins for Editor in 0.00 ms.
Unloading 13 Unused Serialized files (Serialized files now loaded: 0)
Unloading 7245 unused Assets / (5.2 MB). Loaded Objects now: 8629.
Memory consumption went from 180.6 MB to 175.4 MB.
Total: 13.101665 ms (FindLiveObjects: 1.110518 ms CreateObjectMapping: 0.874113 ms MarkObjects: 7.188752 ms  DeleteObjects: 3.927176 ms)

Prepare: number of updated asset objects reloaded= 0
========================================================================
Received Prepare
Begin MonoManager ReloadAssembly
- Loaded All Assemblies, in  0.985 seconds
Refreshing native plugins compatible for Editor in 0.49 ms, found 1 plugins.
Native extension for LinuxStandalone target not found
Mono: successfully reloaded assembly
- Finished resetting the current domain, in  0.988 seconds
Domain Reload Profiling: 1975ms
	BeginReloadAssembly (316ms)
		ExecutionOrderSort (0ms)
		DisableScriptedObjects (26ms)
		BackupInstance (0ms)
		ReleaseScriptingObjects (0ms)
		CreateAndSetChildDomain (155ms)
	RebuildCommonClasses (68ms)
	RebuildNativeTypeToScriptingClass (11ms)
	initialDomainReloadingComplete (36ms)
	LoadAllAssembliesAndSetupDomain (555ms)
		LoadAssemblies (361ms)
		RebuildTransferFunctionScriptingTraits (0ms)
		AnalyzeDomain (265ms)
			TypeCache.Refresh (13ms)
				TypeCache.ScanAssembly (1ms)
			BuildScriptInfoCaches (235ms)
			ResolveRequiredComponents (14ms)
	FinalizeReload (988ms)
		ReleaseScriptCaches (0ms)
		RebuildScriptCaches (0ms)
		SetupLoadedEditorAssemblies (690ms)
			LogAssemblyErrors (0ms)
			InitializePlatformSupportModulesInManaged (3ms)
			SetLoadedEditorAssemblies (4ms)
			BeforeProcessingInitializeOnLoad (73ms)
			ProcessInitializeOnLoadAttributes (530ms)
			ProcessInitializeOnLoadMethodAttributes (74ms)
			AfterProcessingInitializeOnLoad (5ms)
			EditorAssembliesLoaded (0ms)
		ExecutionOrderSort2 (0ms)
		AwakeInstancesAfterBackupRestoration (12ms)
Shader Hidden/ProbeVolume/VoxelizeScene is not supported: GPU does not support conservative rasterization
Refreshing native plugins compatible for Editor in 0.52 ms, found 1 plugins.
Preloading 0 native plugins for Editor in 0.00 ms.
Unloading 13 Unused Serialized files (Serialized files now loaded: 0)
Unloading 7245 unused Assets / (3.9 MB). Loaded Objects now: 8632.
Memory consumption went from 180.6 MB to 176.7 MB.
Total: 14.344552 ms (FindLiveObjects: 1.947412 ms CreateObjectMapping: 1.457191 ms MarkObjects: 8.555051 ms  DeleteObjects: 2.383398 ms)

Prepare: number of updated asset objects reloaded= 0
========================================================================
Received Prepare
Begin MonoManager ReloadAssembly
- Loaded All Assemblies, in  0.770 seconds
Refreshing native plugins compatible for Editor in 0.51 ms, found 1 plugins.
Native extension for LinuxStandalone target not found
Mono: successfully reloaded assembly
- Finished resetting the current domain, in  1.034 seconds
Domain Reload Profiling: 1806ms
	BeginReloadAssembly (205ms)
		ExecutionOrderSort (0ms)
		DisableScriptedObjects (14ms)
		BackupInstance (0ms)
		ReleaseScriptingObjects (0ms)
		CreateAndSetChildDomain (104ms)
	RebuildCommonClasses (37ms)
	RebuildNativeTypeToScriptingClass (9ms)
	initialDomainReloadingComplete (25ms)
	LoadAllAssembliesAndSetupDomain (495ms)
		LoadAssemblies (294ms)
		RebuildTransferFunctionScriptingTraits (0ms)
		AnalyzeDomain (244ms)
			TypeCache.Refresh (9ms)
				TypeCache.ScanAssembly (0ms)
			BuildScriptInfoCaches (217ms)
			ResolveRequiredComponents (14ms)
	FinalizeReload (1034ms)
		ReleaseScriptCaches (0ms)
		RebuildScriptCaches (0ms)
		SetupLoadedEditorAssemblies (693ms)
			LogAssemblyErrors (0ms)
			InitializePlatformSupportModulesInManaged (3ms)
			SetLoadedEditorAssemblies (4ms)
			BeforeProcessingInitializeOnLoad (73ms)
			ProcessInitializeOnLoadAttributes (532ms)
			ProcessInitializeOnLoadMethodAttributes (75ms)
			AfterProcessingInitializeOnLoad (5ms)
			EditorAssembliesLoaded (0ms)
		ExecutionOrderSort2 (0ms)
		AwakeInstancesAfterBackupRestoration (12ms)
Shader Hidden/ProbeVolume/VoxelizeScene is not supported: GPU does not support conservative rasterization
Refreshing native plugins compatible for Editor in 0.78 ms, found 1 plugins.
Preloading 0 native plugins for Editor in 0.00 ms.
Unloading 13 Unused Serialized files (Serialized files now loaded: 0)
Unloading 7245 unused Assets / (4.7 MB). Loaded Objects now: 8635.
Memory consumption went from 180.6 MB to 176.0 MB.
Total: 13.490621 ms (FindLiveObjects: 1.544783 ms CreateObjectMapping: 1.024418 ms MarkObjects: 6.511491 ms  DeleteObjects: 4.408105 ms)

Prepare: number of updated asset objects reloaded= 0
========================================================================
Received Prepare
Begin MonoManager ReloadAssembly
- Loaded All Assemblies, in  0.908 seconds
Refreshing native plugins compatible for Editor in 0.90 ms, found 1 plugins.
Native extension for LinuxStandalone target not found
Mono: successfully reloaded assembly
- Finished resetting the current domain, in  1.759 seconds
Domain Reload Profiling: 2672ms
	BeginReloadAssembly (230ms)
		ExecutionOrderSort (0ms)
		DisableScriptedObjects (13ms)
		BackupInstance (0ms)
		ReleaseScriptingObjects (0ms)
		CreateAndSetChildDomain (128ms)
	RebuildCommonClasses (38ms)
	RebuildNativeTypeToScriptingClass (9ms)
	initialDomainReloadingComplete (25ms)
	LoadAllAssembliesAndSetupDomain (610ms)
		LoadAssemblies (308ms)
		RebuildTransferFunctionScriptingTraits (0ms)
		AnalyzeDomain (343ms)
			TypeCache.Refresh (12ms)
				TypeCache.ScanAssembly (1ms)
			BuildScriptInfoCaches (302ms)
			ResolveRequiredComponents (23ms)
	FinalizeReload (1760ms)
		ReleaseScriptCaches (0ms)
		RebuildScriptCaches (0ms)
		SetupLoadedEditorAssemblies (1280ms)
			LogAssemblyErrors (0ms)
			InitializePlatformSupportModulesInManaged (5ms)
			SetLoadedEditorAssemblies (7ms)
			BeforeProcessingInitializeOnLoad (115ms)
			ProcessInitializeOnLoadAttributes (1010ms)
			ProcessInitializeOnLoadMethodAttributes (134ms)
			AfterProcessingInitializeOnLoad (9ms)
			EditorAssembliesLoaded (1ms)
		ExecutionOrderSort2 (0ms)
		AwakeInstancesAfterBackupRestoration (18ms)
Shader Hidden/ProbeVolume/VoxelizeScene is not supported: GPU does not support conservative rasterization
Refreshing native plugins compatible for Editor in 1.08 ms, found 1 plugins.
Preloading 0 native plugins for Editor in 0.00 ms.
Unloading 13 Unused Serialized files (Serialized files now loaded: 0)
Unloading 7245 unused Assets / (4.8 MB). Loaded Objects now: 8638.
Memory consumption went from 180.6 MB to 175.8 MB.
Total: 21.621842 ms (FindLiveObjects: 1.622250 ms CreateObjectMapping: 2.950158 ms MarkObjects: 12.514401 ms  DeleteObjects: 4.532764 ms)

Prepare: number of updated asset objects reloaded= 0
========================================================================
Received Prepare
Begin MonoManager ReloadAssembly
- Loaded All Assemblies, in  0.792 seconds
Refreshing native plugins compatible for Editor in 0.52 ms, found 1 plugins.
Native extension for LinuxStandalone target not found
Mono: successfully reloaded assembly
- Finished resetting the current domain, in  1.070 seconds
Domain Reload Profiling: 1865ms
	BeginReloadAssembly (220ms)
		ExecutionOrderSort (0ms)
		DisableScriptedObjects (20ms)
		BackupInstance (0ms)
		ReleaseScriptingObjects (0ms)
		CreateAndSetChildDomain (100ms)
	RebuildCommonClasses (37ms)
	RebuildNativeTypeToScriptingClass (9ms)
	initialDomainReloadingComplete (25ms)
	LoadAllAssembliesAndSetupDomain (503ms)
		LoadAssemblies (300ms)
		RebuildTransferFunctionScriptingTraits (0ms)
		AnalyzeDomain (249ms)
			TypeCache.Refresh (10ms)
				TypeCache.ScanAssembly (0ms)
			BuildScriptInfoCaches (222ms)
			ResolveRequiredComponents (14ms)
	FinalizeReload (1071ms)
		ReleaseScriptCaches (0ms)
		RebuildScriptCaches (0ms)
		SetupLoadedEditorAssemblies (730ms)
			LogAssemblyErrors (0ms)
			InitializePlatformSupportModulesInManaged (3ms)
			SetLoadedEditorAssemblies (4ms)
			BeforeProcessingInitializeOnLoad (66ms)
			ProcessInitializeOnLoadAttributes (557ms)
			ProcessInitializeOnLoadMethodAttributes (90ms)
			AfterProcessingInitializeOnLoad (9ms)
			EditorAssembliesLoaded (1ms)
		ExecutionOrderSort2 (0ms)
		AwakeInstancesAfterBackupRestoration (19ms)
Shader Hidden/ProbeVolume/VoxelizeScene is not supported: GPU does not support conservative rasterization
Refreshing native plugins compatible for Editor in 0.52 ms, found 1 plugins.
Preloading 0 native plugins for Editor in 0.00 ms.
Unloading 13 Unused Serialized files (Serialized files now loaded: 0)
Unloading 7245 unused Assets / (4.9 MB). Loaded Objects now: 8641.
Memory consumption went from 180.7 MB to 175.8 MB.
Total: 11.416068 ms (FindLiveObjects: 0.786604 ms CreateObjectMapping: 0.912661 ms MarkObjects: 7.264207 ms  DeleteObjects: 2.451325 ms)

Prepare: number of updated asset objects reloaded= 0
========================================================================
Received Prepare
Begin MonoManager ReloadAssembly
- Loaded All Assemblies, in  1.110 seconds
Refreshing native plugins compatible for Editor in 0.89 ms, found 1 plugins.
Native extension for LinuxStandalone target not found
Mono: successfully reloaded assembly
- Finished resetting the current domain, in  1.548 seconds
Domain Reload Profiling: 2662ms
	BeginReloadAssembly (205ms)
		ExecutionOrderSort (0ms)
		DisableScriptedObjects (16ms)
		BackupInstance (0ms)
		ReleaseScriptingObjects (0ms)
		CreateAndSetChildDomain (100ms)
	RebuildCommonClasses (45ms)
	RebuildNativeTypeToScriptingClass (10ms)
	initialDomainReloadingComplete (29ms)
	LoadAllAssembliesAndSetupDomain (823ms)
		LoadAssemblies (396ms)
		RebuildTransferFunctionScriptingTraits (0ms)
		AnalyzeDomain (468ms)
			TypeCache.Refresh (13ms)
				TypeCache.ScanAssembly (0ms)
			BuildScriptInfoCaches (424ms)
			ResolveRequiredComponents (25ms)
	FinalizeReload (1549ms)
		ReleaseScriptCaches (0ms)
		RebuildScriptCaches (0ms)
		SetupLoadedEditorAssemblies (1014ms)
			LogAssemblyErrors (0ms)
			InitializePlatformSupportModulesInManaged (4ms)
			SetLoadedEditorAssemblies (6ms)
			BeforeProcessingInitializeOnLoad (109ms)
			ProcessInitializeOnLoadAttributes (775ms)
			ProcessInitializeOnLoadMethodAttributes (109ms)
			AfterProcessingInitializeOnLoad (9ms)
			EditorAssembliesLoaded (1ms)
		ExecutionOrderSort2 (0ms)
		AwakeInstancesAfterBackupRestoration (21ms)
Shader Hidden/ProbeVolume/VoxelizeScene is not supported: GPU does not support conservative rasterization
Refreshing native plugins compatible for Editor in 1.05 ms, found 1 plugins.
Preloading 0 native plugins for Editor in 0.00 ms.
Unloading 13 Unused Serialized files (Serialized files now loaded: 0)
Unloading 7245 unused Assets / (5.6 MB). Loaded Objects now: 8644.
Memory consumption went from 180.7 MB to 175.0 MB.
Total: 22.955151 ms (FindLiveObjects: 1.405402 ms CreateObjectMapping: 1.902035 ms MarkObjects: 13.376047 ms  DeleteObjects: 6.268624 ms)

Prepare: number of updated asset objects reloaded= 0
========================================================================
Received Import Request.
  Time since last request: 993.440767 seconds.
  path: Assets/Prefabs/PlayerController.prefab
  artifactKey: Guid(7786ad1dff26d3064a340751779b6b39) Importer(815301076,1909f56bfc062723c751e8b465ee728b)
Start importing Assets/Prefabs/PlayerController.prefab using Guid(7786ad1dff26d3064a340751779b6b39) Importer(815301076,1909f56bfc062723c751e8b465ee728b) (PreviewImporter) -> (artifact id: '349579469d1470955c801a634cbafca5') in 0.091196965 seconds
Number of updated asset objects reloaded before import = 0Number of asset objects unloaded after import = 6

========================================================================
Received Prepare
Begin MonoManager ReloadAssembly
- Loaded All Assemblies, in  1.340 seconds
Refreshing native plugins compatible for Editor in 0.68 ms, found 1 plugins.
Native extension for LinuxStandalone target not found
Mono: successfully reloaded assembly
- Finished resetting the current domain, in  1.563 seconds
Domain Reload Profiling: 2907ms
	BeginReloadAssembly (325ms)
		ExecutionOrderSort (0ms)
		DisableScriptedObjects (23ms)
		BackupInstance (0ms)
		ReleaseScriptingObjects (0ms)
		CreateAndSetChildDomain (164ms)
	RebuildCommonClasses (75ms)
	RebuildNativeTypeToScriptingClass (18ms)
	initialDomainReloadingComplete (49ms)
	LoadAllAssembliesAndSetupDomain (875ms)
		LoadAssemblies (516ms)
		RebuildTransferFunctionScriptingTraits (0ms)
		AnalyzeDomain (432ms)
			TypeCache.Refresh (12ms)
				TypeCache.ScanAssembly (0ms)
			BuildScriptInfoCaches (388ms)
			ResolveRequiredComponents (24ms)
	FinalizeReload (1564ms)
		ReleaseScriptCaches (0ms)
		RebuildScriptCaches (0ms)
		SetupLoadedEditorAssemblies (1101ms)
			LogAssemblyErrors (0ms)
			InitializePlatformSupportModulesInManaged (4ms)
			SetLoadedEditorAssemblies (5ms)
			BeforeProcessingInitializeOnLoad (95ms)
			ProcessInitializeOnLoadAttributes (867ms)
			ProcessInitializeOnLoadMethodAttributes (123ms)
			AfterProcessingInitializeOnLoad (7ms)
			EditorAssembliesLoaded (1ms)
		ExecutionOrderSort2 (0ms)
		AwakeInstancesAfterBackupRestoration (21ms)
Shader Hidden/ProbeVolume/VoxelizeScene is not supported: GPU does not support conservative rasterization
Refreshing native plugins compatible for Editor in 0.88 ms, found 1 plugins.
Preloading 0 native plugins for Editor in 0.00 ms.
Unloading 13 Unused Serialized files (Serialized files now loaded: 0)
Unloading 7245 unused Assets / (2.7 MB). Loaded Objects now: 8647.
Memory consumption went from 180.7 MB to 177.9 MB.
Total: 24.433607 ms (FindLiveObjects: 2.313748 ms CreateObjectMapping: 2.664435 ms MarkObjects: 13.621402 ms  DeleteObjects: 5.830213 ms)

Prepare: number of updated asset objects reloaded= 0
========================================================================
Received Prepare
Begin MonoManager ReloadAssembly
- Loaded All Assemblies, in  0.885 seconds
Refreshing native plugins compatible for Editor in 0.49 ms, found 1 plugins.
Native extension for LinuxStandalone target not found
Mono: successfully reloaded assembly
- Finished resetting the current domain, in  1.162 seconds
Domain Reload Profiling: 2048ms
	BeginReloadAssembly (245ms)
		ExecutionOrderSort (0ms)
		DisableScriptedObjects (18ms)
		BackupInstance (0ms)
		ReleaseScriptingObjects (0ms)
		CreateAndSetChildDomain (130ms)
	RebuildCommonClasses (40ms)
	RebuildNativeTypeToScriptingClass (10ms)
	initialDomainReloadingComplete (37ms)
	LoadAllAssembliesAndSetupDomain (553ms)
		LoadAssemblies (354ms)
		RebuildTransferFunctionScriptingTraits (0ms)
		AnalyzeDomain (248ms)
			TypeCache.Refresh (9ms)
				TypeCache.ScanAssembly (0ms)
			BuildScriptInfoCaches (222ms)
			ResolveRequiredComponents (14ms)
	FinalizeReload (1162ms)
		ReleaseScriptCaches (0ms)
		RebuildScriptCaches (0ms)
		SetupLoadedEditorAssemblies (779ms)
			LogAssemblyErrors (0ms)
			InitializePlatformSupportModulesInManaged (3ms)
			SetLoadedEditorAssemblies (4ms)
			BeforeProcessingInitializeOnLoad (71ms)
			ProcessInitializeOnLoadAttributes (581ms)
			ProcessInitializeOnLoadMethodAttributes (113ms)
			AfterProcessingInitializeOnLoad (7ms)
			EditorAssembliesLoaded (1ms)
		ExecutionOrderSort2 (0ms)
		AwakeInstancesAfterBackupRestoration (19ms)
Shader Hidden/ProbeVolume/VoxelizeScene is not supported: GPU does not support conservative rasterization
Refreshing native plugins compatible for Editor in 0.92 ms, found 1 plugins.
Preloading 0 native plugins for Editor in 0.00 ms.
Unloading 13 Unused Serialized files (Serialized files now loaded: 0)
Unloading 7245 unused Assets / (3.3 MB). Loaded Objects now: 8650.
Memory consumption went from 180.7 MB to 177.4 MB.
Total: 20.437820 ms (FindLiveObjects: 1.163386 ms CreateObjectMapping: 1.764786 ms MarkObjects: 12.178688 ms  DeleteObjects: 5.329319 ms)

Prepare: number of updated asset objects reloaded= 0
========================================================================
Received Prepare
Shader Hidden/ProbeVolume/VoxelizeScene is not supported: GPU does not support conservative rasterization
Refreshing native plugins compatible for Editor in 0.55 ms, found 1 plugins.
Preloading 0 native plugins for Editor in 0.00 ms.
Unloading 13 Unused Serialized files (Serialized files now loaded: 0)
Unloading 7233 unused Assets / (4.7 MB). Loaded Objects now: 8650.
Memory consumption went from 180.9 MB to 176.1 MB.
Total: 13.807122 ms (FindLiveObjects: 0.956601 ms CreateObjectMapping: 0.954286 ms MarkObjects: 8.254390 ms  DeleteObjects: 3.640488 ms)

Prepare: number of updated asset objects reloaded= 0
========================================================================
Received Prepare
Begin MonoManager ReloadAssembly
- Loaded All Assemblies, in  0.773 seconds
Refreshing native plugins compatible for Editor in 0.51 ms, found 1 plugins.
Native extension for LinuxStandalone target not found
Mono: successfully reloaded assembly
- Finished resetting the current domain, in  0.977 seconds
Domain Reload Profiling: 1752ms
	BeginReloadAssembly (206ms)
		ExecutionOrderSort (0ms)
		DisableScriptedObjects (14ms)
		BackupInstance (0ms)
		ReleaseScriptingObjects (0ms)
		CreateAndSetChildDomain (104ms)
	RebuildCommonClasses (37ms)
	RebuildNativeTypeToScriptingClass (9ms)
	initialDomainReloadingComplete (26ms)
	LoadAllAssembliesAndSetupDomain (496ms)
		LoadAssemblies (285ms)
		RebuildTransferFunctionScriptingTraits (0ms)
		AnalyzeDomain (256ms)
			TypeCache.Refresh (12ms)
				TypeCache.ScanAssembly (1ms)
			BuildScriptInfoCaches (227ms)
			ResolveRequiredComponents (14ms)
	FinalizeReload (978ms)
		ReleaseScriptCaches (0ms)
		RebuildScriptCaches (0ms)
		SetupLoadedEditorAssemblies (674ms)
			LogAssemblyErrors (0ms)
			InitializePlatformSupportModulesInManaged (4ms)
			SetLoadedEditorAssemblies (5ms)
			BeforeProcessingInitializeOnLoad (77ms)
			ProcessInitializeOnLoadAttributes (512ms)
			ProcessInitializeOnLoadMethodAttributes (71ms)
			AfterProcessingInitializeOnLoad (5ms)
			EditorAssembliesLoaded (0ms)
		ExecutionOrderSort2 (0ms)
		AwakeInstancesAfterBackupRestoration (12ms)
Shader Hidden/ProbeVolume/VoxelizeScene is not supported: GPU does not support conservative rasterization
Refreshing native plugins compatible for Editor in 0.52 ms, found 1 plugins.
Preloading 0 native plugins for Editor in 0.00 ms.
Unloading 13 Unused Serialized files (Serialized files now loaded: 0)
Unloading 7245 unused Assets / (4.0 MB). Loaded Objects now: 8653.
Memory consumption went from 180.7 MB to 176.7 MB.
Total: 9.956038 ms (FindLiveObjects: 0.850144 ms CreateObjectMapping: 0.716896 ms MarkObjects: 5.993739 ms  DeleteObjects: 2.394049 ms)

Prepare: number of updated asset objects reloaded= 0
========================================================================
Received Prepare
Begin MonoManager ReloadAssembly
- Loaded All Assemblies, in  1.243 seconds
Refreshing native plugins compatible for Editor in 0.56 ms, found 1 plugins.
Native extension for LinuxStandalone target not found
Mono: successfully reloaded assembly
- Finished resetting the current domain, in  1.009 seconds
Domain Reload Profiling: 2253ms
	BeginReloadAssembly (332ms)
		ExecutionOrderSort (0ms)
		DisableScriptedObjects (21ms)
		BackupInstance (0ms)
		ReleaseScriptingObjects (0ms)
		CreateAndSetChildDomain (166ms)
	RebuildCommonClasses (77ms)
	RebuildNativeTypeToScriptingClass (18ms)
	initialDomainReloadingComplete (49ms)
	LoadAllAssembliesAndSetupDomain (767ms)
		LoadAssemblies (464ms)
		RebuildTransferFunctionScriptingTraits (0ms)
		AnalyzeDomain (383ms)
			TypeCache.Refresh (18ms)
				TypeCache.ScanAssembly (1ms)
			BuildScriptInfoCaches (344ms)
			ResolveRequiredComponents (17ms)
	FinalizeReload (1009ms)
		ReleaseScriptCaches (0ms)
		RebuildScriptCaches (0ms)
		SetupLoadedEditorAssemblies (679ms)
			LogAssemblyErrors (0ms)
			InitializePlatformSupportModulesInManaged (4ms)
			SetLoadedEditorAssemblies (5ms)
			BeforeProcessingInitializeOnLoad (70ms)
			ProcessInitializeOnLoadAttributes (505ms)
			ProcessInitializeOnLoadMethodAttributes (89ms)
			AfterProcessingInitializeOnLoad (5ms)
			EditorAssembliesLoaded (0ms)
		ExecutionOrderSort2 (0ms)
		AwakeInstancesAfterBackupRestoration (12ms)
Shader Hidden/ProbeVolume/VoxelizeScene is not supported: GPU does not support conservative rasterization
Refreshing native plugins compatible for Editor in 0.55 ms, found 1 plugins.
Preloading 0 native plugins for Editor in 0.00 ms.
Unloading 13 Unused Serialized files (Serialized files now loaded: 0)
Unloading 7245 unused Assets / (4.0 MB). Loaded Objects now: 8656.
Memory consumption went from 180.7 MB to 176.7 MB.
Total: 10.890247 ms (FindLiveObjects: 0.852376 ms CreateObjectMapping: 0.704746 ms MarkObjects: 6.586012 ms  DeleteObjects: 2.745296 ms)

Prepare: number of updated asset objects reloaded= 0
========================================================================
Received Prepare
Begin MonoManager ReloadAssembly
- Loaded All Assemblies, in  1.211 seconds
Refreshing native plugins compatible for Editor in 1.02 ms, found 1 plugins.
Native extension for LinuxStandalone target not found
Edgegap requires Json.NET to be imported to function. To import Json.NET navigate to Window -> Package Manager -> Click the + symbol and choose 'Add package by name' -> com.unity.nuget.newtonsoft-json -> Leave version blank and click Add. If you are not currently using Edgegap you may ignore this message.
UnityEngine.Debug:ExtractStackTraceNoAlloc (byte*,int,string)
UnityEngine.StackTraceUtility:ExtractStackTrace () (at /home/bokken/build/output/unity/unity/Runtime/Export/Scripting/StackTrace.cs:37)
UnityEngine.DebugLogHandler:Internal_Log (UnityEngine.LogType,UnityEngine.LogOption,string,UnityEngine.Object)
UnityEngine.DebugLogHandler:LogFormat (UnityEngine.LogType,UnityEngine.Object,string,object[])
UnityEngine.Logger:Log (UnityEngine.LogType,object)
UnityEngine.Debug:LogWarning (object)
Newtonsoft.Json.FallbackDisplayer:Initialize () (at Assets/Mirror/Hosting/Edgegap/Newtonsoft_Package_Patch.cs:47)
System.Reflection.RuntimeMethodInfo:Invoke (object,System.Reflection.BindingFlags,System.Reflection.Binder,object[],System.Globalization.CultureInfo)
System.Reflection.MethodBase:Invoke (object,object[])
UnityEditor.EditorAssemblies:ProcessInitializeOnLoadMethodAttributes () (at /home/bokken/build/output/unity/unity/Editor/Mono/EditorAssemblies.cs:142)

(Filename: Assets/Mirror/Hosting/Edgegap/Newtonsoft_Package_Patch.cs Line: 47)

Mono: successfully reloaded assembly
- Finished resetting the current domain, in  1.485 seconds
Domain Reload Profiling: 2700ms
	BeginReloadAssembly (245ms)
		ExecutionOrderSort (0ms)
		DisableScriptedObjects (14ms)
		BackupInstance (0ms)
		ReleaseScriptingObjects (0ms)
		CreateAndSetChildDomain (121ms)
	RebuildCommonClasses (54ms)
	RebuildNativeTypeToScriptingClass (14ms)
	initialDomainReloadingComplete (41ms)
	LoadAllAssembliesAndSetupDomain (859ms)
		LoadAssemblies (461ms)
		RebuildTransferFunctionScriptingTraits (0ms)
		AnalyzeDomain (452ms)
			TypeCache.Refresh (14ms)
				TypeCache.ScanAssembly (0ms)
			BuildScriptInfoCaches (407ms)
			ResolveRequiredComponents (25ms)
	FinalizeReload (1486ms)
		ReleaseScriptCaches (0ms)
		RebuildScriptCaches (0ms)
		SetupLoadedEditorAssemblies (970ms)
			LogAssemblyErrors (0ms)
			InitializePlatformSupportModulesInManaged (4ms)
			SetLoadedEditorAssemblies (6ms)
			BeforeProcessingInitializeOnLoad (84ms)
			ProcessInitializeOnLoadAttributes (750ms)
			ProcessInitializeOnLoadMethodAttributes (117ms)
			AfterProcessingInitializeOnLoad (9ms)
			EditorAssembliesLoaded (1ms)
		ExecutionOrderSort2 (0ms)
		AwakeInstancesAfterBackupRestoration (21ms)
Shader Hidden/ProbeVolume/VoxelizeScene is not supported: GPU does not support conservative rasterization
Refreshing native plugins compatible for Editor in 0.80 ms, found 1 plugins.
Preloading 0 native plugins for Editor in 0.00 ms.
Unloading 13 Unused Serialized files (Serialized files now loaded: 0)
Unloading 7245 unused Assets / (4.0 MB). Loaded Objects now: 8659.
Memory consumption went from 180.7 MB to 176.7 MB.
Total: 14.957611 ms (FindLiveObjects: 1.026119 ms CreateObjectMapping: 0.834467 ms MarkObjects: 9.734351 ms  DeleteObjects: 3.360612 ms)

Prepare: number of updated asset objects reloaded= 0
========================================================================
Received Prepare
Begin MonoManager ReloadAssembly
- Loaded All Assemblies, in  0.838 seconds
Refreshing native plugins compatible for Editor in 0.56 ms, found 1 plugins.
Native extension for LinuxStandalone target not found
Mono: successfully reloaded assembly
- Finished resetting the current domain, in  1.003 seconds
Domain Reload Profiling: 1843ms
	BeginReloadAssembly (203ms)
		ExecutionOrderSort (0ms)
		DisableScriptedObjects (13ms)
		BackupInstance (0ms)
		ReleaseScriptingObjects (0ms)
		CreateAndSetChildDomain (102ms)
	RebuildCommonClasses (38ms)
	RebuildNativeTypeToScriptingClass (9ms)
	initialDomainReloadingComplete (25ms)
	LoadAllAssembliesAndSetupDomain (565ms)
		LoadAssemblies (326ms)
		RebuildTransferFunctionScriptingTraits (0ms)
		AnalyzeDomain (283ms)
			TypeCache.Refresh (12ms)
				TypeCache.ScanAssembly (1ms)
			BuildScriptInfoCaches (250ms)
			ResolveRequiredComponents (16ms)
	FinalizeReload (1003ms)
		ReleaseScriptCaches (0ms)
		RebuildScriptCaches (0ms)
		SetupLoadedEditorAssemblies (682ms)
			LogAssemblyErrors (0ms)
			InitializePlatformSupportModulesInManaged (3ms)
			SetLoadedEditorAssemblies (4ms)
			BeforeProcessingInitializeOnLoad (75ms)
			ProcessInitializeOnLoadAttributes (527ms)
			ProcessInitializeOnLoadMethodAttributes (69ms)
			AfterProcessingInitializeOnLoad (5ms)
			EditorAssembliesLoaded (0ms)
		ExecutionOrderSort2 (0ms)
		AwakeInstancesAfterBackupRestoration (12ms)
Shader Hidden/ProbeVolume/VoxelizeScene is not supported: GPU does not support conservative rasterization
Refreshing native plugins compatible for Editor in 0.84 ms, found 1 plugins.
Preloading 0 native plugins for Editor in 0.00 ms.
Unloading 13 Unused Serialized files (Serialized files now loaded: 0)
Unloading 7245 unused Assets / (5.6 MB). Loaded Objects now: 8662.
Memory consumption went from 180.7 MB to 175.2 MB.
Total: 14.483778 ms (FindLiveObjects: 1.047700 ms CreateObjectMapping: 1.208789 ms MarkObjects: 8.014881 ms  DeleteObjects: 4.210581 ms)

Prepare: number of updated asset objects reloaded= 0
========================================================================
Received Prepare
Begin MonoManager ReloadAssembly
- Loaded All Assemblies, in  0.781 seconds
Refreshing native plugins compatible for Editor in 0.51 ms, found 1 plugins.
Native extension for LinuxStandalone target not found
Mono: successfully reloaded assembly
- Finished resetting the current domain, in  0.983 seconds
Domain Reload Profiling: 1767ms
	BeginReloadAssembly (207ms)
		ExecutionOrderSort (0ms)
		DisableScriptedObjects (13ms)
		BackupInstance (0ms)
		ReleaseScriptingObjects (0ms)
		CreateAndSetChildDomain (105ms)
	RebuildCommonClasses (37ms)
	RebuildNativeTypeToScriptingClass (9ms)
	initialDomainReloadingComplete (26ms)
	LoadAllAssembliesAndSetupDomain (504ms)
		LoadAssemblies (289ms)
		RebuildTransferFunctionScriptingTraits (0ms)
		AnalyzeDomain (260ms)
			TypeCache.Refresh (9ms)
				TypeCache.ScanAssembly (0ms)
			BuildScriptInfoCaches (233ms)
			ResolveRequiredComponents (14ms)
	FinalizeReload (984ms)
		ReleaseScriptCaches (0ms)
		RebuildScriptCaches (0ms)
		SetupLoadedEditorAssemblies (656ms)
			LogAssemblyErrors (0ms)
			InitializePlatformSupportModulesInManaged (3ms)
			SetLoadedEditorAssemblies (4ms)
			BeforeProcessingInitializeOnLoad (74ms)
			ProcessInitializeOnLoadAttributes (501ms)
			ProcessInitializeOnLoadMethodAttributes (69ms)
			AfterProcessingInitializeOnLoad (5ms)
			EditorAssembliesLoaded (0ms)
		ExecutionOrderSort2 (0ms)
		AwakeInstancesAfterBackupRestoration (12ms)
Shader Hidden/ProbeVolume/VoxelizeScene is not supported: GPU does not support conservative rasterization
Refreshing native plugins compatible for Editor in 0.57 ms, found 1 plugins.
Preloading 0 native plugins for Editor in 0.00 ms.
Unloading 13 Unused Serialized files (Serialized files now loaded: 0)
Unloading 7245 unused Assets / (4.5 MB). Loaded Objects now: 8665.
Memory consumption went from 180.7 MB to 176.2 MB.
Total: 15.188933 ms (FindLiveObjects: 1.025916 ms CreateObjectMapping: 0.842341 ms MarkObjects: 8.005106 ms  DeleteObjects: 5.314167 ms)

Prepare: number of updated asset objects reloaded= 0
========================================================================
Received Prepare
Begin MonoManager ReloadAssembly
- Loaded All Assemblies, in  0.811 seconds
Refreshing native plugins compatible for Editor in 0.52 ms, found 1 plugins.
Native extension for LinuxStandalone target not found
Mono: successfully reloaded assembly
- Finished resetting the current domain, in  0.969 seconds
Domain Reload Profiling: 1782ms
	BeginReloadAssembly (219ms)
		ExecutionOrderSort (0ms)
		DisableScriptedObjects (14ms)
		BackupInstance (0ms)
		ReleaseScriptingObjects (0ms)
		CreateAndSetChildDomain (118ms)
	RebuildCommonClasses (37ms)
	RebuildNativeTypeToScriptingClass (10ms)
	initialDomainReloadingComplete (28ms)
	LoadAllAssembliesAndSetupDomain (519ms)
		LoadAssemblies (307ms)
		RebuildTransferFunctionScriptingTraits (0ms)
		AnalyzeDomain (256ms)
			TypeCache.Refresh (9ms)
				TypeCache.ScanAssembly (0ms)
			BuildScriptInfoCaches (229ms)
			ResolveRequiredComponents (13ms)
	FinalizeReload (969ms)
		ReleaseScriptCaches (0ms)
		RebuildScriptCaches (0ms)
		SetupLoadedEditorAssemblies (669ms)
			LogAssemblyErrors (0ms)
			InitializePlatformSupportModulesInManaged (3ms)
			SetLoadedEditorAssemblies (4ms)
			BeforeProcessingInitializeOnLoad (74ms)
			ProcessInitializeOnLoadAttributes (510ms)
			ProcessInitializeOnLoadMethodAttributes (74ms)
			AfterProcessingInitializeOnLoad (5ms)
			EditorAssembliesLoaded (0ms)
		ExecutionOrderSort2 (0ms)
		AwakeInstancesAfterBackupRestoration (12ms)
Shader Hidden/ProbeVolume/VoxelizeScene is not supported: GPU does not support conservative rasterization
Refreshing native plugins compatible for Editor in 0.56 ms, found 1 plugins.
Preloading 0 native plugins for Editor in 0.00 ms.
Unloading 13 Unused Serialized files (Serialized files now loaded: 0)
Unloading 7245 unused Assets / (4.5 MB). Loaded Objects now: 8668.
Memory consumption went from 180.7 MB to 176.2 MB.
Total: 13.489517 ms (FindLiveObjects: 1.016945 ms CreateObjectMapping: 1.110445 ms MarkObjects: 7.273115 ms  DeleteObjects: 4.087526 ms)

Prepare: number of updated asset objects reloaded= 1
========================================================================
Received Prepare
Begin MonoManager ReloadAssembly
- Loaded All Assemblies, in  0.851 seconds
Refreshing native plugins compatible for Editor in 0.50 ms, found 1 plugins.
Native extension for LinuxStandalone target not found
Mono: successfully reloaded assembly
- Finished resetting the current domain, in  1.008 seconds
Domain Reload Profiling: 1862ms
	BeginReloadAssembly (217ms)
		ExecutionOrderSort (0ms)
		DisableScriptedObjects (14ms)
		BackupInstance (0ms)
		ReleaseScriptingObjects (0ms)
		CreateAndSetChildDomain (112ms)
	RebuildCommonClasses (40ms)
	RebuildNativeTypeToScriptingClass (10ms)
	initialDomainReloadingComplete (27ms)
	LoadAllAssembliesAndSetupDomain (561ms)
		LoadAssemblies (294ms)
		RebuildTransferFunctionScriptingTraits (0ms)
		AnalyzeDomain (309ms)
			TypeCache.Refresh (14ms)
				TypeCache.ScanAssembly (1ms)
			BuildScriptInfoCaches (276ms)
			ResolveRequiredComponents (14ms)
	FinalizeReload (1008ms)
		ReleaseScriptCaches (0ms)
		RebuildScriptCaches (0ms)
		SetupLoadedEditorAssemblies (677ms)
			LogAssemblyErrors (0ms)
			InitializePlatformSupportModulesInManaged (3ms)
			SetLoadedEditorAssemblies (4ms)
			BeforeProcessingInitializeOnLoad (71ms)
			ProcessInitializeOnLoadAttributes (525ms)
			ProcessInitializeOnLoadMethodAttributes (70ms)
			AfterProcessingInitializeOnLoad (5ms)
			EditorAssembliesLoaded (0ms)
		ExecutionOrderSort2 (0ms)
		AwakeInstancesAfterBackupRestoration (12ms)
Shader Hidden/ProbeVolume/VoxelizeScene is not supported: GPU does not support conservative rasterization
Refreshing native plugins compatible for Editor in 0.48 ms, found 1 plugins.
Preloading 0 native plugins for Editor in 0.00 ms.
Unloading 13 Unused Serialized files (Serialized files now loaded: 0)
Unloading 7245 unused Assets / (5.2 MB). Loaded Objects now: 8671.
Memory consumption went from 180.7 MB to 175.5 MB.
Total: 15.626268 ms (FindLiveObjects: 1.269919 ms CreateObjectMapping: 1.381899 ms MarkObjects: 8.897561 ms  DeleteObjects: 4.074972 ms)

Prepare: number of updated asset objects reloaded= 0
========================================================================
Received Prepare
Begin MonoManager ReloadAssembly
- Loaded All Assemblies, in  0.840 seconds
Refreshing native plugins compatible for Editor in 0.51 ms, found 1 plugins.
Native extension for LinuxStandalone target not found
Mono: successfully reloaded assembly
- Finished resetting the current domain, in  1.001 seconds
Domain Reload Profiling: 1843ms
	BeginReloadAssembly (228ms)
		ExecutionOrderSort (0ms)
		DisableScriptedObjects (20ms)
		BackupInstance (0ms)
		ReleaseScriptingObjects (0ms)
		CreateAndSetChildDomain (109ms)
	RebuildCommonClasses (37ms)
	RebuildNativeTypeToScriptingClass (9ms)
	initialDomainReloadingComplete (26ms)
	LoadAllAssembliesAndSetupDomain (542ms)
		LoadAssemblies (314ms)
		RebuildTransferFunctionScriptingTraits (0ms)
		AnalyzeDomain (272ms)
			TypeCache.Refresh (11ms)
				TypeCache.ScanAssembly (1ms)
			BuildScriptInfoCaches (245ms)
			ResolveRequiredComponents (13ms)
	FinalizeReload (1002ms)
		ReleaseScriptCaches (0ms)
		RebuildScriptCaches (0ms)
		SetupLoadedEditorAssemblies (677ms)
			LogAssemblyErrors (0ms)
			InitializePlatformSupportModulesInManaged (3ms)
			SetLoadedEditorAssemblies (4ms)
			BeforeProcessingInitializeOnLoad (77ms)
			ProcessInitializeOnLoadAttributes (518ms)
			ProcessInitializeOnLoadMethodAttributes (69ms)
			AfterProcessingInitializeOnLoad (5ms)
			EditorAssembliesLoaded (0ms)
		ExecutionOrderSort2 (0ms)
		AwakeInstancesAfterBackupRestoration (12ms)
Shader Hidden/ProbeVolume/VoxelizeScene is not supported: GPU does not support conservative rasterization
Refreshing native plugins compatible for Editor in 0.62 ms, found 1 plugins.
Preloading 0 native plugins for Editor in 0.00 ms.
Unloading 13 Unused Serialized files (Serialized files now loaded: 0)
Unloading 7245 unused Assets / (5.1 MB). Loaded Objects now: 8674.
Memory consumption went from 180.7 MB to 175.7 MB.
Total: 11.200056 ms (FindLiveObjects: 0.951644 ms CreateObjectMapping: 0.880706 ms MarkObjects: 6.534164 ms  DeleteObjects: 2.831726 ms)

Prepare: number of updated asset objects reloaded= 0
========================================================================
Received Prepare
Shader Hidden/ProbeVolume/VoxelizeScene is not supported: GPU does not support conservative rasterization
Refreshing native plugins compatible for Editor in 0.53 ms, found 1 plugins.
Preloading 0 native plugins for Editor in 0.00 ms.
Unloading 13 Unused Serialized files (Serialized files now loaded: 0)
Unloading 7234 unused Assets / (4.1 MB). Loaded Objects now: 8675.
Memory consumption went from 180.9 MB to 176.8 MB.
Total: 13.002817 ms (FindLiveObjects: 1.178888 ms CreateObjectMapping: 1.207882 ms MarkObjects: 7.521492 ms  DeleteObjects: 3.092763 ms)

Prepare: number of updated asset objects reloaded= 0
========================================================================
Received Prepare
Begin MonoManager ReloadAssembly
- Loaded All Assemblies, in  1.121 seconds
Refreshing native plugins compatible for Editor in 0.91 ms, found 1 plugins.
Native extension for LinuxStandalone target not found
Mono: successfully reloaded assembly
- Finished resetting the current domain, in  1.416 seconds
Domain Reload Profiling: 2543ms
	BeginReloadAssembly (309ms)
		ExecutionOrderSort (0ms)
		DisableScriptedObjects (30ms)
		BackupInstance (0ms)
		ReleaseScriptingObjects (0ms)
		CreateAndSetChildDomain (162ms)
	RebuildCommonClasses (46ms)
	RebuildNativeTypeToScriptingClass (11ms)
	initialDomainReloadingComplete (32ms)
	LoadAllAssembliesAndSetupDomain (729ms)
		LoadAssemblies (354ms)
		RebuildTransferFunctionScriptingTraits (0ms)
		AnalyzeDomain (426ms)
			TypeCache.Refresh (16ms)
				TypeCache.ScanAssembly (1ms)
			BuildScriptInfoCaches (380ms)
			ResolveRequiredComponents (23ms)
	FinalizeReload (1416ms)
		ReleaseScriptCaches (0ms)
		RebuildScriptCaches (0ms)
		SetupLoadedEditorAssemblies (898ms)
			LogAssemblyErrors (0ms)
			InitializePlatformSupportModulesInManaged (6ms)
			SetLoadedEditorAssemblies (7ms)
			BeforeProcessingInitializeOnLoad (113ms)
			ProcessInitializeOnLoadAttributes (684ms)
			ProcessInitializeOnLoadMethodAttributes (81ms)
			AfterProcessingInitializeOnLoad (6ms)
			EditorAssembliesLoaded (1ms)
		ExecutionOrderSort2 (0ms)
		AwakeInstancesAfterBackupRestoration (17ms)
Shader Hidden/ProbeVolume/VoxelizeScene is not supported: GPU does not support conservative rasterization
Refreshing native plugins compatible for Editor in 0.51 ms, found 1 plugins.
Preloading 0 native plugins for Editor in 0.00 ms.
Unloading 13 Unused Serialized files (Serialized files now loaded: 0)
Unloading 7246 unused Assets / (4.0 MB). Loaded Objects now: 8678.
Memory consumption went from 180.8 MB to 176.7 MB.
Total: 9.771064 ms (FindLiveObjects: 0.809772 ms CreateObjectMapping: 0.794870 ms MarkObjects: 5.875287 ms  DeleteObjects: 2.289896 ms)

Prepare: number of updated asset objects reloaded= 0
========================================================================
Received Prepare
Begin MonoManager ReloadAssembly
- Loaded All Assemblies, in  0.990 seconds
Refreshing native plugins compatible for Editor in 0.52 ms, found 1 plugins.
Native extension for LinuxStandalone target not found
Mono: successfully reloaded assembly
- Finished resetting the current domain, in  0.983 seconds
Domain Reload Profiling: 1973ms
	BeginReloadAssembly (305ms)
		ExecutionOrderSort (0ms)
		DisableScriptedObjects (26ms)
		BackupInstance (0ms)
		ReleaseScriptingObjects (0ms)
		CreateAndSetChildDomain (138ms)
	RebuildCommonClasses (79ms)
	RebuildNativeTypeToScriptingClass (17ms)
	initialDomainReloadingComplete (42ms)
	LoadAllAssembliesAndSetupDomain (548ms)
		LoadAssemblies (360ms)
		RebuildTransferFunctionScriptingTraits (0ms)
		AnalyzeDomain (266ms)
			TypeCache.Refresh (12ms)
				TypeCache.ScanAssembly (1ms)
			BuildScriptInfoCaches (237ms)
			ResolveRequiredComponents (13ms)
	FinalizeReload (983ms)
		ReleaseScriptCaches (0ms)
		RebuildScriptCaches (0ms)
		SetupLoadedEditorAssemblies (680ms)
			LogAssemblyErrors (0ms)
			InitializePlatformSupportModulesInManaged (3ms)
			SetLoadedEditorAssemblies (4ms)
			BeforeProcessingInitializeOnLoad (71ms)
			ProcessInitializeOnLoadAttributes (514ms)
			ProcessInitializeOnLoadMethodAttributes (80ms)
			AfterProcessingInitializeOnLoad (7ms)
			EditorAssembliesLoaded (1ms)
		ExecutionOrderSort2 (0ms)
		AwakeInstancesAfterBackupRestoration (15ms)
Shader Hidden/ProbeVolume/VoxelizeScene is not supported: GPU does not support conservative rasterization
Refreshing native plugins compatible for Editor in 0.52 ms, found 1 plugins.
Preloading 0 native plugins for Editor in 0.00 ms.
Unloading 13 Unused Serialized files (Serialized files now loaded: 0)
Unloading 7246 unused Assets / (4.7 MB). Loaded Objects now: 8681.
Memory consumption went from 180.8 MB to 176.1 MB.
Total: 13.173434 ms (FindLiveObjects: 0.857132 ms CreateObjectMapping: 0.802213 ms MarkObjects: 6.838318 ms  DeleteObjects: 4.673031 ms)

Prepare: number of updated asset objects reloaded= 0
========================================================================
Received Prepare
Begin MonoManager ReloadAssembly
- Loaded All Assemblies, in  1.021 seconds
Refreshing native plugins compatible for Editor in 0.57 ms, found 1 plugins.
Native extension for LinuxStandalone target not found
Mono: successfully reloaded assembly
- Finished resetting the current domain, in  1.672 seconds
Domain Reload Profiling: 2696ms
	BeginReloadAssembly (232ms)
		ExecutionOrderSort (0ms)
		DisableScriptedObjects (14ms)
		BackupInstance (0ms)
		ReleaseScriptingObjects (0ms)
		CreateAndSetChildDomain (117ms)
	RebuildCommonClasses (39ms)
	RebuildNativeTypeToScriptingClass (9ms)
	initialDomainReloadingComplete (29ms)
	LoadAllAssembliesAndSetupDomain (714ms)
		LoadAssemblies (394ms)
		RebuildTransferFunctionScriptingTraits (0ms)
		AnalyzeDomain (374ms)
			TypeCache.Refresh (12ms)
				TypeCache.ScanAssembly (0ms)
			BuildScriptInfoCaches (341ms)
			ResolveRequiredComponents (17ms)
	FinalizeReload (1672ms)
		ReleaseScriptCaches (0ms)
		RebuildScriptCaches (0ms)
		SetupLoadedEditorAssemblies (1200ms)
			LogAssemblyErrors (0ms)
			InitializePlatformSupportModulesInManaged (5ms)
			SetLoadedEditorAssemblies (7ms)
			BeforeProcessingInitializeOnLoad (130ms)
			ProcessInitializeOnLoadAttributes (938ms)
			ProcessInitializeOnLoadMethodAttributes (114ms)
			AfterProcessingInitializeOnLoad (7ms)
			EditorAssembliesLoaded (0ms)
		ExecutionOrderSort2 (0ms)
		AwakeInstancesAfterBackupRestoration (15ms)
Shader Hidden/ProbeVolume/VoxelizeScene is not supported: GPU does not support conservative rasterization
Refreshing native plugins compatible for Editor in 1.19 ms, found 1 plugins.
Preloading 0 native plugins for Editor in 0.00 ms.
Unloading 13 Unused Serialized files (Serialized files now loaded: 0)
Unloading 7246 unused Assets / (3.9 MB). Loaded Objects now: 8684.
Memory consumption went from 180.8 MB to 176.9 MB.
Total: 25.054230 ms (FindLiveObjects: 1.841989 ms CreateObjectMapping: 1.527130 ms MarkObjects: 15.605953 ms  DeleteObjects: 6.075122 ms)

Prepare: number of updated asset objects reloaded= 1
========================================================================
Received Prepare
Begin MonoManager ReloadAssembly
- Loaded All Assemblies, in  0.791 seconds
Refreshing native plugins compatible for Editor in 0.56 ms, found 1 plugins.
Native extension for LinuxStandalone target not found
Mono: successfully reloaded assembly
- Finished resetting the current domain, in  0.946 seconds
Domain Reload Profiling: 1740ms
	BeginReloadAssembly (218ms)
		ExecutionOrderSort (0ms)
		DisableScriptedObjects (13ms)
		BackupInstance (0ms)
		ReleaseScriptingObjects (0ms)
		CreateAndSetChildDomain (118ms)
	RebuildCommonClasses (38ms)
	RebuildNativeTypeToScriptingClass (9ms)
	initialDomainReloadingComplete (26ms)
	LoadAllAssembliesAndSetupDomain (502ms)
		LoadAssemblies (285ms)
		RebuildTransferFunctionScriptingTraits (0ms)
		AnalyzeDomain (262ms)
			TypeCache.Refresh (9ms)
				TypeCache.ScanAssembly (0ms)
			BuildScriptInfoCaches (237ms)
			ResolveRequiredComponents (13ms)
	FinalizeReload (947ms)
		ReleaseScriptCaches (0ms)
		RebuildScriptCaches (0ms)
		SetupLoadedEditorAssemblies (642ms)
			LogAssemblyErrors (0ms)
			InitializePlatformSupportModulesInManaged (3ms)
			SetLoadedEditorAssemblies (4ms)
			BeforeProcessingInitializeOnLoad (72ms)
			ProcessInitializeOnLoadAttributes (486ms)
			ProcessInitializeOnLoadMethodAttributes (72ms)
			AfterProcessingInitializeOnLoad (5ms)
			EditorAssembliesLoaded (0ms)
		ExecutionOrderSort2 (0ms)
		AwakeInstancesAfterBackupRestoration (12ms)
Shader Hidden/ProbeVolume/VoxelizeScene is not supported: GPU does not support conservative rasterization
Refreshing native plugins compatible for Editor in 0.60 ms, found 1 plugins.
Preloading 0 native plugins for Editor in 0.00 ms.
Unloading 13 Unused Serialized files (Serialized files now loaded: 0)
Unloading 7246 unused Assets / (5.1 MB). Loaded Objects now: 8687.
Memory consumption went from 180.8 MB to 175.7 MB.
Total: 12.054159 ms (FindLiveObjects: 0.792814 ms CreateObjectMapping: 0.672297 ms MarkObjects: 7.207734 ms  DeleteObjects: 3.379322 ms)

Prepare: number of updated asset objects reloaded= 0
========================================================================
Received Prepare
Begin MonoManager ReloadAssembly
- Loaded All Assemblies, in  1.303 seconds
Refreshing native plugins compatible for Editor in 0.51 ms, found 1 plugins.
Native extension for LinuxStandalone target not found
Mono: successfully reloaded assembly
- Finished resetting the current domain, in  1.293 seconds
Domain Reload Profiling: 2603ms
	BeginReloadAssembly (272ms)
		ExecutionOrderSort (0ms)
		DisableScriptedObjects (15ms)
		BackupInstance (0ms)
		ReleaseScriptingObjects (0ms)
		CreateAndSetChildDomain (132ms)
	RebuildCommonClasses (64ms)
	RebuildNativeTypeToScriptingClass (16ms)
	initialDomainReloadingComplete (33ms)
	LoadAllAssembliesAndSetupDomain (925ms)
		LoadAssemblies (453ms)
		RebuildTransferFunctionScriptingTraits (0ms)
		AnalyzeDomain (539ms)
			TypeCache.Refresh (18ms)
				TypeCache.ScanAssembly (0ms)
			BuildScriptInfoCaches (486ms)
			ResolveRequiredComponents (26ms)
	FinalizeReload (1294ms)
		ReleaseScriptCaches (0ms)
		RebuildScriptCaches (0ms)
		SetupLoadedEditorAssemblies (827ms)
			LogAssemblyErrors (0ms)
			InitializePlatformSupportModulesInManaged (3ms)
			SetLoadedEditorAssemblies (4ms)
			BeforeProcessingInitializeOnLoad (83ms)
			ProcessInitializeOnLoadAttributes (626ms)
			ProcessInitializeOnLoadMethodAttributes (99ms)
			AfterProcessingInitializeOnLoad (10ms)
			EditorAssembliesLoaded (1ms)
		ExecutionOrderSort2 (0ms)
		AwakeInstancesAfterBackupRestoration (25ms)
Shader Hidden/ProbeVolume/VoxelizeScene is not supported: GPU does not support conservative rasterization
Refreshing native plugins compatible for Editor in 0.90 ms, found 1 plugins.
Preloading 0 native plugins for Editor in 0.00 ms.
Unloading 13 Unused Serialized files (Serialized files now loaded: 0)
Unloading 7246 unused Assets / (3.4 MB). Loaded Objects now: 8690.
Memory consumption went from 180.8 MB to 177.4 MB.
Total: 25.413619 ms (FindLiveObjects: 1.263999 ms CreateObjectMapping: 1.653101 ms MarkObjects: 13.026109 ms  DeleteObjects: 9.468145 ms)

Prepare: number of updated asset objects reloaded= 0
========================================================================
Received Prepare
Begin MonoManager ReloadAssembly
- Loaded All Assemblies, in  0.775 seconds
Refreshing native plugins compatible for Editor in 0.49 ms, found 1 plugins.
Native extension for LinuxStandalone target not found
Mono: successfully reloaded assembly
- Finished resetting the current domain, in  0.956 seconds
Domain Reload Profiling: 1733ms
	BeginReloadAssembly (210ms)
		ExecutionOrderSort (0ms)
		DisableScriptedObjects (13ms)
		BackupInstance (0ms)
		ReleaseScriptingObjects (0ms)
		CreateAndSetChildDomain (109ms)
	RebuildCommonClasses (37ms)
	RebuildNativeTypeToScriptingClass (9ms)
	initialDomainReloadingComplete (26ms)
	LoadAllAssembliesAndSetupDomain (494ms)
		LoadAssemblies (282ms)
		RebuildTransferFunctionScriptingTraits (0ms)
		AnalyzeDomain (256ms)
			TypeCache.Refresh (9ms)
				TypeCache.ScanAssembly (0ms)
			BuildScriptInfoCaches (231ms)
			ResolveRequiredComponents (13ms)
	FinalizeReload (956ms)
		ReleaseScriptCaches (0ms)
		RebuildScriptCaches (0ms)
		SetupLoadedEditorAssemblies (662ms)
			LogAssemblyErrors (0ms)
			InitializePlatformSupportModulesInManaged (3ms)
			SetLoadedEditorAssemblies (4ms)
			BeforeProcessingInitializeOnLoad (71ms)
			ProcessInitializeOnLoadAttributes (505ms)
			ProcessInitializeOnLoadMethodAttributes (74ms)
			AfterProcessingInitializeOnLoad (5ms)
			EditorAssembliesLoaded (0ms)
		ExecutionOrderSort2 (0ms)
		AwakeInstancesAfterBackupRestoration (13ms)
Shader Hidden/ProbeVolume/VoxelizeScene is not supported: GPU does not support conservative rasterization
Refreshing native plugins compatible for Editor in 0.51 ms, found 1 plugins.
Preloading 0 native plugins for Editor in 0.00 ms.
Unloading 13 Unused Serialized files (Serialized files now loaded: 0)
Unloading 7246 unused Assets / (4.9 MB). Loaded Objects now: 8693.
Memory consumption went from 180.8 MB to 175.9 MB.
Total: 11.248464 ms (FindLiveObjects: 0.816045 ms CreateObjectMapping: 0.721326 ms MarkObjects: 7.130068 ms  DeleteObjects: 2.579089 ms)

Prepare: number of updated asset objects reloaded= 0
========================================================================
Received Prepare
Shader Hidden/ProbeVolume/VoxelizeScene is not supported: GPU does not support conservative rasterization
Refreshing native plugins compatible for Editor in 0.67 ms, found 1 plugins.
Preloading 0 native plugins for Editor in 0.00 ms.
Unloading 13 Unused Serialized files (Serialized files now loaded: 0)
Unloading 7234 unused Assets / (3.9 MB). Loaded Objects now: 8693.
Memory consumption went from 181.0 MB to 177.1 MB.
Total: 13.539633 ms (FindLiveObjects: 0.953982 ms CreateObjectMapping: 0.876196 ms MarkObjects: 8.330195 ms  DeleteObjects: 3.377100 ms)

Prepare: number of updated asset objects reloaded= 0
========================================================================
Received Prepare
Shader Hidden/ProbeVolume/VoxelizeScene is not supported: GPU does not support conservative rasterization
Refreshing native plugins compatible for Editor in 0.53 ms, found 1 plugins.
Preloading 0 native plugins for Editor in 0.00 ms.
Unloading 13 Unused Serialized files (Serialized files now loaded: 0)
Unloading 7234 unused Assets / (4.5 MB). Loaded Objects now: 8693.
Memory consumption went from 181.0 MB to 176.4 MB.
Total: 12.182747 ms (FindLiveObjects: 0.905860 ms CreateObjectMapping: 0.722670 ms MarkObjects: 6.998661 ms  DeleteObjects: 3.554212 ms)

Prepare: number of updated asset objects reloaded= 0
========================================================================
Received Prepare
Shader Hidden/ProbeVolume/VoxelizeScene is not supported: GPU does not support conservative rasterization
Refreshing native plugins compatible for Editor in 0.58 ms, found 1 plugins.
Preloading 0 native plugins for Editor in 0.00 ms.
Unloading 13 Unused Serialized files (Serialized files now loaded: 0)
Unloading 7234 unused Assets / (4.7 MB). Loaded Objects now: 8693.
Memory consumption went from 181.0 MB to 176.2 MB.
Total: 13.951844 ms (FindLiveObjects: 1.286356 ms CreateObjectMapping: 0.918722 ms MarkObjects: 7.816098 ms  DeleteObjects: 3.929032 ms)

Prepare: number of updated asset objects reloaded= 0
========================================================================
Received Prepare
Shader Hidden/ProbeVolume/VoxelizeScene is not supported: GPU does not support conservative rasterization
Refreshing native plugins compatible for Editor in 0.48 ms, found 1 plugins.
Preloading 0 native plugins for Editor in 0.00 ms.
Unloading 13 Unused Serialized files (Serialized files now loaded: 0)
Unloading 7234 unused Assets / (4.7 MB). Loaded Objects now: 8693.
Memory consumption went from 181.0 MB to 176.3 MB.
Total: 11.848012 ms (FindLiveObjects: 0.927448 ms CreateObjectMapping: 0.927438 ms MarkObjects: 6.415156 ms  DeleteObjects: 3.576697 ms)

Prepare: number of updated asset objects reloaded= 0
========================================================================
Received Prepare
Shader Hidden/ProbeVolume/VoxelizeScene is not supported: GPU does not support conservative rasterization
Refreshing native plugins compatible for Editor in 0.53 ms, found 1 plugins.
Preloading 0 native plugins for Editor in 0.00 ms.
Unloading 13 Unused Serialized files (Serialized files now loaded: 0)
Unloading 7234 unused Assets / (5.0 MB). Loaded Objects now: 8693.
Memory consumption went from 181.0 MB to 176.0 MB.
Total: 10.591397 ms (FindLiveObjects: 0.913300 ms CreateObjectMapping: 0.656452 ms MarkObjects: 6.320243 ms  DeleteObjects: 2.700078 ms)

Prepare: number of updated asset objects reloaded= 0
========================================================================
Received Prepare
Shader Hidden/ProbeVolume/VoxelizeScene is not supported: GPU does not support conservative rasterization
Refreshing native plugins compatible for Editor in 0.49 ms, found 1 plugins.
Preloading 0 native plugins for Editor in 0.00 ms.
Unloading 13 Unused Serialized files (Serialized files now loaded: 0)
Unloading 7234 unused Assets / (6.2 MB). Loaded Objects now: 8693.
Memory consumption went from 181.0 MB to 174.8 MB.
Total: 12.734035 ms (FindLiveObjects: 0.884939 ms CreateObjectMapping: 1.350564 ms MarkObjects: 6.420237 ms  DeleteObjects: 4.076716 ms)

Prepare: number of updated asset objects reloaded= 0
========================================================================
Received Prepare
Shader Hidden/ProbeVolume/VoxelizeScene is not supported: GPU does not support conservative rasterization
Refreshing native plugins compatible for Editor in 0.46 ms, found 1 plugins.
Preloading 0 native plugins for Editor in 0.00 ms.
Unloading 13 Unused Serialized files (Serialized files now loaded: 0)
Unloading 7234 unused Assets / (4.8 MB). Loaded Objects now: 8693.
Memory consumption went from 181.0 MB to 176.2 MB.
Total: 9.608637 ms (FindLiveObjects: 0.774246 ms CreateObjectMapping: 0.736358 ms MarkObjects: 5.804223 ms  DeleteObjects: 2.292766 ms)

Prepare: number of updated asset objects reloaded= 0
========================================================================
Received Prepare
Shader Hidden/ProbeVolume/VoxelizeScene is not supported: GPU does not support conservative rasterization
Refreshing native plugins compatible for Editor in 0.72 ms, found 1 plugins.
Preloading 0 native plugins for Editor in 0.00 ms.
Unloading 13 Unused Serialized files (Serialized files now loaded: 0)
Unloading 7234 unused Assets / (4.8 MB). Loaded Objects now: 8693.
Memory consumption went from 181.0 MB to 176.1 MB.
Total: 17.244537 ms (FindLiveObjects: 0.955784 ms CreateObjectMapping: 0.950458 ms MarkObjects: 10.433474 ms  DeleteObjects: 4.903334 ms)

Prepare: number of updated asset objects reloaded= 0
========================================================================
Received Prepare
Begin MonoManager ReloadAssembly
- Loaded All Assemblies, in  0.787 seconds
Refreshing native plugins compatible for Editor in 0.50 ms, found 1 plugins.
Native extension for LinuxStandalone target not found
Edgegap requires Json.NET to be imported to function. To import Json.NET navigate to Window -> Package Manager -> Click the + symbol and choose 'Add package by name' -> com.unity.nuget.newtonsoft-json -> Leave version blank and click Add. If you are not currently using Edgegap you may ignore this message.
UnityEngine.Debug:ExtractStackTraceNoAlloc (byte*,int,string)
UnityEngine.StackTraceUtility:ExtractStackTrace () (at /home/bokken/build/output/unity/unity/Runtime/Export/Scripting/StackTrace.cs:37)
UnityEngine.DebugLogHandler:Internal_Log (UnityEngine.LogType,UnityEngine.LogOption,string,UnityEngine.Object)
UnityEngine.DebugLogHandler:LogFormat (UnityEngine.LogType,UnityEngine.Object,string,object[])
UnityEngine.Logger:Log (UnityEngine.LogType,object)
UnityEngine.Debug:LogWarning (object)
Newtonsoft.Json.FallbackDisplayer:Initialize () (at Assets/Mirror/Hosting/Edgegap/Newtonsoft_Package_Patch.cs:47)
System.Reflection.RuntimeMethodInfo:Invoke (object,System.Reflection.BindingFlags,System.Reflection.Binder,object[],System.Globalization.CultureInfo)
System.Reflection.MethodBase:Invoke (object,object[])
UnityEditor.EditorAssemblies:ProcessInitializeOnLoadMethodAttributes () (at /home/bokken/build/output/unity/unity/Editor/Mono/EditorAssemblies.cs:142)

(Filename: Assets/Mirror/Hosting/Edgegap/Newtonsoft_Package_Patch.cs Line: 47)

Mono: successfully reloaded assembly
- Finished resetting the current domain, in  0.978 seconds
Domain Reload Profiling: 1767ms
	BeginReloadAssembly (210ms)
		ExecutionOrderSort (0ms)
		DisableScriptedObjects (13ms)
		BackupInstance (0ms)
		ReleaseScriptingObjects (0ms)
		CreateAndSetChildDomain (109ms)
	RebuildCommonClasses (37ms)
	RebuildNativeTypeToScriptingClass (9ms)
	initialDomainReloadingComplete (26ms)
	LoadAllAssembliesAndSetupDomain (507ms)
		LoadAssemblies (293ms)
		RebuildTransferFunctionScriptingTraits (0ms)
		AnalyzeDomain (258ms)
			TypeCache.Refresh (11ms)
				TypeCache.ScanAssembly (0ms)
			BuildScriptInfoCaches (231ms)
			ResolveRequiredComponents (14ms)
	FinalizeReload (978ms)
		ReleaseScriptCaches (0ms)
		RebuildScriptCaches (0ms)
		SetupLoadedEditorAssemblies (672ms)
			LogAssemblyErrors (0ms)
			InitializePlatformSupportModulesInManaged (3ms)
			SetLoadedEditorAssemblies (4ms)
			BeforeProcessingInitializeOnLoad (69ms)
			ProcessInitializeOnLoadAttributes (518ms)
			ProcessInitializeOnLoadMethodAttributes (73ms)
			AfterProcessingInitializeOnLoad (5ms)
			EditorAssembliesLoaded (0ms)
		ExecutionOrderSort2 (0ms)
		AwakeInstancesAfterBackupRestoration (11ms)
Shader Hidden/ProbeVolume/VoxelizeScene is not supported: GPU does not support conservative rasterization
Refreshing native plugins compatible for Editor in 0.53 ms, found 1 plugins.
Preloading 0 native plugins for Editor in 0.00 ms.
Unloading 13 Unused Serialized files (Serialized files now loaded: 0)
Unloading 7246 unused Assets / (5.3 MB). Loaded Objects now: 8696.
Memory consumption went from 180.8 MB to 175.5 MB.
Total: 10.655538 ms (FindLiveObjects: 0.811539 ms CreateObjectMapping: 0.645536 ms MarkObjects: 6.186442 ms  DeleteObjects: 3.010707 ms)

Prepare: number of updated asset objects reloaded= 0
========================================================================
Received Prepare
Begin MonoManager ReloadAssembly
- Loaded All Assemblies, in  0.827 seconds
Refreshing native plugins compatible for Editor in 0.50 ms, found 1 plugins.
Native extension for LinuxStandalone target not found
Mono: successfully reloaded assembly
- Finished resetting the current domain, in  1.028 seconds
Domain Reload Profiling: 1858ms
	BeginReloadAssembly (216ms)
		ExecutionOrderSort (0ms)
		DisableScriptedObjects (14ms)
		BackupInstance (0ms)
		ReleaseScriptingObjects (0ms)
		CreateAndSetChildDomain (112ms)
	RebuildCommonClasses (38ms)
	RebuildNativeTypeToScriptingClass (9ms)
	initialDomainReloadingComplete (27ms)
	LoadAllAssembliesAndSetupDomain (540ms)
		LoadAssemblies (315ms)
		RebuildTransferFunctionScriptingTraits (0ms)
		AnalyzeDomain (271ms)
			TypeCache.Refresh (9ms)
				TypeCache.ScanAssembly (0ms)
			BuildScriptInfoCaches (245ms)
			ResolveRequiredComponents (13ms)
	FinalizeReload (1028ms)
		ReleaseScriptCaches (0ms)
		RebuildScriptCaches (0ms)
		SetupLoadedEditorAssemblies (705ms)
			LogAssemblyErrors (0ms)
			InitializePlatformSupportModulesInManaged (3ms)
			SetLoadedEditorAssemblies (4ms)
			BeforeProcessingInitializeOnLoad (78ms)
			ProcessInitializeOnLoadAttributes (535ms)
			ProcessInitializeOnLoadMethodAttributes (78ms)
			AfterProcessingInitializeOnLoad (6ms)
			EditorAssembliesLoaded (1ms)
		ExecutionOrderSort2 (0ms)
		AwakeInstancesAfterBackupRestoration (13ms)
Shader Hidden/ProbeVolume/VoxelizeScene is not supported: GPU does not support conservative rasterization
Refreshing native plugins compatible for Editor in 0.46 ms, found 1 plugins.
Preloading 0 native plugins for Editor in 0.00 ms.
Unloading 13 Unused Serialized files (Serialized files now loaded: 0)
Unloading 7246 unused Assets / (5.7 MB). Loaded Objects now: 8699.
Memory consumption went from 180.8 MB to 175.1 MB.
Total: 17.492439 ms (FindLiveObjects: 1.273705 ms CreateObjectMapping: 1.542554 ms MarkObjects: 9.786588 ms  DeleteObjects: 4.887856 ms)

Prepare: number of updated asset objects reloaded= 1
========================================================================
Received Prepare
Shader Hidden/ProbeVolume/VoxelizeScene is not supported: GPU does not support conservative rasterization
Refreshing native plugins compatible for Editor in 0.74 ms, found 1 plugins.
Preloading 0 native plugins for Editor in 0.00 ms.
Unloading 13 Unused Serialized files (Serialized files now loaded: 0)
Unloading 7234 unused Assets / (5.0 MB). Loaded Objects now: 8699.
Memory consumption went from 181.0 MB to 176.0 MB.
Total: 16.234642 ms (FindLiveObjects: 1.270669 ms CreateObjectMapping: 1.322247 ms MarkObjects: 9.803190 ms  DeleteObjects: 3.837267 ms)

Prepare: number of updated asset objects reloaded= 0
========================================================================
Received Prepare
Shader Hidden/ProbeVolume/VoxelizeScene is not supported: GPU does not support conservative rasterization
Refreshing native plugins compatible for Editor in 0.91 ms, found 1 plugins.
Preloading 0 native plugins for Editor in 0.00 ms.
Unloading 13 Unused Serialized files (Serialized files now loaded: 0)
Unloading 7234 unused Assets / (6.2 MB). Loaded Objects now: 8699.
Memory consumption went from 181.0 MB to 174.8 MB.
Total: 15.013796 ms (FindLiveObjects: 1.018679 ms CreateObjectMapping: 1.187488 ms MarkObjects: 8.852903 ms  DeleteObjects: 3.953397 ms)

Prepare: number of updated asset objects reloaded= 0
========================================================================
Received Prepare
Shader Hidden/ProbeVolume/VoxelizeScene is not supported: GPU does not support conservative rasterization
Refreshing native plugins compatible for Editor in 0.52 ms, found 1 plugins.
Preloading 0 native plugins for Editor in 0.00 ms.
Unloading 13 Unused Serialized files (Serialized files now loaded: 0)
Unloading 7234 unused Assets / (5.0 MB). Loaded Objects now: 8699.
Memory consumption went from 181.0 MB to 176.1 MB.
Total: 10.823589 ms (FindLiveObjects: 0.824926 ms CreateObjectMapping: 0.867504 ms MarkObjects: 6.035006 ms  DeleteObjects: 3.094166 ms)

Prepare: number of updated asset objects reloaded= 0
========================================================================
Received Prepare
Shader Hidden/ProbeVolume/VoxelizeScene is not supported: GPU does not support conservative rasterization
Refreshing native plugins compatible for Editor in 0.50 ms, found 1 plugins.
Preloading 0 native plugins for Editor in 0.00 ms.
Unloading 13 Unused Serialized files (Serialized files now loaded: 0)
Unloading 7234 unused Assets / (4.9 MB). Loaded Objects now: 8699.
Memory consumption went from 181.0 MB to 176.2 MB.
Total: 10.442804 ms (FindLiveObjects: 0.860312 ms CreateObjectMapping: 0.807466 ms MarkObjects: 6.385074 ms  DeleteObjects: 2.388831 ms)

Prepare: number of updated asset objects reloaded= 0
========================================================================
Received Prepare
Shader Hidden/ProbeVolume/VoxelizeScene is not supported: GPU does not support conservative rasterization
Refreshing native plugins compatible for Editor in 0.90 ms, found 1 plugins.
Preloading 0 native plugins for Editor in 0.00 ms.
Unloading 13 Unused Serialized files (Serialized files now loaded: 0)
Unloading 7234 unused Assets / (3.5 MB). Loaded Objects now: 8699.
Memory consumption went from 181.0 MB to 177.5 MB.
Total: 32.731907 ms (FindLiveObjects: 2.356418 ms CreateObjectMapping: 2.479409 ms MarkObjects: 21.482859 ms  DeleteObjects: 6.410093 ms)

Prepare: number of updated asset objects reloaded= 0
========================================================================
Received Prepare
Begin MonoManager ReloadAssembly
- Loaded All Assemblies, in  0.807 seconds
Refreshing native plugins compatible for Editor in 0.57 ms, found 1 plugins.
Native extension for LinuxStandalone target not found
Mono: successfully reloaded assembly
- Finished resetting the current domain, in  1.165 seconds
Domain Reload Profiling: 1975ms
	BeginReloadAssembly (231ms)
		ExecutionOrderSort (0ms)
		DisableScriptedObjects (21ms)
		BackupInstance (0ms)
		ReleaseScriptingObjects (0ms)
		CreateAndSetChildDomain (107ms)
	RebuildCommonClasses (40ms)
	RebuildNativeTypeToScriptingClass (9ms)
	initialDomainReloadingComplete (26ms)
	LoadAllAssembliesAndSetupDomain (503ms)
		LoadAssemblies (291ms)
		RebuildTransferFunctionScriptingTraits (0ms)
		AnalyzeDomain (261ms)
			TypeCache.Refresh (12ms)
				TypeCache.ScanAssembly (1ms)
			BuildScriptInfoCaches (232ms)
			ResolveRequiredComponents (13ms)
	FinalizeReload (1166ms)
		ReleaseScriptCaches (0ms)
		RebuildScriptCaches (0ms)
		SetupLoadedEditorAssemblies (798ms)
			LogAssemblyErrors (0ms)
			InitializePlatformSupportModulesInManaged (3ms)
			SetLoadedEditorAssemblies (4ms)
			BeforeProcessingInitializeOnLoad (95ms)
			ProcessInitializeOnLoadAttributes (613ms)
			ProcessInitializeOnLoadMethodAttributes (78ms)
			AfterProcessingInitializeOnLoad (6ms)
			EditorAssembliesLoaded (1ms)
		ExecutionOrderSort2 (0ms)
		AwakeInstancesAfterBackupRestoration (14ms)
Shader Hidden/ProbeVolume/VoxelizeScene is not supported: GPU does not support conservative rasterization
Refreshing native plugins compatible for Editor in 0.73 ms, found 1 plugins.
Preloading 0 native plugins for Editor in 0.00 ms.
Unloading 13 Unused Serialized files (Serialized files now loaded: 0)
Unloading 7246 unused Assets / (5.2 MB). Loaded Objects now: 8702.
Memory consumption went from 180.8 MB to 175.6 MB.
Total: 13.453050 ms (FindLiveObjects: 1.445840 ms CreateObjectMapping: 1.290737 ms MarkObjects: 7.243093 ms  DeleteObjects: 3.472012 ms)

Prepare: number of updated asset objects reloaded= 0
========================================================================
Received Prepare
Begin MonoManager ReloadAssembly
- Loaded All Assemblies, in  0.862 seconds
Refreshing native plugins compatible for Editor in 0.77 ms, found 1 plugins.
Native extension for LinuxStandalone target not found
Mono: successfully reloaded assembly
- Finished resetting the current domain, in  0.994 seconds
Domain Reload Profiling: 1859ms
	BeginReloadAssembly (215ms)
		ExecutionOrderSort (0ms)
		DisableScriptedObjects (13ms)
		BackupInstance (0ms)
		ReleaseScriptingObjects (0ms)
		CreateAndSetChildDomain (110ms)
	RebuildCommonClasses (40ms)
	RebuildNativeTypeToScriptingClass (9ms)
	initialDomainReloadingComplete (27ms)
	LoadAllAssembliesAndSetupDomain (574ms)
		LoadAssemblies (344ms)
		RebuildTransferFunctionScriptingTraits (0ms)
		AnalyzeDomain (276ms)
			TypeCache.Refresh (9ms)
				TypeCache.ScanAssembly (0ms)
			BuildScriptInfoCaches (249ms)
			ResolveRequiredComponents (14ms)
	FinalizeReload (994ms)
		ReleaseScriptCaches (0ms)
		RebuildScriptCaches (0ms)
		SetupLoadedEditorAssemblies (665ms)
			LogAssemblyErrors (0ms)
			InitializePlatformSupportModulesInManaged (3ms)
			SetLoadedEditorAssemblies (4ms)
			BeforeProcessingInitializeOnLoad (67ms)
			ProcessInitializeOnLoadAttributes (516ms)
			ProcessInitializeOnLoadMethodAttributes (69ms)
			AfterProcessingInitializeOnLoad (5ms)
			EditorAssembliesLoaded (0ms)
		ExecutionOrderSort2 (0ms)
		AwakeInstancesAfterBackupRestoration (12ms)
Shader Hidden/ProbeVolume/VoxelizeScene is not supported: GPU does not support conservative rasterization
Refreshing native plugins compatible for Editor in 0.68 ms, found 1 plugins.
Preloading 0 native plugins for Editor in 0.00 ms.
Unloading 13 Unused Serialized files (Serialized files now loaded: 0)
Unloading 7246 unused Assets / (5.6 MB). Loaded Objects now: 8705.
Memory consumption went from 180.8 MB to 175.3 MB.
Total: 14.382330 ms (FindLiveObjects: 0.988612 ms CreateObjectMapping: 1.291318 ms MarkObjects: 7.603837 ms  DeleteObjects: 4.497039 ms)

Prepare: number of updated asset objects reloaded= 1
========================================================================
Received Prepare
Begin MonoManager ReloadAssembly
- Loaded All Assemblies, in  0.873 seconds
Refreshing native plugins compatible for Editor in 0.47 ms, found 1 plugins.
Native extension for LinuxStandalone target not found
Mono: successfully reloaded assembly
- Finished resetting the current domain, in  0.987 seconds
Domain Reload Profiling: 1863ms
	BeginReloadAssembly (260ms)
		ExecutionOrderSort (0ms)
		DisableScriptedObjects (24ms)
		BackupInstance (0ms)
		ReleaseScriptingObjects (0ms)
		CreateAndSetChildDomain (127ms)
	RebuildCommonClasses (37ms)
	RebuildNativeTypeToScriptingClass (9ms)
	initialDomainReloadingComplete (26ms)
	LoadAllAssembliesAndSetupDomain (543ms)
		LoadAssemblies (322ms)
		RebuildTransferFunctionScriptingTraits (0ms)
		AnalyzeDomain (268ms)
			TypeCache.Refresh (9ms)
				TypeCache.ScanAssembly (0ms)
			BuildScriptInfoCaches (242ms)
			ResolveRequiredComponents (13ms)
	FinalizeReload (988ms)
		ReleaseScriptCaches (0ms)
		RebuildScriptCaches (0ms)
		SetupLoadedEditorAssemblies (681ms)
			LogAssemblyErrors (0ms)
			InitializePlatformSupportModulesInManaged (3ms)
			SetLoadedEditorAssemblies (4ms)
			BeforeProcessingInitializeOnLoad (80ms)
			ProcessInitializeOnLoadAttributes (514ms)
			ProcessInitializeOnLoadMethodAttributes (74ms)
			AfterProcessingInitializeOnLoad (5ms)
			EditorAssembliesLoaded (1ms)
		ExecutionOrderSort2 (0ms)
		AwakeInstancesAfterBackupRestoration (12ms)
Shader Hidden/ProbeVolume/VoxelizeScene is not supported: GPU does not support conservative rasterization
Refreshing native plugins compatible for Editor in 0.48 ms, found 1 plugins.
Preloading 0 native plugins for Editor in 0.00 ms.
Unloading 13 Unused Serialized files (Serialized files now loaded: 0)
Unloading 7246 unused Assets / (4.2 MB). Loaded Objects now: 8708.
Memory consumption went from 180.8 MB to 176.6 MB.
Total: 13.644952 ms (FindLiveObjects: 1.281645 ms CreateObjectMapping: 1.051564 ms MarkObjects: 7.972927 ms  DeleteObjects: 3.337550 ms)

Prepare: number of updated asset objects reloaded= 0
========================================================================
Received Prepare
Shader Hidden/ProbeVolume/VoxelizeScene is not supported: GPU does not support conservative rasterization
Refreshing native plugins compatible for Editor in 0.76 ms, found 1 plugins.
Preloading 0 native plugins for Editor in 0.00 ms.
Unloading 13 Unused Serialized files (Serialized files now loaded: 0)
Unloading 7234 unused Assets / (5.8 MB). Loaded Objects now: 8708.
Memory consumption went from 181.0 MB to 175.2 MB.
Total: 14.258915 ms (FindLiveObjects: 1.119664 ms CreateObjectMapping: 1.220854 ms MarkObjects: 8.396471 ms  DeleteObjects: 3.520593 ms)

Prepare: number of updated asset objects reloaded= 0
========================================================================
Received Prepare
Begin MonoManager ReloadAssembly
- Loaded All Assemblies, in  0.858 seconds
Refreshing native plugins compatible for Editor in 0.51 ms, found 1 plugins.
Native extension for LinuxStandalone target not found
Edgegap requires Json.NET to be imported to function. To import Json.NET navigate to Window -> Package Manager -> Click the + symbol and choose 'Add package by name' -> com.unity.nuget.newtonsoft-json -> Leave version blank and click Add. If you are not currently using Edgegap you may ignore this message.
UnityEngine.Debug:ExtractStackTraceNoAlloc (byte*,int,string)
UnityEngine.StackTraceUtility:ExtractStackTrace () (at /home/bokken/build/output/unity/unity/Runtime/Export/Scripting/StackTrace.cs:37)
UnityEngine.DebugLogHandler:Internal_Log (UnityEngine.LogType,UnityEngine.LogOption,string,UnityEngine.Object)
UnityEngine.DebugLogHandler:LogFormat (UnityEngine.LogType,UnityEngine.Object,string,object[])
UnityEngine.Logger:Log (UnityEngine.LogType,object)
UnityEngine.Debug:LogWarning (object)
Newtonsoft.Json.FallbackDisplayer:Initialize () (at Assets/Mirror/Hosting/Edgegap/Newtonsoft_Package_Patch.cs:47)
System.Reflection.RuntimeMethodInfo:Invoke (object,System.Reflection.BindingFlags,System.Reflection.Binder,object[],System.Globalization.CultureInfo)
System.Reflection.MethodBase:Invoke (object,object[])
UnityEditor.EditorAssemblies:ProcessInitializeOnLoadMethodAttributes () (at /home/bokken/build/output/unity/unity/Editor/Mono/EditorAssemblies.cs:142)

(Filename: Assets/Mirror/Hosting/Edgegap/Newtonsoft_Package_Patch.cs Line: 47)

Mono: successfully reloaded assembly
- Finished resetting the current domain, in  1.404 seconds
Domain Reload Profiling: 2264ms
	BeginReloadAssembly (223ms)
		ExecutionOrderSort (0ms)
		DisableScriptedObjects (14ms)
		BackupInstance (0ms)
		ReleaseScriptingObjects (0ms)
		CreateAndSetChildDomain (117ms)
	RebuildCommonClasses (41ms)
	RebuildNativeTypeToScriptingClass (10ms)
	initialDomainReloadingComplete (29ms)
	LoadAllAssembliesAndSetupDomain (557ms)
		LoadAssemblies (330ms)
		RebuildTransferFunctionScriptingTraits (0ms)
		AnalyzeDomain (273ms)
			TypeCache.Refresh (13ms)
				TypeCache.ScanAssembly (1ms)
			BuildScriptInfoCaches (242ms)
			ResolveRequiredComponents (13ms)
	FinalizeReload (1404ms)
		ReleaseScriptCaches (0ms)
		RebuildScriptCaches (0ms)
		SetupLoadedEditorAssemblies (982ms)
			LogAssemblyErrors (0ms)
			InitializePlatformSupportModulesInManaged (4ms)
			SetLoadedEditorAssemblies (7ms)
			BeforeProcessingInitializeOnLoad (103ms)
			ProcessInitializeOnLoadAttributes (788ms)
			ProcessInitializeOnLoadMethodAttributes (74ms)
			AfterProcessingInitializeOnLoad (5ms)
			EditorAssembliesLoaded (0ms)
		ExecutionOrderSort2 (0ms)
		AwakeInstancesAfterBackupRestoration (12ms)
Shader Hidden/ProbeVolume/VoxelizeScene is not supported: GPU does not support conservative rasterization
Refreshing native plugins compatible for Editor in 0.51 ms, found 1 plugins.
Preloading 0 native plugins for Editor in 0.00 ms.
Unloading 13 Unused Serialized files (Serialized files now loaded: 0)
Unloading 7246 unused Assets / (4.5 MB). Loaded Objects now: 8711.
Memory consumption went from 180.8 MB to 176.3 MB.
Total: 9.520300 ms (FindLiveObjects: 0.812696 ms CreateObjectMapping: 0.713599 ms MarkObjects: 5.666205 ms  DeleteObjects: 2.326692 ms)

Prepare: number of updated asset objects reloaded= 0
========================================================================
Received Prepare
Begin MonoManager ReloadAssembly
- Loaded All Assemblies, in  0.942 seconds
Refreshing native plugins compatible for Editor in 0.63 ms, found 1 plugins.
Native extension for LinuxStandalone target not found
Mono: successfully reloaded assembly
- Finished resetting the current domain, in  1.261 seconds
Domain Reload Profiling: 2205ms
	BeginReloadAssembly (225ms)
		ExecutionOrderSort (0ms)
		DisableScriptedObjects (15ms)
		BackupInstance (0ms)
		ReleaseScriptingObjects (0ms)
		CreateAndSetChildDomain (119ms)
	RebuildCommonClasses (44ms)
	RebuildNativeTypeToScriptingClass (10ms)
	initialDomainReloadingComplete (31ms)
	LoadAllAssembliesAndSetupDomain (633ms)
		LoadAssemblies (347ms)
		RebuildTransferFunctionScriptingTraits (0ms)
		AnalyzeDomain (333ms)
			TypeCache.Refresh (14ms)
				TypeCache.ScanAssembly (1ms)
			BuildScriptInfoCaches (300ms)
			ResolveRequiredComponents (15ms)
	FinalizeReload (1261ms)
		ReleaseScriptCaches (0ms)
		RebuildScriptCaches (0ms)
		SetupLoadedEditorAssemblies (907ms)
			LogAssemblyErrors (0ms)
			InitializePlatformSupportModulesInManaged (3ms)
			SetLoadedEditorAssemblies (4ms)
			BeforeProcessingInitializeOnLoad (65ms)
			ProcessInitializeOnLoadAttributes (734ms)
			ProcessInitializeOnLoadMethodAttributes (93ms)
			AfterProcessingInitializeOnLoad (6ms)
			EditorAssembliesLoaded (1ms)
		ExecutionOrderSort2 (0ms)
		AwakeInstancesAfterBackupRestoration (24ms)
Shader Hidden/ProbeVolume/VoxelizeScene is not supported: GPU does not support conservative rasterization
Refreshing native plugins compatible for Editor in 0.52 ms, found 1 plugins.
Preloading 0 native plugins for Editor in 0.00 ms.
Unloading 13 Unused Serialized files (Serialized files now loaded: 0)
Unloading 7246 unused Assets / (4.3 MB). Loaded Objects now: 8714.
Memory consumption went from 180.8 MB to 176.5 MB.
Total: 10.202840 ms (FindLiveObjects: 0.784517 ms CreateObjectMapping: 0.641722 ms MarkObjects: 6.166711 ms  DeleteObjects: 2.608383 ms)

Prepare: number of updated asset objects reloaded= 0
========================================================================
Received Prepare
Begin MonoManager ReloadAssembly
- Loaded All Assemblies, in  0.794 seconds
Refreshing native plugins compatible for Editor in 0.51 ms, found 1 plugins.
Native extension for LinuxStandalone target not found
Mono: successfully reloaded assembly
- Finished resetting the current domain, in  0.972 seconds
Domain Reload Profiling: 1768ms
	BeginReloadAssembly (218ms)
		ExecutionOrderSort (0ms)
		DisableScriptedObjects (14ms)
		BackupInstance (0ms)
		ReleaseScriptingObjects (0ms)
		CreateAndSetChildDomain (111ms)
	RebuildCommonClasses (37ms)
	RebuildNativeTypeToScriptingClass (9ms)
	initialDomainReloadingComplete (26ms)
	LoadAllAssembliesAndSetupDomain (506ms)
		LoadAssemblies (300ms)
		RebuildTransferFunctionScriptingTraits (0ms)
		AnalyzeDomain (254ms)
			TypeCache.Refresh (11ms)
				TypeCache.ScanAssembly (0ms)
			BuildScriptInfoCaches (226ms)
			ResolveRequiredComponents (13ms)
	FinalizeReload (972ms)
		ReleaseScriptCaches (0ms)
		RebuildScriptCaches (0ms)
		SetupLoadedEditorAssemblies (677ms)
			LogAssemblyErrors (0ms)
			InitializePlatformSupportModulesInManaged (3ms)
			SetLoadedEditorAssemblies (4ms)
			BeforeProcessingInitializeOnLoad (63ms)
			ProcessInitializeOnLoadAttributes (503ms)
			ProcessInitializeOnLoadMethodAttributes (98ms)
			AfterProcessingInitializeOnLoad (6ms)
			EditorAssembliesLoaded (0ms)
		ExecutionOrderSort2 (0ms)
		AwakeInstancesAfterBackupRestoration (12ms)
Shader Hidden/ProbeVolume/VoxelizeScene is not supported: GPU does not support conservative rasterization
Refreshing native plugins compatible for Editor in 0.55 ms, found 1 plugins.
Preloading 0 native plugins for Editor in 0.00 ms.
Unloading 13 Unused Serialized files (Serialized files now loaded: 0)
Unloading 7246 unused Assets / (5.8 MB). Loaded Objects now: 8717.
Memory consumption went from 180.9 MB to 175.0 MB.
Total: 15.241721 ms (FindLiveObjects: 1.479470 ms CreateObjectMapping: 1.351644 ms MarkObjects: 6.757157 ms  DeleteObjects: 5.651647 ms)

Prepare: number of updated asset objects reloaded= 0
========================================================================
Received Prepare
Shader Hidden/ProbeVolume/VoxelizeScene is not supported: GPU does not support conservative rasterization
Refreshing native plugins compatible for Editor in 0.52 ms, found 1 plugins.
Preloading 0 native plugins for Editor in 0.00 ms.
Unloading 13 Unused Serialized files (Serialized files now loaded: 0)
Unloading 7235 unused Assets / (4.1 MB). Loaded Objects now: 8718.
Memory consumption went from 181.0 MB to 176.9 MB.
Total: 10.639450 ms (FindLiveObjects: 0.866361 ms CreateObjectMapping: 0.724918 ms MarkObjects: 6.190948 ms  DeleteObjects: 2.856046 ms)

Prepare: number of updated asset objects reloaded= 0
========================================================================
Received Prepare
Begin MonoManager ReloadAssembly
- Loaded All Assemblies, in  1.302 seconds
Refreshing native plugins compatible for Editor in 0.86 ms, found 1 plugins.
Native extension for LinuxStandalone target not found
Mono: successfully reloaded assembly
- Finished resetting the current domain, in  1.288 seconds
Domain Reload Profiling: 2593ms
	BeginReloadAssembly (279ms)
		ExecutionOrderSort (0ms)
		DisableScriptedObjects (22ms)
		BackupInstance (0ms)
		ReleaseScriptingObjects (0ms)
		CreateAndSetChildDomain (136ms)
	RebuildCommonClasses (52ms)
	RebuildNativeTypeToScriptingClass (13ms)
	initialDomainReloadingComplete (52ms)
	LoadAllAssembliesAndSetupDomain (909ms)
		LoadAssemblies (491ms)
		RebuildTransferFunctionScriptingTraits (0ms)
		AnalyzeDomain (471ms)
			TypeCache.Refresh (19ms)
				TypeCache.ScanAssembly (1ms)
			BuildScriptInfoCaches (422ms)
			ResolveRequiredComponents (24ms)
	FinalizeReload (1288ms)
		ReleaseScriptCaches (0ms)
		RebuildScriptCaches (0ms)
		SetupLoadedEditorAssemblies (787ms)
			LogAssemblyErrors (0ms)
			InitializePlatformSupportModulesInManaged (4ms)
			SetLoadedEditorAssemblies (6ms)
			BeforeProcessingInitializeOnLoad (90ms)
			ProcessInitializeOnLoadAttributes (604ms)
			ProcessInitializeOnLoadMethodAttributes (77ms)
			AfterProcessingInitializeOnLoad (5ms)
			EditorAssembliesLoaded (0ms)
		ExecutionOrderSort2 (0ms)
		AwakeInstancesAfterBackupRestoration (12ms)
Shader Hidden/ProbeVolume/VoxelizeScene is not supported: GPU does not support conservative rasterization
Refreshing native plugins compatible for Editor in 0.76 ms, found 1 plugins.
Preloading 0 native plugins for Editor in 0.00 ms.
Unloading 13 Unused Serialized files (Serialized files now loaded: 0)
Unloading 7247 unused Assets / (5.0 MB). Loaded Objects now: 8721.
Memory consumption went from 180.9 MB to 175.8 MB.
Total: 13.933636 ms (FindLiveObjects: 1.800396 ms CreateObjectMapping: 0.783155 ms MarkObjects: 7.624259 ms  DeleteObjects: 3.724489 ms)

Prepare: number of updated asset objects reloaded= 0
========================================================================
Received Import Request.
  Time since last request: 6626.372097 seconds.
  path: Assets/Scripts/NetworkDebugger.cs
  artifactKey: Guid(877ca6f1b4979f72d968d174873ae0f4) Importer(815301076,1909f56bfc062723c751e8b465ee728b)
Start importing Assets/Scripts/NetworkDebugger.cs using Guid(877ca6f1b4979f72d968d174873ae0f4) Importer(815301076,1909f56bfc062723c751e8b465ee728b) (PreviewImporter) -> (artifact id: 'dbb3b804be3fb1053a7950cbdff70f5d') in 0.019524668 seconds
Number of updated asset objects reloaded before import = 0Number of asset objects unloaded after import = 0

========================================================================
Received Prepare
Begin MonoManager ReloadAssembly
- Loaded All Assemblies, in  0.786 seconds
Refreshing native plugins compatible for Editor in 0.50 ms, found 1 plugins.
Native extension for LinuxStandalone target not found
Mono: successfully reloaded assembly
- Finished resetting the current domain, in  0.935 seconds
Domain Reload Profiling: 1723ms
	BeginReloadAssembly (211ms)
		ExecutionOrderSort (0ms)
		DisableScriptedObjects (15ms)
		BackupInstance (0ms)
		ReleaseScriptingObjects (0ms)
		CreateAndSetChildDomain (108ms)
	RebuildCommonClasses (37ms)
	RebuildNativeTypeToScriptingClass (9ms)
	initialDomainReloadingComplete (27ms)
	LoadAllAssembliesAndSetupDomain (503ms)
		LoadAssemblies (284ms)
		RebuildTransferFunctionScriptingTraits (0ms)
		AnalyzeDomain (262ms)
			TypeCache.Refresh (15ms)
				TypeCache.ScanAssembly (1ms)
			BuildScriptInfoCaches (230ms)
			ResolveRequiredComponents (13ms)
	FinalizeReload (935ms)
		ReleaseScriptCaches (0ms)
		RebuildScriptCaches (0ms)
		SetupLoadedEditorAssemblies (632ms)
			LogAssemblyErrors (0ms)
			InitializePlatformSupportModulesInManaged (4ms)
			SetLoadedEditorAssemblies (5ms)
			BeforeProcessingInitializeOnLoad (78ms)
			ProcessInitializeOnLoadAttributes (470ms)
			ProcessInitializeOnLoadMethodAttributes (69ms)
			AfterProcessingInitializeOnLoad (5ms)
			EditorAssembliesLoaded (0ms)
		ExecutionOrderSort2 (0ms)
		AwakeInstancesAfterBackupRestoration (12ms)
Shader Hidden/ProbeVolume/VoxelizeScene is not supported: GPU does not support conservative rasterization
Refreshing native plugins compatible for Editor in 0.58 ms, found 1 plugins.
Preloading 0 native plugins for Editor in 0.00 ms.
Unloading 13 Unused Serialized files (Serialized files now loaded: 0)
Unloading 7247 unused Assets / (4.9 MB). Loaded Objects now: 8724.
Memory consumption went from 180.9 MB to 176.0 MB.
Total: 19.958438 ms (FindLiveObjects: 1.052736 ms CreateObjectMapping: 1.261371 ms MarkObjects: 11.270937 ms  DeleteObjects: 6.372231 ms)

Prepare: number of updated asset objects reloaded= 0
========================================================================
Received Import Request.
  Time since last request: 37.591648 seconds.
  path: Assets/Scripts/NetworkDebugger.cs
  artifactKey: Guid(877ca6f1b4979f72d968d174873ae0f4) Importer(815301076,1909f56bfc062723c751e8b465ee728b)
Start importing Assets/Scripts/NetworkDebugger.cs using Guid(877ca6f1b4979f72d968d174873ae0f4) Importer(815301076,1909f56bfc062723c751e8b465ee728b) (PreviewImporter) -> (artifact id: 'ea1b7f2d904b79ad430fe33e6e8a1726') in 0.024443942 seconds
Number of updated asset objects reloaded before import = 0Number of asset objects unloaded after import = 0

========================================================================
Received Prepare
Begin MonoManager ReloadAssembly
- Loaded All Assemblies, in  0.839 seconds
Refreshing native plugins compatible for Editor in 0.51 ms, found 1 plugins.
Native extension for LinuxStandalone target not found
Mono: successfully reloaded assembly
- Finished resetting the current domain, in  1.077 seconds
Domain Reload Profiling: 1918ms
	BeginReloadAssembly (229ms)
		ExecutionOrderSort (0ms)
		DisableScriptedObjects (26ms)
		BackupInstance (0ms)
		ReleaseScriptingObjects (0ms)
		CreateAndSetChildDomain (112ms)
	RebuildCommonClasses (38ms)
	RebuildNativeTypeToScriptingClass (9ms)
	initialDomainReloadingComplete (27ms)
	LoadAllAssembliesAndSetupDomain (538ms)
		LoadAssemblies (314ms)
		RebuildTransferFunctionScriptingTraits (0ms)
		AnalyzeDomain (270ms)
			TypeCache.Refresh (9ms)
				TypeCache.ScanAssembly (0ms)
			BuildScriptInfoCaches (242ms)
			ResolveRequiredComponents (15ms)
	FinalizeReload (1078ms)
		ReleaseScriptCaches (0ms)
		RebuildScriptCaches (0ms)
		SetupLoadedEditorAssemblies (705ms)
			LogAssemblyErrors (0ms)
			InitializePlatformSupportModulesInManaged (3ms)
			SetLoadedEditorAssemblies (4ms)
			BeforeProcessingInitializeOnLoad (71ms)
			ProcessInitializeOnLoadAttributes (534ms)
			ProcessInitializeOnLoadMethodAttributes (88ms)
			AfterProcessingInitializeOnLoad (5ms)
			EditorAssembliesLoaded (0ms)
		ExecutionOrderSort2 (0ms)
		AwakeInstancesAfterBackupRestoration (13ms)
Shader Hidden/ProbeVolume/VoxelizeScene is not supported: GPU does not support conservative rasterization
Refreshing native plugins compatible for Editor in 0.50 ms, found 1 plugins.
Preloading 0 native plugins for Editor in 0.00 ms.
Unloading 13 Unused Serialized files (Serialized files now loaded: 0)
Unloading 7247 unused Assets / (5.1 MB). Loaded Objects now: 8727.
Memory consumption went from 180.9 MB to 175.8 MB.
Total: 10.558149 ms (FindLiveObjects: 0.798087 ms CreateObjectMapping: 0.702261 ms MarkObjects: 6.128029 ms  DeleteObjects: 2.927942 ms)

Prepare: number of updated asset objects reloaded= 1
========================================================================
Received Prepare
Shader Hidden/ProbeVolume/VoxelizeScene is not supported: GPU does not support conservative rasterization
Refreshing native plugins compatible for Editor in 0.48 ms, found 1 plugins.
Preloading 0 native plugins for Editor in 0.00 ms.
Unloading 13 Unused Serialized files (Serialized files now loaded: 0)
Unloading 7235 unused Assets / (4.6 MB). Loaded Objects now: 8727.
Memory consumption went from 181.1 MB to 176.5 MB.
Total: 11.230897 ms (FindLiveObjects: 0.889437 ms CreateObjectMapping: 0.897269 ms MarkObjects: 6.601299 ms  DeleteObjects: 2.841732 ms)

Prepare: number of updated asset objects reloaded= 0
========================================================================
Received Prepare
Begin MonoManager ReloadAssembly
- Loaded All Assemblies, in  0.820 seconds
Refreshing native plugins compatible for Editor in 0.55 ms, found 1 plugins.
Native extension for LinuxStandalone target not found
Mono: successfully reloaded assembly
- Finished resetting the current domain, in  0.993 seconds
Domain Reload Profiling: 1815ms
	BeginReloadAssembly (212ms)
		ExecutionOrderSort (0ms)
		DisableScriptedObjects (13ms)
		BackupInstance (0ms)
		ReleaseScriptingObjects (0ms)
		CreateAndSetChildDomain (105ms)
	RebuildCommonClasses (37ms)
	RebuildNativeTypeToScriptingClass (9ms)
	initialDomainReloadingComplete (27ms)
	LoadAllAssembliesAndSetupDomain (538ms)
		LoadAssemblies (326ms)
		RebuildTransferFunctionScriptingTraits (0ms)
		AnalyzeDomain (261ms)
			TypeCache.Refresh (11ms)
				TypeCache.ScanAssembly (1ms)
			BuildScriptInfoCaches (233ms)
			ResolveRequiredComponents (13ms)
	FinalizeReload (993ms)
		ReleaseScriptCaches (0ms)
		RebuildScriptCaches (0ms)
		SetupLoadedEditorAssemblies (697ms)
			LogAssemblyErrors (0ms)
			InitializePlatformSupportModulesInManaged (3ms)
			SetLoadedEditorAssemblies (4ms)
			BeforeProcessingInitializeOnLoad (76ms)
			ProcessInitializeOnLoadAttributes (525ms)
			ProcessInitializeOnLoadMethodAttributes (84ms)
			AfterProcessingInitializeOnLoad (5ms)
			EditorAssembliesLoaded (0ms)
		ExecutionOrderSort2 (0ms)
		AwakeInstancesAfterBackupRestoration (12ms)
Shader Hidden/ProbeVolume/VoxelizeScene is not supported: GPU does not support conservative rasterization
Refreshing native plugins compatible for Editor in 0.51 ms, found 1 plugins.
Preloading 0 native plugins for Editor in 0.00 ms.
Unloading 13 Unused Serialized files (Serialized files now loaded: 0)
Unloading 7247 unused Assets / (4.7 MB). Loaded Objects now: 8730.
Memory consumption went from 180.9 MB to 176.2 MB.
Total: 9.805471 ms (FindLiveObjects: 0.820196 ms CreateObjectMapping: 0.679145 ms MarkObjects: 5.963884 ms  DeleteObjects: 2.339620 ms)

Prepare: number of updated asset objects reloaded= 0
========================================================================
Received Prepare
Begin MonoManager ReloadAssembly
- Loaded All Assemblies, in  1.677 seconds
Refreshing native plugins compatible for Editor in 0.63 ms, found 1 plugins.
Native extension for LinuxStandalone target not found
Mono: successfully reloaded assembly
- Finished resetting the current domain, in  1.634 seconds
Domain Reload Profiling: 3315ms
	BeginReloadAssembly (459ms)
		ExecutionOrderSort (0ms)
		DisableScriptedObjects (24ms)
		BackupInstance (0ms)
		ReleaseScriptingObjects (0ms)
		CreateAndSetChildDomain (280ms)
	RebuildCommonClasses (79ms)
	RebuildNativeTypeToScriptingClass (18ms)
	initialDomainReloadingComplete (57ms)
	LoadAllAssembliesAndSetupDomain (1066ms)
		LoadAssemblies (668ms)
		RebuildTransferFunctionScriptingTraits (0ms)
		AnalyzeDomain (480ms)
			TypeCache.Refresh (13ms)
				TypeCache.ScanAssembly (0ms)
			BuildScriptInfoCaches (437ms)
			ResolveRequiredComponents (23ms)
	FinalizeReload (1635ms)
		ReleaseScriptCaches (0ms)
		RebuildScriptCaches (0ms)
		SetupLoadedEditorAssemblies (1171ms)
			LogAssemblyErrors (0ms)
			InitializePlatformSupportModulesInManaged (4ms)
			SetLoadedEditorAssemblies (6ms)
			BeforeProcessingInitializeOnLoad (112ms)
			ProcessInitializeOnLoadAttributes (907ms)
			ProcessInitializeOnLoadMethodAttributes (134ms)
			AfterProcessingInitializeOnLoad (8ms)
			EditorAssembliesLoaded (1ms)
		ExecutionOrderSort2 (0ms)
		AwakeInstancesAfterBackupRestoration (17ms)
Shader Hidden/ProbeVolume/VoxelizeScene is not supported: GPU does not support conservative rasterization
Refreshing native plugins compatible for Editor in 0.81 ms, found 1 plugins.
Preloading 0 native plugins for Editor in 0.00 ms.
Unloading 13 Unused Serialized files (Serialized files now loaded: 0)
Unloading 7247 unused Assets / (3.1 MB). Loaded Objects now: 8733.
Memory consumption went from 180.9 MB to 177.8 MB.
Total: 16.655181 ms (FindLiveObjects: 1.258403 ms CreateObjectMapping: 0.920309 ms MarkObjects: 10.455926 ms  DeleteObjects: 4.018120 ms)

Prepare: number of updated asset objects reloaded= 1
========================================================================
Received Prepare
Begin MonoManager ReloadAssembly
- Loaded All Assemblies, in  0.826 seconds
Refreshing native plugins compatible for Editor in 0.52 ms, found 1 plugins.
Native extension for LinuxStandalone target not found
Mono: successfully reloaded assembly
- Finished resetting the current domain, in  1.051 seconds
Domain Reload Profiling: 1880ms
	BeginReloadAssembly (212ms)
		ExecutionOrderSort (0ms)
		DisableScriptedObjects (13ms)
		BackupInstance (0ms)
		ReleaseScriptingObjects (0ms)
		CreateAndSetChildDomain (111ms)
	RebuildCommonClasses (37ms)
	RebuildNativeTypeToScriptingClass (9ms)
	initialDomainReloadingComplete (26ms)
	LoadAllAssembliesAndSetupDomain (542ms)
		LoadAssemblies (331ms)
		RebuildTransferFunctionScriptingTraits (0ms)
		AnalyzeDomain (256ms)
			TypeCache.Refresh (11ms)
				TypeCache.ScanAssembly (1ms)
			BuildScriptInfoCaches (228ms)
			ResolveRequiredComponents (13ms)
	FinalizeReload (1052ms)
		ReleaseScriptCaches (0ms)
		RebuildScriptCaches (0ms)
		SetupLoadedEditorAssemblies (693ms)
			LogAssemblyErrors (0ms)
			InitializePlatformSupportModulesInManaged (3ms)
			SetLoadedEditorAssemblies (4ms)
			BeforeProcessingInitializeOnLoad (68ms)
			ProcessInitializeOnLoadAttributes (531ms)
			ProcessInitializeOnLoadMethodAttributes (79ms)
			AfterProcessingInitializeOnLoad (7ms)
			EditorAssembliesLoaded (0ms)
		ExecutionOrderSort2 (0ms)
		AwakeInstancesAfterBackupRestoration (16ms)
Shader Hidden/ProbeVolume/VoxelizeScene is not supported: GPU does not support conservative rasterization
Refreshing native plugins compatible for Editor in 0.51 ms, found 1 plugins.
Preloading 0 native plugins for Editor in 0.00 ms.
Unloading 13 Unused Serialized files (Serialized files now loaded: 0)
Unloading 7247 unused Assets / (5.0 MB). Loaded Objects now: 8736.
Memory consumption went from 180.9 MB to 176.0 MB.
Total: 10.278436 ms (FindLiveObjects: 0.790109 ms CreateObjectMapping: 0.662937 ms MarkObjects: 6.235201 ms  DeleteObjects: 2.588928 ms)

Prepare: number of updated asset objects reloaded= 0
========================================================================
Received Prepare
Begin MonoManager ReloadAssembly
- Loaded All Assemblies, in  1.386 seconds
Refreshing native plugins compatible for Editor in 3.43 ms, found 1 plugins.
Native extension for LinuxStandalone target not found
Mono: successfully reloaded assembly
- Finished resetting the current domain, in  1.427 seconds
Domain Reload Profiling: 2817ms
	BeginReloadAssembly (340ms)
		ExecutionOrderSort (0ms)
		DisableScriptedObjects (30ms)
		BackupInstance (0ms)
		ReleaseScriptingObjects (0ms)
		CreateAndSetChildDomain (184ms)
	RebuildCommonClasses (66ms)
	RebuildNativeTypeToScriptingClass (18ms)
	initialDomainReloadingComplete (39ms)
	LoadAllAssembliesAndSetupDomain (927ms)
		LoadAssemblies (575ms)
		RebuildTransferFunctionScriptingTraits (0ms)
		AnalyzeDomain (412ms)
			TypeCache.Refresh (13ms)
				TypeCache.ScanAssembly (0ms)
			BuildScriptInfoCaches (368ms)
			ResolveRequiredComponents (23ms)
	FinalizeReload (1428ms)
		ReleaseScriptCaches (0ms)
		RebuildScriptCaches (0ms)
		SetupLoadedEditorAssemblies (1018ms)
			LogAssemblyErrors (0ms)
			InitializePlatformSupportModulesInManaged (4ms)
			SetLoadedEditorAssemblies (5ms)
			BeforeProcessingInitializeOnLoad (85ms)
			ProcessInitializeOnLoadAttributes (829ms)
			ProcessInitializeOnLoadMethodAttributes (90ms)
			AfterProcessingInitializeOnLoad (5ms)
			EditorAssembliesLoaded (0ms)
		ExecutionOrderSort2 (0ms)
		AwakeInstancesAfterBackupRestoration (20ms)
Shader Hidden/ProbeVolume/VoxelizeScene is not supported: GPU does not support conservative rasterization
Refreshing native plugins compatible for Editor in 0.95 ms, found 1 plugins.
Preloading 0 native plugins for Editor in 0.00 ms.
Unloading 13 Unused Serialized files (Serialized files now loaded: 0)
Unloading 7247 unused Assets / (5.2 MB). Loaded Objects now: 8739.
Memory consumption went from 180.9 MB to 175.7 MB.
Total: 14.029025 ms (FindLiveObjects: 1.599053 ms CreateObjectMapping: 1.337758 ms MarkObjects: 7.361285 ms  DeleteObjects: 3.727520 ms)

Prepare: number of updated asset objects reloaded= 1
========================================================================
Received Prepare
Begin MonoManager ReloadAssembly
- Loaded All Assemblies, in  0.800 seconds
Refreshing native plugins compatible for Editor in 0.83 ms, found 1 plugins.
Native extension for LinuxStandalone target not found
Mono: successfully reloaded assembly
- Finished resetting the current domain, in  1.131 seconds
Domain Reload Profiling: 1933ms
	BeginReloadAssembly (207ms)
		ExecutionOrderSort (0ms)
		DisableScriptedObjects (14ms)
		BackupInstance (0ms)
		ReleaseScriptingObjects (0ms)
		CreateAndSetChildDomain (104ms)
	RebuildCommonClasses (41ms)
	RebuildNativeTypeToScriptingClass (9ms)
	initialDomainReloadingComplete (26ms)
	LoadAllAssembliesAndSetupDomain (518ms)
		LoadAssemblies (305ms)
		RebuildTransferFunctionScriptingTraits (0ms)
		AnalyzeDomain (258ms)
			TypeCache.Refresh (11ms)
				TypeCache.ScanAssembly (1ms)
			BuildScriptInfoCaches (229ms)
			ResolveRequiredComponents (14ms)
	FinalizeReload (1131ms)
		ReleaseScriptCaches (0ms)
		RebuildScriptCaches (0ms)
		SetupLoadedEditorAssemblies (783ms)
			LogAssemblyErrors (0ms)
			InitializePlatformSupportModulesInManaged (3ms)
			SetLoadedEditorAssemblies (4ms)
			BeforeProcessingInitializeOnLoad (70ms)
			ProcessInitializeOnLoadAttributes (624ms)
			ProcessInitializeOnLoadMethodAttributes (74ms)
			AfterProcessingInitializeOnLoad (8ms)
			EditorAssembliesLoaded (1ms)
		ExecutionOrderSort2 (0ms)
		AwakeInstancesAfterBackupRestoration (16ms)
Shader Hidden/ProbeVolume/VoxelizeScene is not supported: GPU does not support conservative rasterization
Refreshing native plugins compatible for Editor in 0.51 ms, found 1 plugins.
Preloading 0 native plugins for Editor in 0.00 ms.
Unloading 13 Unused Serialized files (Serialized files now loaded: 0)
Unloading 7247 unused Assets / (5.5 MB). Loaded Objects now: 8742.
Memory consumption went from 180.9 MB to 175.5 MB.
Total: 11.004039 ms (FindLiveObjects: 0.802864 ms CreateObjectMapping: 0.670214 ms MarkObjects: 6.159377 ms  DeleteObjects: 3.370027 ms)

Prepare: number of updated asset objects reloaded= 0
========================================================================
Received Prepare
Shader Hidden/ProbeVolume/VoxelizeScene is not supported: GPU does not support conservative rasterization
Refreshing native plugins compatible for Editor in 0.54 ms, found 1 plugins.
Preloading 0 native plugins for Editor in 0.00 ms.
Unloading 13 Unused Serialized files (Serialized files now loaded: 0)
Unloading 7234 unused Assets / (3.6 MB). Loaded Objects now: 8741.
Memory consumption went from 181.1 MB to 177.5 MB.
Total: 15.085544 ms (FindLiveObjects: 1.141615 ms CreateObjectMapping: 0.988490 ms MarkObjects: 9.006695 ms  DeleteObjects: 3.947032 ms)

Prepare: number of updated asset objects reloaded= 0
========================================================================
Received Prepare
Begin MonoManager ReloadAssembly
- Loaded All Assemblies, in  1.089 seconds
Refreshing native plugins compatible for Editor in 0.96 ms, found 1 plugins.
Native extension for LinuxStandalone target not found
Mono: successfully reloaded assembly
- Finished resetting the current domain, in  1.625 seconds
Domain Reload Profiling: 2715ms
	BeginReloadAssembly (259ms)
		ExecutionOrderSort (0ms)
		DisableScriptedObjects (19ms)
		BackupInstance (0ms)
		ReleaseScriptingObjects (0ms)
		CreateAndSetChildDomain (116ms)
	RebuildCommonClasses (65ms)
	RebuildNativeTypeToScriptingClass (16ms)
	initialDomainReloadingComplete (42ms)
	LoadAllAssembliesAndSetupDomain (708ms)
		LoadAssemblies (373ms)
		RebuildTransferFunctionScriptingTraits (0ms)
		AnalyzeDomain (400ms)
			TypeCache.Refresh (15ms)
				TypeCache.ScanAssembly (1ms)
			BuildScriptInfoCaches (363ms)
			ResolveRequiredComponents (17ms)
	FinalizeReload (1626ms)
		ReleaseScriptCaches (0ms)
		RebuildScriptCaches (0ms)
		SetupLoadedEditorAssemblies (1128ms)
			LogAssemblyErrors (0ms)
			InitializePlatformSupportModulesInManaged (5ms)
			SetLoadedEditorAssemblies (7ms)
			BeforeProcessingInitializeOnLoad (107ms)
			ProcessInitializeOnLoadAttributes (865ms)
			ProcessInitializeOnLoadMethodAttributes (135ms)
			AfterProcessingInitializeOnLoad (9ms)
			EditorAssembliesLoaded (1ms)
		ExecutionOrderSort2 (0ms)
		AwakeInstancesAfterBackupRestoration (21ms)
Shader Hidden/ProbeVolume/VoxelizeScene is not supported: GPU does not support conservative rasterization
Refreshing native plugins compatible for Editor in 0.96 ms, found 1 plugins.
Preloading 0 native plugins for Editor in 0.00 ms.
Unloading 13 Unused Serialized files (Serialized files now loaded: 0)
Unloading 7246 unused Assets / (5.0 MB). Loaded Objects now: 8744.
Memory consumption went from 180.9 MB to 175.9 MB.
Total: 17.127195 ms (FindLiveObjects: 1.606651 ms CreateObjectMapping: 1.800687 ms MarkObjects: 10.757883 ms  DeleteObjects: 2.958556 ms)

Prepare: number of updated asset objects reloaded= 0
========================================================================
Received Prepare
Begin MonoManager ReloadAssembly
- Loaded All Assemblies, in  0.874 seconds
Refreshing native plugins compatible for Editor in 0.51 ms, found 1 plugins.
Native extension for LinuxStandalone target not found
Mono: successfully reloaded assembly
- Finished resetting the current domain, in  0.993 seconds
Domain Reload Profiling: 1869ms
	BeginReloadAssembly (231ms)
		ExecutionOrderSort (0ms)
		DisableScriptedObjects (14ms)
		BackupInstance (0ms)
		ReleaseScriptingObjects (0ms)
		CreateAndSetChildDomain (106ms)
	RebuildCommonClasses (40ms)
	RebuildNativeTypeToScriptingClass (9ms)
	initialDomainReloadingComplete (27ms)
	LoadAllAssembliesAndSetupDomain (568ms)
		LoadAssemblies (335ms)
		RebuildTransferFunctionScriptingTraits (0ms)
		AnalyzeDomain (298ms)
			TypeCache.Refresh (9ms)
				TypeCache.ScanAssembly (0ms)
			BuildScriptInfoCaches (271ms)
			ResolveRequiredComponents (14ms)
	FinalizeReload (993ms)
		ReleaseScriptCaches (0ms)
		RebuildScriptCaches (0ms)
		SetupLoadedEditorAssemblies (682ms)
			LogAssemblyErrors (0ms)
			InitializePlatformSupportModulesInManaged (3ms)
			SetLoadedEditorAssemblies (5ms)
			BeforeProcessingInitializeOnLoad (79ms)
			ProcessInitializeOnLoadAttributes (518ms)
			ProcessInitializeOnLoadMethodAttributes (72ms)
			AfterProcessingInitializeOnLoad (6ms)
			EditorAssembliesLoaded (0ms)
		ExecutionOrderSort2 (0ms)
		AwakeInstancesAfterBackupRestoration (12ms)
Shader Hidden/ProbeVolume/VoxelizeScene is not supported: GPU does not support conservative rasterization
Refreshing native plugins compatible for Editor in 0.55 ms, found 1 plugins.
Preloading 0 native plugins for Editor in 0.00 ms.
Unloading 13 Unused Serialized files (Serialized files now loaded: 0)
Unloading 7246 unused Assets / (5.3 MB). Loaded Objects now: 8747.
Memory consumption went from 180.9 MB to 175.6 MB.
Total: 13.627482 ms (FindLiveObjects: 0.958869 ms CreateObjectMapping: 1.364960 ms MarkObjects: 7.371747 ms  DeleteObjects: 3.930155 ms)

Prepare: number of updated asset objects reloaded= 1
========================================================================
Received Prepare
Begin MonoManager ReloadAssembly
- Loaded All Assemblies, in  1.228 seconds
Refreshing native plugins compatible for Editor in 0.91 ms, found 1 plugins.
Native extension for LinuxStandalone target not found
Mono: successfully reloaded assembly
- Finished resetting the current domain, in  1.307 seconds
Domain Reload Profiling: 2540ms
	BeginReloadAssembly (273ms)
		ExecutionOrderSort (0ms)
		DisableScriptedObjects (15ms)
		BackupInstance (0ms)
		ReleaseScriptingObjects (0ms)
		CreateAndSetChildDomain (154ms)
	RebuildCommonClasses (43ms)
	RebuildNativeTypeToScriptingClass (10ms)
	initialDomainReloadingComplete (30ms)
	LoadAllAssembliesAndSetupDomain (875ms)
		LoadAssemblies (463ms)
		RebuildTransferFunctionScriptingTraits (0ms)
		AnalyzeDomain (465ms)
			TypeCache.Refresh (17ms)
				TypeCache.ScanAssembly (0ms)
			BuildScriptInfoCaches (421ms)
			ResolveRequiredComponents (21ms)
	FinalizeReload (1307ms)
		ReleaseScriptCaches (0ms)
		RebuildScriptCaches (0ms)
		SetupLoadedEditorAssemblies (840ms)
			LogAssemblyErrors (0ms)
			InitializePlatformSupportModulesInManaged (3ms)
			SetLoadedEditorAssemblies (4ms)
			BeforeProcessingInitializeOnLoad (78ms)
			ProcessInitializeOnLoadAttributes (634ms)
			ProcessInitializeOnLoadMethodAttributes (113ms)
			AfterProcessingInitializeOnLoad (7ms)
			EditorAssembliesLoaded (1ms)
		ExecutionOrderSort2 (0ms)
		AwakeInstancesAfterBackupRestoration (21ms)
Shader Hidden/ProbeVolume/VoxelizeScene is not supported: GPU does not support conservative rasterization
Refreshing native plugins compatible for Editor in 0.60 ms, found 1 plugins.
Preloading 0 native plugins for Editor in 0.00 ms.
Unloading 13 Unused Serialized files (Serialized files now loaded: 0)
Unloading 7246 unused Assets / (5.4 MB). Loaded Objects now: 8750.
Memory consumption went from 181.0 MB to 175.5 MB.
Total: 14.508570 ms (FindLiveObjects: 0.889928 ms CreateObjectMapping: 0.736304 ms MarkObjects: 8.905843 ms  DeleteObjects: 3.973855 ms)

Prepare: number of updated asset objects reloaded= 0
========================================================================
Received Prepare
Begin MonoManager ReloadAssembly
- Loaded All Assemblies, in  0.842 seconds
Refreshing native plugins compatible for Editor in 0.52 ms, found 1 plugins.
Native extension for LinuxStandalone target not found
Edgegap requires Json.NET to be imported to function. To import Json.NET navigate to Window -> Package Manager -> Click the + symbol and choose 'Add package by name' -> com.unity.nuget.newtonsoft-json -> Leave version blank and click Add. If you are not currently using Edgegap you may ignore this message.
UnityEngine.Debug:ExtractStackTraceNoAlloc (byte*,int,string)
UnityEngine.StackTraceUtility:ExtractStackTrace () (at /home/bokken/build/output/unity/unity/Runtime/Export/Scripting/StackTrace.cs:37)
UnityEngine.DebugLogHandler:Internal_Log (UnityEngine.LogType,UnityEngine.LogOption,string,UnityEngine.Object)
UnityEngine.DebugLogHandler:LogFormat (UnityEngine.LogType,UnityEngine.Object,string,object[])
UnityEngine.Logger:Log (UnityEngine.LogType,object)
UnityEngine.Debug:LogWarning (object)
Newtonsoft.Json.FallbackDisplayer:Initialize () (at Assets/Mirror/Hosting/Edgegap/Newtonsoft_Package_Patch.cs:47)
System.Reflection.RuntimeMethodInfo:Invoke (object,System.Reflection.BindingFlags,System.Reflection.Binder,object[],System.Globalization.CultureInfo)
System.Reflection.MethodBase:Invoke (object,object[])
UnityEditor.EditorAssemblies:ProcessInitializeOnLoadMethodAttributes () (at /home/bokken/build/output/unity/unity/Editor/Mono/EditorAssemblies.cs:142)

(Filename: Assets/Mirror/Hosting/Edgegap/Newtonsoft_Package_Patch.cs Line: 47)

Mono: successfully reloaded assembly
- Finished resetting the current domain, in  1.468 seconds
Domain Reload Profiling: 2313ms
	BeginReloadAssembly (214ms)
		ExecutionOrderSort (0ms)
		DisableScriptedObjects (14ms)
		BackupInstance (0ms)
		ReleaseScriptingObjects (0ms)
		CreateAndSetChildDomain (111ms)
	RebuildCommonClasses (37ms)
	RebuildNativeTypeToScriptingClass (9ms)
	initialDomainReloadingComplete (29ms)
	LoadAllAssembliesAndSetupDomain (555ms)
		LoadAssemblies (303ms)
		RebuildTransferFunctionScriptingTraits (0ms)
		AnalyzeDomain (295ms)
			TypeCache.Refresh (10ms)
				TypeCache.ScanAssembly (0ms)
			BuildScriptInfoCaches (267ms)
			ResolveRequiredComponents (14ms)
	FinalizeReload (1468ms)
		ReleaseScriptCaches (0ms)
		RebuildScriptCaches (0ms)
		SetupLoadedEditorAssemblies (1039ms)
			LogAssemblyErrors (0ms)
			InitializePlatformSupportModulesInManaged (5ms)
			SetLoadedEditorAssemblies (7ms)
			BeforeProcessingInitializeOnLoad (101ms)
			ProcessInitializeOnLoadAttributes (811ms)
			ProcessInitializeOnLoadMethodAttributes (109ms)
			AfterProcessingInitializeOnLoad (7ms)
			EditorAssembliesLoaded (0ms)
		ExecutionOrderSort2 (0ms)
		AwakeInstancesAfterBackupRestoration (18ms)
Shader Hidden/ProbeVolume/VoxelizeScene is not supported: GPU does not support conservative rasterization
Refreshing native plugins compatible for Editor in 0.65 ms, found 1 plugins.
Preloading 0 native plugins for Editor in 0.00 ms.
Unloading 13 Unused Serialized files (Serialized files now loaded: 0)
Unloading 7246 unused Assets / (3.5 MB). Loaded Objects now: 8753.
Memory consumption went from 181.0 MB to 177.5 MB.
Total: 12.498060 ms (FindLiveObjects: 0.959662 ms CreateObjectMapping: 0.823707 ms MarkObjects: 7.612306 ms  DeleteObjects: 3.099881 ms)

Prepare: number of updated asset objects reloaded= 0
========================================================================
Received Prepare
Begin MonoManager ReloadAssembly
- Loaded All Assemblies, in  0.859 seconds
Refreshing native plugins compatible for Editor in 0.56 ms, found 1 plugins.
Native extension for LinuxStandalone target not found
Mono: successfully reloaded assembly
- Finished resetting the current domain, in  1.090 seconds
Domain Reload Profiling: 1951ms
	BeginReloadAssembly (228ms)
		ExecutionOrderSort (0ms)
		DisableScriptedObjects (15ms)
		BackupInstance (0ms)
		ReleaseScriptingObjects (0ms)
		CreateAndSetChildDomain (107ms)
	RebuildCommonClasses (61ms)
	RebuildNativeTypeToScriptingClass (9ms)
	initialDomainReloadingComplete (28ms)
	LoadAllAssembliesAndSetupDomain (533ms)
		LoadAssemblies (302ms)
		RebuildTransferFunctionScriptingTraits (0ms)
		AnalyzeDomain (291ms)
			TypeCache.Refresh (10ms)
				TypeCache.ScanAssembly (0ms)
			BuildScriptInfoCaches (262ms)
			ResolveRequiredComponents (16ms)
	FinalizeReload (1090ms)
		ReleaseScriptCaches (0ms)
		RebuildScriptCaches (0ms)
		SetupLoadedEditorAssemblies (711ms)
			LogAssemblyErrors (0ms)
			InitializePlatformSupportModulesInManaged (3ms)
			SetLoadedEditorAssemblies (4ms)
			BeforeProcessingInitializeOnLoad (76ms)
			ProcessInitializeOnLoadAttributes (549ms)
			ProcessInitializeOnLoadMethodAttributes (73ms)
			AfterProcessingInitializeOnLoad (5ms)
			EditorAssembliesLoaded (0ms)
		ExecutionOrderSort2 (0ms)
		AwakeInstancesAfterBackupRestoration (12ms)
Shader Hidden/ProbeVolume/VoxelizeScene is not supported: GPU does not support conservative rasterization
Refreshing native plugins compatible for Editor in 0.96 ms, found 1 plugins.
Preloading 0 native plugins for Editor in 0.00 ms.
Unloading 13 Unused Serialized files (Serialized files now loaded: 0)
Unloading 7246 unused Assets / (3.6 MB). Loaded Objects now: 8756.
Memory consumption went from 181.0 MB to 177.4 MB.
Total: 15.206874 ms (FindLiveObjects: 1.108496 ms CreateObjectMapping: 1.274028 ms MarkObjects: 9.907477 ms  DeleteObjects: 2.914986 ms)

Prepare: number of updated asset objects reloaded= 0
========================================================================
Received Prepare
Begin MonoManager ReloadAssembly
- Loaded All Assemblies, in  0.921 seconds
Refreshing native plugins compatible for Editor in 0.88 ms, found 1 plugins.
Native extension for LinuxStandalone target not found
Mono: successfully reloaded assembly
- Finished resetting the current domain, in  1.712 seconds
Domain Reload Profiling: 2636ms
	BeginReloadAssembly (241ms)
		ExecutionOrderSort (0ms)
		DisableScriptedObjects (14ms)
		BackupInstance (0ms)
		ReleaseScriptingObjects (0ms)
		CreateAndSetChildDomain (117ms)
	RebuildCommonClasses (64ms)
	RebuildNativeTypeToScriptingClass (15ms)
	initialDomainReloadingComplete (27ms)
	LoadAllAssembliesAndSetupDomain (576ms)
		LoadAssemblies (322ms)
		RebuildTransferFunctionScriptingTraits (0ms)
		AnalyzeDomain (316ms)
			TypeCache.Refresh (9ms)
				TypeCache.ScanAssembly (0ms)
			BuildScriptInfoCaches (282ms)
			ResolveRequiredComponents (20ms)
	FinalizeReload (1713ms)
		ReleaseScriptCaches (0ms)
		RebuildScriptCaches (0ms)
		SetupLoadedEditorAssemblies (1194ms)
			LogAssemblyErrors (0ms)
			InitializePlatformSupportModulesInManaged (3ms)
			SetLoadedEditorAssemblies (6ms)
			BeforeProcessingInitializeOnLoad (91ms)
			ProcessInitializeOnLoadAttributes (967ms)
			ProcessInitializeOnLoadMethodAttributes (118ms)
			AfterProcessingInitializeOnLoad (9ms)
			EditorAssembliesLoaded (1ms)
		ExecutionOrderSort2 (0ms)
		AwakeInstancesAfterBackupRestoration (24ms)
Shader Hidden/ProbeVolume/VoxelizeScene is not supported: GPU does not support conservative rasterization
Refreshing native plugins compatible for Editor in 0.93 ms, found 1 plugins.
Preloading 0 native plugins for Editor in 0.00 ms.
Unloading 13 Unused Serialized files (Serialized files now loaded: 0)
Unloading 7246 unused Assets / (4.0 MB). Loaded Objects now: 8759.
Memory consumption went from 181.0 MB to 177.0 MB.
Total: 16.360365 ms (FindLiveObjects: 1.181125 ms CreateObjectMapping: 1.675564 ms MarkObjects: 10.720752 ms  DeleteObjects: 2.780591 ms)

Prepare: number of updated asset objects reloaded= 0
========================================================================
Received Prepare
Begin MonoManager ReloadAssembly
- Loaded All Assemblies, in  0.839 seconds
Refreshing native plugins compatible for Editor in 0.90 ms, found 1 plugins.
Native extension for LinuxStandalone target not found
Mono: successfully reloaded assembly
- Finished resetting the current domain, in  1.060 seconds
Domain Reload Profiling: 1902ms
	BeginReloadAssembly (219ms)
		ExecutionOrderSort (0ms)
		DisableScriptedObjects (15ms)
		BackupInstance (0ms)
		ReleaseScriptingObjects (0ms)
		CreateAndSetChildDomain (111ms)
	RebuildCommonClasses (39ms)
	RebuildNativeTypeToScriptingClass (10ms)
	initialDomainReloadingComplete (29ms)
	LoadAllAssembliesAndSetupDomain (545ms)
		LoadAssemblies (292ms)
		RebuildTransferFunctionScriptingTraits (0ms)
		AnalyzeDomain (300ms)
			TypeCache.Refresh (9ms)
				TypeCache.ScanAssembly (0ms)
			BuildScriptInfoCaches (272ms)
			ResolveRequiredComponents (15ms)
	FinalizeReload (1061ms)
		ReleaseScriptCaches (0ms)
		RebuildScriptCaches (0ms)
		SetupLoadedEditorAssemblies (731ms)
			LogAssemblyErrors (0ms)
			InitializePlatformSupportModulesInManaged (3ms)
			SetLoadedEditorAssemblies (4ms)
			BeforeProcessingInitializeOnLoad (80ms)
			ProcessInitializeOnLoadAttributes (565ms)
			ProcessInitializeOnLoadMethodAttributes (74ms)
			AfterProcessingInitializeOnLoad (5ms)
			EditorAssembliesLoaded (0ms)
		ExecutionOrderSort2 (0ms)
		AwakeInstancesAfterBackupRestoration (12ms)
Shader Hidden/ProbeVolume/VoxelizeScene is not supported: GPU does not support conservative rasterization
Refreshing native plugins compatible for Editor in 0.56 ms, found 1 plugins.
Preloading 0 native plugins for Editor in 0.00 ms.
Unloading 13 Unused Serialized files (Serialized files now loaded: 0)
Unloading 7246 unused Assets / (4.9 MB). Loaded Objects now: 8762.
Memory consumption went from 181.0 MB to 176.1 MB.
Total: 11.405206 ms (FindLiveObjects: 0.962563 ms CreateObjectMapping: 0.784467 ms MarkObjects: 6.939874 ms  DeleteObjects: 2.717115 ms)

Prepare: number of updated asset objects reloaded= 0
========================================================================
Received Prepare
Shader Hidden/ProbeVolume/VoxelizeScene is not supported: GPU does not support conservative rasterization
Refreshing native plugins compatible for Editor in 0.59 ms, found 1 plugins.
Preloading 0 native plugins for Editor in 0.00 ms.
Unloading 13 Unused Serialized files (Serialized files now loaded: 0)
Unloading 7234 unused Assets / (4.0 MB). Loaded Objects now: 8762.
Memory consumption went from 181.2 MB to 177.1 MB.
Total: 14.085318 ms (FindLiveObjects: 0.913815 ms CreateObjectMapping: 0.950914 ms MarkObjects: 9.110444 ms  DeleteObjects: 3.108707 ms)

Prepare: number of updated asset objects reloaded= 0
========================================================================
Received Prepare
Begin MonoManager ReloadAssembly
- Loaded All Assemblies, in  1.270 seconds
Refreshing native plugins compatible for Editor in 0.52 ms, found 1 plugins.
Native extension for LinuxStandalone target not found
Mono: successfully reloaded assembly
- Finished resetting the current domain, in  1.006 seconds
Domain Reload Profiling: 2277ms
	BeginReloadAssembly (330ms)
		ExecutionOrderSort (0ms)
		DisableScriptedObjects (19ms)
		BackupInstance (0ms)
		ReleaseScriptingObjects (0ms)
		CreateAndSetChildDomain (166ms)
	RebuildCommonClasses (72ms)
	RebuildNativeTypeToScriptingClass (18ms)
	initialDomainReloadingComplete (49ms)
	LoadAllAssembliesAndSetupDomain (800ms)
		LoadAssemblies (499ms)
		RebuildTransferFunctionScriptingTraits (0ms)
		AnalyzeDomain (376ms)
			TypeCache.Refresh (18ms)
				TypeCache.ScanAssembly (1ms)
			BuildScriptInfoCaches (340ms)
			ResolveRequiredComponents (15ms)
	FinalizeReload (1007ms)
		ReleaseScriptCaches (0ms)
		RebuildScriptCaches (0ms)
		SetupLoadedEditorAssemblies (677ms)
			LogAssemblyErrors (0ms)
			InitializePlatformSupportModulesInManaged (3ms)
			SetLoadedEditorAssemblies (4ms)
			BeforeProcessingInitializeOnLoad (82ms)
			ProcessInitializeOnLoadAttributes (508ms)
			ProcessInitializeOnLoadMethodAttributes (71ms)
			AfterProcessingInitializeOnLoad (7ms)
			EditorAssembliesLoaded (1ms)
		ExecutionOrderSort2 (0ms)
		AwakeInstancesAfterBackupRestoration (17ms)
Shader Hidden/ProbeVolume/VoxelizeScene is not supported: GPU does not support conservative rasterization
Refreshing native plugins compatible for Editor in 0.95 ms, found 1 plugins.
Preloading 0 native plugins for Editor in 0.00 ms.
Unloading 13 Unused Serialized files (Serialized files now loaded: 0)
Unloading 7246 unused Assets / (4.1 MB). Loaded Objects now: 8765.
Memory consumption went from 181.0 MB to 176.9 MB.
Total: 13.986638 ms (FindLiveObjects: 1.038303 ms CreateObjectMapping: 1.035342 ms MarkObjects: 7.290400 ms  DeleteObjects: 4.620571 ms)

Prepare: number of updated asset objects reloaded= 0
========================================================================
Received Prepare
Begin MonoManager ReloadAssembly
- Loaded All Assemblies, in  0.883 seconds
Refreshing native plugins compatible for Editor in 5.61 ms, found 1 plugins.
Native extension for LinuxStandalone target not found
Mono: successfully reloaded assembly
- Finished resetting the current domain, in  0.985 seconds
Domain Reload Profiling: 1870ms
	BeginReloadAssembly (215ms)
		ExecutionOrderSort (0ms)
		DisableScriptedObjects (14ms)
		BackupInstance (0ms)
		ReleaseScriptingObjects (0ms)
		CreateAndSetChildDomain (112ms)
	RebuildCommonClasses (37ms)
	RebuildNativeTypeToScriptingClass (9ms)
	initialDomainReloadingComplete (30ms)
	LoadAllAssembliesAndSetupDomain (593ms)
		LoadAssemblies (360ms)
		RebuildTransferFunctionScriptingTraits (0ms)
		AnalyzeDomain (277ms)
			TypeCache.Refresh (9ms)
				TypeCache.ScanAssembly (0ms)
			BuildScriptInfoCaches (251ms)
			ResolveRequiredComponents (14ms)
	FinalizeReload (985ms)
		ReleaseScriptCaches (0ms)
		RebuildScriptCaches (0ms)
		SetupLoadedEditorAssemblies (678ms)
			LogAssemblyErrors (0ms)
			InitializePlatformSupportModulesInManaged (3ms)
			SetLoadedEditorAssemblies (4ms)
			BeforeProcessingInitializeOnLoad (75ms)
			ProcessInitializeOnLoadAttributes (523ms)
			ProcessInitializeOnLoadMethodAttributes (69ms)
			AfterProcessingInitializeOnLoad (5ms)
			EditorAssembliesLoaded (0ms)
		ExecutionOrderSort2 (0ms)
		AwakeInstancesAfterBackupRestoration (11ms)
Shader Hidden/ProbeVolume/VoxelizeScene is not supported: GPU does not support conservative rasterization
Refreshing native plugins compatible for Editor in 0.51 ms, found 1 plugins.
Preloading 0 native plugins for Editor in 0.00 ms.
Unloading 13 Unused Serialized files (Serialized files now loaded: 0)
Unloading 7246 unused Assets / (4.0 MB). Loaded Objects now: 8768.
Memory consumption went from 181.0 MB to 177.0 MB.
Total: 10.442828 ms (FindLiveObjects: 1.008386 ms CreateObjectMapping: 0.774609 ms MarkObjects: 6.035564 ms  DeleteObjects: 2.622909 ms)

Prepare: number of updated asset objects reloaded= 0
========================================================================
Received Prepare
Begin MonoManager ReloadAssembly
- Loaded All Assemblies, in  1.183 seconds
Refreshing native plugins compatible for Editor in 2.43 ms, found 1 plugins.
Native extension for LinuxStandalone target not found
Mono: successfully reloaded assembly
- Finished resetting the current domain, in  1.587 seconds
Domain Reload Profiling: 2773ms
	BeginReloadAssembly (288ms)
		ExecutionOrderSort (0ms)
		DisableScriptedObjects (21ms)
		BackupInstance (0ms)
		ReleaseScriptingObjects (0ms)
		CreateAndSetChildDomain (142ms)
	RebuildCommonClasses (70ms)
	RebuildNativeTypeToScriptingClass (17ms)
	initialDomainReloadingComplete (45ms)
	LoadAllAssembliesAndSetupDomain (766ms)
		LoadAssemblies (445ms)
		RebuildTransferFunctionScriptingTraits (0ms)
		AnalyzeDomain (391ms)
			TypeCache.Refresh (17ms)
				TypeCache.ScanAssembly (1ms)
			BuildScriptInfoCaches (345ms)
			ResolveRequiredComponents (23ms)
	FinalizeReload (1588ms)
		ReleaseScriptCaches (0ms)
		RebuildScriptCaches (0ms)
		SetupLoadedEditorAssemblies (1039ms)
			LogAssemblyErrors (0ms)
			InitializePlatformSupportModulesInManaged (4ms)
			SetLoadedEditorAssemblies (6ms)
			BeforeProcessingInitializeOnLoad (82ms)
			ProcessInitializeOnLoadAttributes (799ms)
			ProcessInitializeOnLoadMethodAttributes (138ms)
			AfterProcessingInitializeOnLoad (8ms)
			EditorAssembliesLoaded (1ms)
		ExecutionOrderSort2 (1ms)
		AwakeInstancesAfterBackupRestoration (23ms)
Shader Hidden/ProbeVolume/VoxelizeScene is not supported: GPU does not support conservative rasterization
Refreshing native plugins compatible for Editor in 0.95 ms, found 1 plugins.
Preloading 0 native plugins for Editor in 0.00 ms.
Unloading 13 Unused Serialized files (Serialized files now loaded: 0)
Unloading 7246 unused Assets / (3.0 MB). Loaded Objects now: 8771.
Memory consumption went from 181.0 MB to 178.0 MB.
Total: 26.134393 ms (FindLiveObjects: 1.908639 ms CreateObjectMapping: 1.991125 ms MarkObjects: 14.788688 ms  DeleteObjects: 7.441674 ms)

Prepare: number of updated asset objects reloaded= 0
========================================================================
Received Prepare
Begin MonoManager ReloadAssembly
- Loaded All Assemblies, in  0.827 seconds
Refreshing native plugins compatible for Editor in 0.47 ms, found 1 plugins.
Native extension for LinuxStandalone target not found
Mono: successfully reloaded assembly
- Finished resetting the current domain, in  0.989 seconds
Domain Reload Profiling: 1819ms
	BeginReloadAssembly (210ms)
		ExecutionOrderSort (0ms)
		DisableScriptedObjects (14ms)
		BackupInstance (0ms)
		ReleaseScriptingObjects (0ms)
		CreateAndSetChildDomain (107ms)
	RebuildCommonClasses (37ms)
	RebuildNativeTypeToScriptingClass (9ms)
	initialDomainReloadingComplete (27ms)
	LoadAllAssembliesAndSetupDomain (547ms)
		LoadAssemblies (318ms)
		RebuildTransferFunctionScriptingTraits (0ms)
		AnalyzeDomain (272ms)
			TypeCache.Refresh (9ms)
				TypeCache.ScanAssembly (0ms)
			BuildScriptInfoCaches (246ms)
			ResolveRequiredComponents (14ms)
	FinalizeReload (989ms)
		ReleaseScriptCaches (0ms)
		RebuildScriptCaches (0ms)
		SetupLoadedEditorAssemblies (676ms)
			LogAssemblyErrors (0ms)
			InitializePlatformSupportModulesInManaged (3ms)
			SetLoadedEditorAssemblies (4ms)
			BeforeProcessingInitializeOnLoad (68ms)
			ProcessInitializeOnLoadAttributes (526ms)
			ProcessInitializeOnLoadMethodAttributes (70ms)
			AfterProcessingInitializeOnLoad (5ms)
			EditorAssembliesLoaded (0ms)
		ExecutionOrderSort2 (0ms)
		AwakeInstancesAfterBackupRestoration (12ms)
Shader Hidden/ProbeVolume/VoxelizeScene is not supported: GPU does not support conservative rasterization
Refreshing native plugins compatible for Editor in 0.46 ms, found 1 plugins.
Preloading 0 native plugins for Editor in 0.00 ms.
Unloading 13 Unused Serialized files (Serialized files now loaded: 0)
Unloading 7246 unused Assets / (6.0 MB). Loaded Objects now: 8774.
Memory consumption went from 181.0 MB to 175.0 MB.
Total: 15.944708 ms (FindLiveObjects: 1.124634 ms CreateObjectMapping: 1.366443 ms MarkObjects: 9.244506 ms  DeleteObjects: 4.203773 ms)

Prepare: number of updated asset objects reloaded= 1
========================================================================
Received Prepare
Begin MonoManager ReloadAssembly
- Loaded All Assemblies, in  0.807 seconds
Refreshing native plugins compatible for Editor in 0.57 ms, found 1 plugins.
Native extension for LinuxStandalone target not found
Mono: successfully reloaded assembly
- Finished resetting the current domain, in  0.974 seconds
Domain Reload Profiling: 1784ms
	BeginReloadAssembly (215ms)
		ExecutionOrderSort (0ms)
		DisableScriptedObjects (13ms)
		BackupInstance (0ms)
		ReleaseScriptingObjects (0ms)
		CreateAndSetChildDomain (109ms)
	RebuildCommonClasses (37ms)
	RebuildNativeTypeToScriptingClass (9ms)
	initialDomainReloadingComplete (28ms)
	LoadAllAssembliesAndSetupDomain (521ms)
		LoadAssemblies (300ms)
		RebuildTransferFunctionScriptingTraits (0ms)
		AnalyzeDomain (269ms)
			TypeCache.Refresh (9ms)
				TypeCache.ScanAssembly (0ms)
			BuildScriptInfoCaches (243ms)
			ResolveRequiredComponents (14ms)
	FinalizeReload (975ms)
		ReleaseScriptCaches (0ms)
		RebuildScriptCaches (0ms)
		SetupLoadedEditorAssemblies (665ms)
			LogAssemblyErrors (0ms)
			InitializePlatformSupportModulesInManaged (3ms)
			SetLoadedEditorAssemblies (4ms)
			BeforeProcessingInitializeOnLoad (66ms)
			ProcessInitializeOnLoadAttributes (519ms)
			ProcessInitializeOnLoadMethodAttributes (69ms)
			AfterProcessingInitializeOnLoad (5ms)
			EditorAssembliesLoaded (0ms)
		ExecutionOrderSort2 (0ms)
		AwakeInstancesAfterBackupRestoration (12ms)
Shader Hidden/ProbeVolume/VoxelizeScene is not supported: GPU does not support conservative rasterization
Refreshing native plugins compatible for Editor in 0.51 ms, found 1 plugins.
Preloading 0 native plugins for Editor in 0.00 ms.
Unloading 13 Unused Serialized files (Serialized files now loaded: 0)
Unloading 7246 unused Assets / (6.3 MB). Loaded Objects now: 8777.
Memory consumption went from 181.0 MB to 174.7 MB.
Total: 12.236751 ms (FindLiveObjects: 0.880621 ms CreateObjectMapping: 0.787484 ms MarkObjects: 6.174150 ms  DeleteObjects: 4.393405 ms)

Prepare: number of updated asset objects reloaded= 1
